date,store_id,product_id,total_units_sold,total_revenue,avg_discount,promo_active,opening,received,sold,closing,reorder_lvl,lead_days,category,sub_category,brand,mrp,cost_price,shelf_life_days,supplier_id,city,store_type,floor_area_sqft,avg_daily_customers,region,temp_c,rain_mm,holiday,festival,weekend,local_event
2026-08-01,S01,P01,25,1593.9,2.67,1,90.0,0,25.0,65.0,40,1,Dairy,Fresh Milk,Amul,66.0,52.0,3.0,SUP001,Mumbai,Hypermarket,28500,3400.0,West,30.4,27.6,0,0,1,0
2026-08-01,S01,P02,7,1856.25,3.75,1,70.0,0,7.0,63.0,25,3,Dairy,Butter,Amul,275.0,235.0,180.0,SUP001,Mumbai,Hypermarket,28500,3400.0,West,30.4,27.6,0,0,1,0
2026-08-01,S01,P03,93,4158.0,3.33,1,80.0,0,93.0,0.0,45,1,Bakery,Whole Wheat Bread,Britannia,45.0,34.0,6.0,SUP002,Mumbai,Hypermarket,28500,3400.0,West,30.4,27.6,0,0,1,0
2026-08-01,S01,P04,12,2106.0,3.75,1,65.0,0,12.0,53.0,30,2,Produce,Royal Gala Apples,Farmfresh,180.0,130.0,12.0,SUP003,Mumbai,Hypermarket,28500,3400.0,West,30.4,27.6,0,0,1,0
2026-08-01,S01,P05,9,350.0,2.5,1,110.0,0,9.0,101.0,50,2,Produce,Organic Potatoes,Greenfields,40.0,25.0,12.0,SUP003,Mumbai,Hypermarket,28500,3400.0,West,30.4,27.6,0,0,1,0
2026-08-01,S01,P06,2,595.0,12.5,1,55.0,0,2.0,53.0,20,4,Beverages,Tea Gold,Tata,340.0,270.0,365.0,SUP004,Mumbai,Hypermarket,28500,3400.0,West,30.4,27.6,0,0,1,0
2026-08-01,S01,P07,10,1200.0,3.33,1,60.0,0,10.0,50.0,25,5,Personal Care,Antiseptic Soap,Dettol,125.0,95.0,730.0,SUP005,Mumbai,Hypermarket,28500,3400.0,West,30.4,27.6,0,0,1,0
2026-08-01,S01,P08,9,4446.0,5.0,1,50.0,0,9.0,41.0,20,4,Staples,Basmati Rice 5Kg,India Gate,520.0,415.0,365.0,SUP006,Mumbai,Hypermarket,28500,3400.0,West,30.4,27.6,0,0,1,0
2026-08-01,S01,P09,7,1172.5,10.0,1,60.0,0,7.0,53.0,25,3,Staples,Sunflower Oil 1L,Fortune,175.0,140.0,270.0,SUP006,Mumbai,Hypermarket,28500,3400.0,West,30.4,27.6,0,0,1,0
2026-08-01,S01,P10,10,573.0,5.0,1,75.0,0,10.0,65.0,35,3,Snacks,Gold Biscuits,Parle,60.0,45.0,180.0,SUP_UNKNOWN,Mumbai,Hypermarket,28500,3400.0,West,30.4,27.6,0,0,1,0
2026-08-01,S02,P01,23,1395.9,7.92,1,90.0,0,23.0,67.0,40,1,Dairy,Fresh Milk,Amul,66.0,52.0,3.0,SUP001,Delhi,Supermarket,16200,2250.0,North,33.0,3.7,0,0,1,0
2026-08-01,S02,P02,8,2117.5,5.0,1,70.0,0,8.0,62.0,25,3,Dairy,Butter,Amul,275.0,235.0,180.0,SUP001,Delhi,Supermarket,16200,2250.0,North,33.0,3.7,0,0,1,0
2026-08-01,S02,P03,25,1064.25,4.58,1,80.0,0,25.0,55.0,45,1,Bakery,Whole Wheat Bread,Britannia,45.0,34.0,6.0,SUP002,Delhi,Supermarket,16200,2250.0,North,33.0,3.7,0,0,1,0
2026-08-01,S02,P04,5,864.0,4.0,1,65.0,0,5.0,60.0,30,2,Produce,Royal Gala Apples,Farmfresh,180.0,130.0,12.0,SUP003,Delhi,Supermarket,16200,2250.0,North,33.0,3.7,0,0,1,0
2026-08-01,S02,P05,16,588.0,8.12,1,110.0,0,16.0,94.0,50,2,Produce,Organic Potatoes,Greenfields,40.0,25.0,12.0,SUP003,Delhi,Supermarket,16200,2250.0,North,33.0,3.7,0,0,1,0
2026-08-01,S02,P06,6,1904.0,5.0,1,55.0,0,6.0,49.0,20,4,Beverages,Tea Gold,Tata,340.0,270.0,365.0,SUP004,Delhi,Supermarket,16200,2250.0,North,33.0,3.7,0,0,1,0
2026-08-01,S02,P07,2,250.0,0.0,0,60.0,0,2.0,58.0,25,5,Personal Care,Antiseptic Soap,Dettol,125.0,95.0,730.0,SUP005,Delhi,Supermarket,16200,2250.0,North,33.0,3.7,0,0,1,0
2026-08-01,S02,P08,6,2912.0,5.0,1,50.0,0,6.0,44.0,20,4,Staples,Basmati Rice 5Kg,India Gate,520.0,415.0,365.0,SUP006,Delhi,Supermarket,16200,2250.0,North,33.0,3.7,0,0,1,0
2026-08-01,S02,P09,2,332.5,5.0,1,60.0,0,2.0,58.0,25,3,Staples,Sunflower Oil 1L,Fortune,175.0,140.0,270.0,SUP006,Delhi,Supermarket,16200,2250.0,North,33.0,3.7,0,0,1,0
2026-08-01,S02,P10,3,180.0,0.0,0,75.0,0,3.0,72.0,35,3,Snacks,Gold Biscuits,Parle,60.0,45.0,180.0,SUP_UNKNOWN,Delhi,Supermarket,16200,2250.0,North,33.0,3.7,0,0,1,0
2026-08-01,S03,P01,9,584.1,3.0,1,90.0,0,9.0,81.0,40,1,Dairy,Fresh Milk,Amul,66.0,52.0,3.0,SUP001,Bengaluru,Express,6400,2250.0,South,29.2,100.1,0,0,1,0
2026-08-01,S03,P02,4,1045.0,6.67,1,70.0,0,4.0,66.0,25,3,Dairy,Butter,Amul,275.0,235.0,180.0,SUP001,Bengaluru,Express,6400,2250.0,South,29.2,100.1,0,0,1,0
2026-08-01,S03,P03,12,510.75,5.0,1,80.0,0,12.0,68.0,45,1,Bakery,Whole Wheat Bread,Britannia,45.0,34.0,6.0,SUP002,Bengaluru,Express,6400,2250.0,South,29.2,100.1,0,0,1,0
2026-08-01,S03,P04,5,873.0,3.75,1,65.0,0,5.0,60.0,30,2,Produce,Royal Gala Apples,Farmfresh,180.0,130.0,12.0,SUP003,Bengaluru,Express,6400,2250.0,South,29.2,100.1,0,0,1,0
2026-08-01,S03,P05,4,160.0,0.0,0,110.0,0,4.0,106.0,50,2,Produce,Organic Potatoes,Greenfields,40.0,25.0,12.0,SUP003,Bengaluru,Express,6400,2250.0,South,29.2,100.1,0,0,1,0
2026-08-01,S03,P06,0,0.0,0.0,0,55.0,0,0.0,55.0,20,4,Beverages,Tea Gold,Tata,340.0,270.0,365.0,SUP004,Bengaluru,Express,6400,2250.0,South,29.2,100.1,0,0,1,0
2026-08-01,S03,P07,5,562.5,10.0,1,60.0,0,5.0,55.0,25,5,Personal Care,Antiseptic Soap,Dettol,125.0,95.0,730.0,SUP005,Bengaluru,Express,6400,2250.0,South,29.2,100.1,0,0,1,0
2026-08-01,S03,P08,0,0.0,0.0,0,50.0,0,0.0,50.0,20,4,Staples,Basmati Rice 5Kg,India Gate,520.0,415.0,365.0,SUP006,Bengaluru,Express,6400,2250.0,South,29.2,100.1,0,0,1,0
2026-08-01,S03,P09,0,0.0,0.0,0,60.0,0,0.0,60.0,25,3,Staples,Sunflower Oil 1L,Fortune,175.0,140.0,270.0,SUP006,Bengaluru,Express,6400,2250.0,South,29.2,100.1,0,0,1,0
2026-08-01,S03,P10,0,0.0,0.0,0,75.0,0,0.0,75.0,35,3,Snacks,Gold Biscuits,Parle,60.0,45.0,180.0,SUP_UNKNOWN,Bengaluru,Express,6400,2250.0,South,29.2,100.1,0,0,1,0
2026-08-01,S04,P01,7,412.5,8.75,1,90.0,0,7.0,83.0,40,1,Dairy,Fresh Milk,Amul,66.0,52.0,3.0,SUP001,Kolkata,Supermarket,14800,1850.0,East,32.4,7.6,0,0,1,0
2026-08-01,S04,P02,1,275.0,0.0,0,70.0,0,1.0,69.0,25,3,Dairy,Butter,Amul,275.0,235.0,180.0,SUP001,Kolkata,Supermarket,14800,1850.0,East,32.4,7.6,0,0,1,0
2026-08-01,S04,P03,13,562.5,3.57,1,80.0,0,13.0,67.0,45,1,Bakery,Whole Wheat Bread,Britannia,45.0,34.0,6.0,SUP002,Kolkata,Supermarket,14800,1850.0,East,32.4,7.6,0,0,1,0
2026-08-01,S04,P04,3,513.0,5.0,1,65.0,0,3.0,62.0,30,2,Produce,Royal Gala Apples,Farmfresh,180.0,130.0,12.0,SUP003,Kolkata,Supermarket,14800,1850.0,East,32.4,7.6,0,0,1,0
2026-08-01,S04,P05,12,472.0,2.5,1,110.0,0,12.0,98.0,50,2,Produce,Organic Potatoes,Greenfields,40.0,25.0,12.0,SUP003,Kolkata,Supermarket,14800,1850.0,East,32.4,7.6,0,0,1,0
2026-08-01,S04,P06,3,935.0,8.33,1,55.0,0,3.0,52.0,20,4,Beverages,Tea Gold,Tata,340.0,270.0,365.0,SUP004,Kolkata,Supermarket,14800,1850.0,East,32.4,7.6,0,0,1,0
2026-08-01,S04,P07,1,125.0,0.0,0,60.0,0,1.0,59.0,25,5,Personal Care,Antiseptic Soap,Dettol,125.0,95.0,730.0,SUP005,Kolkata,Supermarket,14800,1850.0,East,32.4,7.6,0,0,1,0
2026-08-01,S04,P08,3,1560.0,0.0,0,50.0,0,3.0,47.0,20,4,Staples,Basmati Rice 5Kg,India Gate,520.0,415.0,365.0,SUP006,Kolkata,Supermarket,14800,1850.0,East,32.4,7.6,0,0,1,0
2026-08-01,S04,P09,0,0.0,0.0,0,60.0,0,0.0,60.0,25,3,Staples,Sunflower Oil 1L,Fortune,175.0,140.0,270.0,SUP006,Kolkata,Supermarket,14800,1850.0,East,32.4,7.6,0,0,1,0
2026-08-01,S04,P10,13,726.0,6.67,1,75.0,0,13.0,62.0,35,3,Snacks,Gold Biscuits,Parle,60.0,45.0,180.0,SUP_UNKNOWN,Kolkata,Supermarket,14800,1850.0,East,32.4,7.6,0,0,1,0
2026-08-02,S01,P01,31,1976.7,4.17,1,65.0,0,31.0,34.0,40,1,Dairy,Fresh Milk,Amul,66.0,52.0,3.0,SUP001,Mumbai,Hypermarket,28500,3400.0,West,29.9,11.6,0,0,1,0
2026-08-02,S01,P02,10,2571.25,6.67,1,63.0,0,10.0,53.0,25,3,Dairy,Butter,Amul,275.0,235.0,180.0,SUP001,Mumbai,Hypermarket,28500,3400.0,West,29.9,11.6,0,0,1,0
2026-08-02,S01,P03,26,1109.25,5.28,1,0.0,90,26.0,64.0,45,1,Bakery,Whole Wheat Bread,Britannia,45.0,34.0,6.0,SUP002,Mumbai,Hypermarket,28500,3400.0,West,29.9,11.6,0,0,1,0
2026-08-02,S01,P04,1,180.0,0.0,0,53.0,0,1.0,52.0,30,2,Produce,Royal Gala Apples,Farmfresh,180.0,130.0,12.0,SUP003,Mumbai,Hypermarket,28500,3400.0,West,29.9,11.6,0,0,1,0
2026-08-02,S01,P05,29,1060.0,6.79,1,101.0,0,29.0,72.0,50,2,Produce,Organic Potatoes,Greenfields,40.0,25.0,12.0,SUP003,Mumbai,Hypermarket,28500,3400.0,West,29.9,11.6,0,0,1,0
2026-08-02,S01,P06,7,2159.0,9.29,1,53.0,0,7.0,46.0,20,4,Beverages,Tea Gold,Tata,340.0,270.0,365.0,SUP004,Mumbai,Hypermarket,28500,3400.0,West,29.9,11.6,0,0,1,0
2026-08-02,S01,P07,11,1337.5,3.75,1,50.0,0,11.0,39.0,25,5,Personal Care,Antiseptic Soap,Dettol,125.0,95.0,730.0,SUP005,Mumbai,Hypermarket,28500,3400.0,West,29.9,11.6,0,0,1,0
2026-08-02,S01,P08,5,2600.0,0.0,0,41.0,0,5.0,36.0,20,4,Staples,Basmati Rice 5Kg,India Gate,520.0,415.0,365.0,SUP006,Mumbai,Hypermarket,28500,3400.0,West,29.9,11.6,0,0,1,0
2026-08-02,S01,P09,7,1102.5,10.0,1,53.0,0,7.0,46.0,25,3,Staples,Sunflower Oil 1L,Fortune,175.0,140.0,270.0,SUP006,Mumbai,Hypermarket,28500,3400.0,West,29.9,11.6,0,0,1,0
2026-08-02,S01,P10,4,240.0,0.0,0,65.0,0,4.0,61.0,35,3,Snacks,Gold Biscuits,Parle,60.0,45.0,180.0,SUP_UNKNOWN,Mumbai,Hypermarket,28500,3400.0,West,29.9,11.6,0,0,1,0
2026-08-02,S02,P01,33,2036.1,6.94,1,67.0,0,33.0,34.0,40,1,Dairy,Fresh Milk,Amul,66.0,52.0,3.0,SUP001,Delhi,Supermarket,16200,2250.0,North,29.8,11.7,0,0,1,0
2026-08-02,S02,P02,11,2832.5,7.14,1,62.0,0,11.0,51.0,25,3,Dairy,Butter,Amul,275.0,235.0,180.0,SUP001,Delhi,Supermarket,16200,2250.0,North,29.8,11.7,0,0,1,0
2026-08-02,S02,P03,29,1237.5,5.59,1,55.0,0,29.0,26.0,45,1,Bakery,Whole Wheat Bread,Britannia,45.0,34.0,6.0,SUP002,Delhi,Supermarket,16200,2250.0,North,29.8,11.7,0,0,1,0
2026-08-02,S02,P04,9,1458.0,6.67,1,60.0,0,9.0,51.0,30,2,Produce,Royal Gala Apples,Farmfresh,180.0,130.0,12.0,SUP003,Delhi,Supermarket,16200,2250.0,North,29.8,11.7,0,0,1,0
2026-08-02,S02,P05,12,450.0,6.11,1,94.0,0,12.0,82.0,50,2,Produce,Organic Potatoes,Greenfields,40.0,25.0,12.0,SUP003,Delhi,Supermarket,16200,2250.0,North,29.8,11.7,0,0,1,0
2026-08-02,S02,P06,6,1921.0,7.5,1,49.0,0,6.0,43.0,20,4,Beverages,Tea Gold,Tata,340.0,270.0,365.0,SUP004,Delhi,Supermarket,16200,2250.0,North,29.8,11.7,0,0,1,0
2026-08-02,S02,P07,0,0.0,0.0,0,58.0,0,0.0,58.0,25,5,Personal Care,Antiseptic Soap,Dettol,125.0,95.0,730.0,SUP005,Delhi,Supermarket,16200,2250.0,North,29.8,11.7,0,0,1,0
2026-08-02,S02,P08,10,4888.0,5.83,1,44.0,0,10.0,34.0,20,4,Staples,Basmati Rice 5Kg,India Gate,520.0,415.0,365.0,SUP006,Delhi,Supermarket,16200,2250.0,North,29.8,11.7,0,0,1,0
2026-08-02,S02,P09,0,0.0,0.0,0,58.0,0,0.0,58.0,25,3,Staples,Sunflower Oil 1L,Fortune,175.0,140.0,270.0,SUP006,Delhi,Supermarket,16200,2250.0,North,29.8,11.7,0,0,1,0
2026-08-02,S02,P10,12,666.0,8.33,1,72.0,0,12.0,60.0,35,3,Snacks,Gold Biscuits,Parle,60.0,45.0,180.0,SUP_UNKNOWN,Delhi,Supermarket,16200,2250.0,North,29.8,11.7,0,0,1,0
2026-08-02,S03,P01,12,785.4,1.43,1,81.0,0,12.0,69.0,40,1,Dairy,Fresh Milk,Amul,66.0,52.0,3.0,SUP001,Bengaluru,Express,6400,2250.0,South,29.2,22.2,0,0,1,0
2026-08-02,S03,P02,5,1237.5,10.0,1,66.0,0,5.0,61.0,25,3,Dairy,Butter,Amul,275.0,235.0,180.0,SUP001,Bengaluru,Express,6400,2250.0,South,29.2,22.2,0,0,1,0
2026-08-02,S03,P03,4,175.5,5.0,1,68.0,0,4.0,64.0,45,1,Bakery,Whole Wheat Bread,Britannia,45.0,34.0,6.0,SUP002,Bengaluru,Express,6400,2250.0,South,29.2,22.2,0,0,1,0
2026-08-02,S03,P04,1,153.0,15.0,1,60.0,0,1.0,59.0,30,2,Produce,Royal Gala Apples,Farmfresh,180.0,130.0,12.0,SUP003,Bengaluru,Express,6400,2250.0,South,29.2,22.2,0,0,1,0
2026-08-02,S03,P05,7,260.0,7.5,1,106.0,0,7.0,99.0,50,2,Produce,Organic Potatoes,Greenfields,40.0,25.0,12.0,SUP003,Bengaluru,Express,6400,2250.0,South,29.2,22.2,0,0,1,0
2026-08-02,S03,P06,4,1190.0,15.0,1,55.0,0,4.0,51.0,20,4,Beverages,Tea Gold,Tata,340.0,270.0,365.0,SUP004,Bengaluru,Express,6400,2250.0,South,29.2,22.2,0,0,1,0
2026-08-02,S03,P07,1,125.0,0.0,0,55.0,0,1.0,54.0,25,5,Personal Care,Antiseptic Soap,Dettol,125.0,95.0,730.0,SUP005,Bengaluru,Express,6400,2250.0,South,29.2,22.2,0,0,1,0
2026-08-02,S03,P08,1,416.0,20.0,1,50.0,0,1.0,49.0,20,4,Staples,Basmati Rice 5Kg,India Gate,520.0,415.0,365.0,SUP006,Bengaluru,Express,6400,2250.0,South,29.2,22.2,0,0,1,0
2026-08-02,S03,P09,1,166.25,5.0,1,60.0,0,1.0,59.0,25,3,Staples,Sunflower Oil 1L,Fortune,175.0,140.0,270.0,SUP006,Bengaluru,Express,6400,2250.0,South,29.2,22.2,0,0,1,0
2026-08-02,S03,P10,1,60.0,0.0,0,75.0,0,1.0,74.0,35,3,Snacks,Gold Biscuits,Parle,60.0,45.0,180.0,SUP_UNKNOWN,Bengaluru,Express,6400,2250.0,South,29.2,22.2,0,0,1,0
2026-08-02,S04,P01,21,1300.2,6.25,1,83.0,0,21.0,62.0,40,1,Dairy,Fresh Milk,Amul,66.0,52.0,3.0,SUP001,Kolkata,Supermarket,14800,1850.0,East,30.6,28.2,0,0,1,0
2026-08-02,S04,P02,4,1100.0,0.0,0,69.0,0,4.0,65.0,25,3,Dairy,Butter,Amul,275.0,235.0,180.0,SUP001,Kolkata,Supermarket,14800,1850.0,East,30.6,28.2,0,0,1,0
2026-08-02,S04,P03,7,301.5,3.75,1,67.0,0,7.0,60.0,45,1,Bakery,Whole Wheat Bread,Britannia,45.0,34.0,6.0,SUP002,Kolkata,Supermarket,14800,1850.0,East,30.6,28.2,0,0,1,0
2026-08-02,S04,P04,5,756.0,10.0,1,62.0,0,5.0,57.0,30,2,Produce,Royal Gala Apples,Farmfresh,180.0,130.0,12.0,SUP003,Kolkata,Supermarket,14800,1850.0,East,30.6,28.2,0,0,1,0
2026-08-02,S04,P05,6,232.0,3.33,1,98.0,0,7.0,91.0,50,2,Produce,Organic Potatoes,Greenfields,40.0,25.0,12.0,SUP003,Kolkata,Supermarket,14800,1850.0,East,30.6,28.2,0,0,1,0
2026-08-02,S04,P06,0,0.0,0.0,0,52.0,0,0.0,52.0,20,4,Beverages,Tea Gold,Tata,340.0,270.0,365.0,SUP004,Kolkata,Supermarket,14800,1850.0,East,30.6,28.2,0,0,1,0
2026-08-02,S04,P07,3,375.0,0.0,0,59.0,0,3.0,56.0,25,5,Personal Care,Antiseptic Soap,Dettol,125.0,95.0,730.0,SUP005,Kolkata,Supermarket,14800,1850.0,East,30.6,28.2,0,0,1,0
2026-08-02,S04,P08,1,468.0,10.0,1,47.0,0,1.0,46.0,20,4,Staples,Basmati Rice 5Kg,India Gate,520.0,415.0,365.0,SUP006,Kolkata,Supermarket,14800,1850.0,East,30.6,28.2,0,0,1,0
2026-08-02,S04,P09,0,0.0,0.0,0,60.0,0,0.0,60.0,25,3,Staples,Sunflower Oil 1L,Fortune,175.0,140.0,270.0,SUP006,Kolkata,Supermarket,14800,1850.0,East,30.6,28.2,0,0,1,0
2026-08-02,S04,P10,2,120.0,0.0,0,62.0,0,2.0,60.0,35,3,Snacks,Gold Biscuits,Parle,60.0,45.0,180.0,SUP_UNKNOWN,Kolkata,Supermarket,14800,1850.0,East,30.6,28.2,0,0,1,0
2026-08-03,S01,P01,16,1003.2,6.0,1,34.0,100,16.0,118.0,40,1,Dairy,Fresh Milk,Amul,66.0,52.0,3.0,SUP001,Mumbai,Hypermarket,28500,3400.0,West,28.4,11.6,0,0,0,0
2026-08-03,S01,P02,4,1003.75,7.5,1,53.0,0,4.0,49.0,25,3,Dairy,Butter,Amul,275.0,235.0,180.0,SUP001,Mumbai,Hypermarket,28500,3400.0,West,28.4,11.6,0,0,0,0
2026-08-03,S01,P03,15,657.0,3.64,1,51.0,0,16.0,35.0,45,1,Bakery,Whole Wheat Bread,Britannia,45.0,34.0,6.0,SUP002,Mumbai,Hypermarket,28500,3400.0,West,28.4,11.6,0,0,0,0
2026-08-03,S01,P04,6,909.0,14.0,1,52.0,0,6.0,46.0,30,2,Produce,Royal Gala Apples,Farmfresh,180.0,130.0,12.0,SUP003,Mumbai,Hypermarket,28500,3400.0,West,28.4,11.6,0,0,0,0
2026-08-03,S01,P05,14,520.0,6.0,1,72.0,0,14.0,58.0,50,2,Produce,Organic Potatoes,Greenfields,40.0,25.0,12.0,SUP003,Mumbai,Hypermarket,28500,3400.0,West,28.4,11.6,0,0,0,0
2026-08-03,S01,P06,6,2023.0,1.0,1,46.0,0,6.0,40.0,20,4,Beverages,Tea Gold,Tata,340.0,270.0,365.0,SUP004,Mumbai,Hypermarket,28500,3400.0,West,28.4,11.6,0,0,0,0
2026-08-03,S01,P07,9,1081.25,5.0,1,39.0,0,9.0,30.0,25,5,Personal Care,Antiseptic Soap,Dettol,125.0,95.0,730.0,SUP005,Mumbai,Hypermarket,28500,3400.0,West,28.4,11.6,0,0,0,0
2026-08-03,S01,P08,7,3510.0,3.75,1,36.0,0,7.0,29.0,20,4,Staples,Basmati Rice 5Kg,India Gate,520.0,415.0,365.0,SUP006,Mumbai,Hypermarket,28500,3400.0,West,28.4,11.6,0,0,0,0
2026-08-03,S01,P09,3,446.25,15.0,1,46.0,0,3.0,43.0,25,3,Staples,Sunflower Oil 1L,Fortune,175.0,140.0,270.0,SUP006,Mumbai,Hypermarket,28500,3400.0,West,28.4,11.6,0,0,0,0
2026-08-03,S01,P10,3,180.0,0.0,0,61.0,0,3.0,58.0,35,3,Snacks,Gold Biscuits,Parle,60.0,45.0,180.0,SUP_UNKNOWN,Mumbai,Hypermarket,28500,3400.0,West,28.4,11.6,0,0,0,0
2026-08-03,S02,P01,13,768.9,10.0,1,34.0,100,13.0,121.0,40,1,Dairy,Fresh Milk,Amul,66.0,52.0,3.0,SUP001,Delhi,Supermarket,16200,2250.0,North,32.7,0.0,0,0,0,1
2026-08-03,S02,P02,3,797.5,2.5,1,51.0,0,3.0,48.0,25,3,Dairy,Butter,Amul,275.0,235.0,180.0,SUP001,Delhi,Supermarket,16200,2250.0,North,32.7,0.0,0,0,0,1
2026-08-03,S02,P03,9,387.0,5.83,1,26.0,90,9.0,107.0,45,1,Bakery,Whole Wheat Bread,Britannia,45.0,34.0,6.0,SUP002,Delhi,Supermarket,16200,2250.0,North,32.7,0.0,0,0,0,1
2026-08-03,S02,P04,5,855.0,5.0,1,51.0,0,5.0,46.0,30,2,Produce,Royal Gala Apples,Farmfresh,180.0,130.0,12.0,SUP003,Delhi,Supermarket,16200,2250.0,North,32.7,0.0,0,0,0,1
2026-08-03,S02,P05,7,258.0,10.0,1,82.0,0,7.0,75.0,50,2,Produce,Organic Potatoes,Greenfields,40.0,25.0,12.0,SUP003,Delhi,Supermarket,16200,2250.0,North,32.7,0.0,0,0,0,1
2026-08-03,S02,P06,2,646.0,5.0,1,43.0,0,2.0,41.0,20,4,Beverages,Tea Gold,Tata,340.0,270.0,365.0,SUP004,Delhi,Supermarket,16200,2250.0,North,32.7,0.0,0,0,0,1
2026-08-03,S02,P07,4,500.0,0.0,0,58.0,0,4.0,54.0,25,5,Personal Care,Antiseptic Soap,Dettol,125.0,95.0,730.0,SUP005,Delhi,Supermarket,16200,2250.0,North,32.7,0.0,0,0,0,1
2026-08-03,S02,P08,2,1014.0,2.5,1,34.0,0,2.0,32.0,20,4,Staples,Basmati Rice 5Kg,India Gate,520.0,415.0,365.0,SUP006,Delhi,Supermarket,16200,2250.0,North,32.7,0.0,0,0,0,1
2026-08-03,S02,P09,6,1050.0,0.0,0,58.0,0,6.0,52.0,25,3,Staples,Sunflower Oil 1L,Fortune,175.0,140.0,270.0,SUP006,Delhi,Supermarket,16200,2250.0,North,32.7,0.0,0,0,0,1
2026-08-03,S02,P10,3,180.0,0.0,0,60.0,0,3.0,57.0,35,3,Snacks,Gold Biscuits,Parle,60.0,45.0,180.0,SUP_UNKNOWN,Delhi,Supermarket,16200,2250.0,North,32.7,0.0,0,0,0,1
2026-08-03,S03,P01,1,66.0,0.0,0,69.0,0,1.0,68.0,40,1,Dairy,Fresh Milk,Amul,66.0,52.0,3.0,SUP001,Bengaluru,Express,6400,2250.0,South,26.0,0.0,0,0,0,0
2026-08-03,S03,P02,0,0.0,0.0,0,61.0,0,0.0,61.0,25,3,Dairy,Butter,Amul,275.0,235.0,180.0,SUP001,Bengaluru,Express,6400,2250.0,South,26.0,0.0,0,0,0,0
2026-08-03,S03,P03,0,0.0,0.0,0,64.0,0,0.0,64.0,45,1,Bakery,Whole Wheat Bread,Britannia,45.0,34.0,6.0,SUP002,Bengaluru,Express,6400,2250.0,South,26.0,0.0,0,0,0,0
2026-08-03,S03,P04,3,540.0,0.0,0,59.0,0,3.0,56.0,30,2,Produce,Royal Gala Apples,Farmfresh,180.0,130.0,12.0,SUP003,Bengaluru,Express,6400,2250.0,South,26.0,0.0,0,0,0,0
2026-08-03,S03,P05,3,120.0,0.0,0,99.0,0,3.0,96.0,50,2,Produce,Organic Potatoes,Greenfields,40.0,25.0,12.0,SUP003,Bengaluru,Express,6400,2250.0,South,26.0,0.0,0,0,0,0
2026-08-03,S03,P06,3,1020.0,0.0,0,51.0,0,3.0,48.0,20,4,Beverages,Tea Gold,Tata,340.0,270.0,365.0,SUP004,Bengaluru,Express,6400,2250.0,South,26.0,0.0,0,0,0,0
2026-08-03,S03,P07,2,231.25,7.5,1,54.0,0,2.0,52.0,25,5,Personal Care,Antiseptic Soap,Dettol,125.0,95.0,730.0,SUP005,Bengaluru,Express,6400,2250.0,South,26.0,0.0,0,0,0,0
2026-08-03,S03,P08,0,0.0,0.0,0,49.0,0,0.0,49.0,20,4,Staples,Basmati Rice 5Kg,India Gate,520.0,415.0,365.0,SUP006,Bengaluru,Express,6400,2250.0,South,26.0,0.0,0,0,0,0
2026-08-03,S03,P09,2,350.0,0.0,0,59.0,0,2.0,57.0,25,3,Staples,Sunflower Oil 1L,Fortune,175.0,140.0,270.0,SUP006,Bengaluru,Express,6400,2250.0,South,26.0,0.0,0,0,0,0
2026-08-03,S03,P10,2,120.0,0.0,0,74.0,0,2.0,72.0,35,3,Snacks,Gold Biscuits,Parle,60.0,45.0,180.0,SUP_UNKNOWN,Bengaluru,Express,6400,2250.0,South,26.0,0.0,0,0,0,0
2026-08-03,S04,P01,5,326.7,1.25,1,62.0,0,5.0,57.0,40,1,Dairy,Fresh Milk,Amul,66.0,52.0,3.0,SUP001,Kolkata,Supermarket,14800,1850.0,East,31.7,24.2,0,0,0,0
2026-08-03,S04,P02,0,0.0,0.0,0,65.0,0,0.0,65.0,25,3,Dairy,Butter,Amul,275.0,235.0,180.0,SUP001,Kolkata,Supermarket,14800,1850.0,East,31.7,24.2,0,0,0,0
2026-08-03,S04,P03,6,258.75,3.0,1,60.0,0,6.0,54.0,45,1,Bakery,Whole Wheat Bread,Britannia,45.0,34.0,6.0,SUP002,Kolkata,Supermarket,14800,1850.0,East,31.7,24.2,0,0,0,0
2026-08-03,S04,P04,4,720.0,0.0,0,57.0,0,4.0,53.0,30,2,Produce,Royal Gala Apples,Farmfresh,180.0,130.0,12.0,SUP003,Kolkata,Supermarket,14800,1850.0,East,31.7,24.2,0,0,0,0
2026-08-03,S04,P05,12,460.0,2.5,1,91.0,0,12.0,79.0,50,2,Produce,Organic Potatoes,Greenfields,40.0,25.0,12.0,SUP003,Kolkata,Supermarket,14800,1850.0,East,31.7,24.2,0,0,0,0
2026-08-03,S04,P06,6,1717.0,13.33,1,52.0,0,6.0,46.0,20,4,Beverages,Tea Gold,Tata,340.0,270.0,365.0,SUP004,Kolkata,Supermarket,14800,1850.0,East,31.7,24.2,0,0,0,0
2026-08-03,S04,P07,0,0.0,0.0,0,56.0,0,0.0,56.0,25,5,Personal Care,Antiseptic Soap,Dettol,125.0,95.0,730.0,SUP005,Kolkata,Supermarket,14800,1850.0,East,31.7,24.2,0,0,0,0
2026-08-03,S04,P08,0,0.0,0.0,0,46.0,0,0.0,46.0,20,4,Staples,Basmati Rice 5Kg,India Gate,520.0,415.0,365.0,SUP006,Kolkata,Supermarket,14800,1850.0,East,31.7,24.2,0,0,0,0
2026-08-03,S04,P09,1,166.25,5.0,1,60.0,0,1.0,59.0,25,3,Staples,Sunflower Oil 1L,Fortune,175.0,140.0,270.0,SUP006,Kolkata,Supermarket,14800,1850.0,East,31.7,24.2,0,0,0,0
2026-08-03,S04,P10,0,0.0,0.0,0,60.0,0,0.0,60.0,35,3,Snacks,Gold Biscuits,Parle,60.0,45.0,180.0,SUP_UNKNOWN,Kolkata,Supermarket,14800,1850.0,East,31.7,24.2,0,0,0,0
2026-08-04,S01,P01,21,1204.5,10.91,1,118.0,0,21.0,97.0,40,1,Dairy,Fresh Milk,Amul,66.0,52.0,3.0,SUP001,Mumbai,Hypermarket,28500,3400.0,West,30.8,8.1,0,0,0,1
2026-08-04,S01,P02,7,1828.75,3.75,1,49.0,0,7.0,42.0,25,3,Dairy,Butter,Amul,275.0,235.0,180.0,SUP001,Mumbai,Hypermarket,28500,3400.0,West,30.8,8.1,0,0,0,1
2026-08-04,S01,P03,22,976.5,1.25,1,35.0,90,22.0,103.0,45,1,Bakery,Whole Wheat Bread,Britannia,45.0,34.0,6.0,SUP002,Mumbai,Hypermarket,28500,3400.0,West,30.8,8.1,0,0,0,1
2026-08-04,S01,P04,14,2484.0,0.83,1,46.0,0,14.0,32.0,30,2,Produce,Royal Gala Apples,Farmfresh,180.0,130.0,12.0,SUP003,Mumbai,Hypermarket,28500,3400.0,West,30.8,8.1,0,0,0,1
2026-08-04,S01,P05,11,418.0,5.71,1,58.0,0,11.0,47.0,50,2,Produce,Organic Potatoes,Greenfields,40.0,25.0,12.0,SUP003,Mumbai,Hypermarket,28500,3400.0,West,30.8,8.1,0,0,0,1
2026-08-04,S01,P06,7,2380.0,0.0,0,40.0,0,7.0,33.0,20,4,Beverages,Tea Gold,Tata,340.0,270.0,365.0,SUP004,Mumbai,Hypermarket,28500,3400.0,West,30.8,8.1,0,0,0,1
2026-08-04,S01,P07,2,243.75,2.5,1,30.0,0,2.0,28.0,25,5,Personal Care,Antiseptic Soap,Dettol,125.0,95.0,730.0,SUP005,Mumbai,Hypermarket,28500,3400.0,West,30.8,8.1,0,0,0,1
2026-08-04,S01,P08,5,2522.0,5.0,1,29.0,0,5.0,24.0,20,4,Staples,Basmati Rice 5Kg,India Gate,520.0,415.0,365.0,SUP006,Mumbai,Hypermarket,28500,3400.0,West,30.8,8.1,0,0,0,1
2026-08-04,S01,P09,1,175.0,0.0,0,43.0,0,1.0,42.0,25,3,Staples,Sunflower Oil 1L,Fortune,175.0,140.0,270.0,SUP006,Mumbai,Hypermarket,28500,3400.0,West,30.8,8.1,0,0,0,1
2026-08-04,S01,P10,7,408.0,5.0,1,58.0,0,7.0,51.0,35,3,Snacks,Gold Biscuits,Parle,60.0,45.0,180.0,SUP_UNKNOWN,Mumbai,Hypermarket,28500,3400.0,West,30.8,8.1,0,0,0,1
2026-08-04,S02,P01,20,1263.9,5.0,1,121.0,0,20.0,101.0,40,1,Dairy,Fresh Milk,Amul,66.0,52.0,3.0,SUP001,Delhi,Supermarket,16200,2250.0,North,33.5,15.8,0,0,0,0
2026-08-04,S02,P02,8,2131.25,2.5,1,48.0,0,8.0,40.0,25,3,Dairy,Butter,Amul,275.0,235.0,180.0,SUP001,Delhi,Supermarket,16200,2250.0,North,33.5,15.8,0,0,0,0
2026-08-04,S02,P03,5,168.75,5.0,1,107.0,0,5.0,102.0,45,1,Bakery,Whole Wheat Bread,Britannia,45.0,34.0,6.0,SUP002,Delhi,Supermarket,16200,2250.0,North,33.5,15.8,0,0,0,0
2026-08-04,S02,P04,8,1287.0,11.25,1,46.0,0,8.0,38.0,30,2,Produce,Royal Gala Apples,Farmfresh,180.0,130.0,12.0,SUP003,Delhi,Supermarket,16200,2250.0,North,33.5,15.8,0,0,0,0
2026-08-04,S02,P05,4,150.0,6.25,1,75.0,0,4.0,71.0,50,2,Produce,Organic Potatoes,Greenfields,40.0,25.0,12.0,SUP003,Delhi,Supermarket,16200,2250.0,North,33.5,15.8,0,0,0,0
2026-08-04,S02,P06,0,0.0,0.0,0,41.0,0,0.0,41.0,20,4,Beverages,Tea Gold,Tata,340.0,270.0,365.0,SUP004,Delhi,Supermarket,16200,2250.0,North,33.5,15.8,0,0,0,0
2026-08-04,S02,P07,3,375.0,0.0,0,54.0,0,3.0,51.0,25,5,Personal Care,Antiseptic Soap,Dettol,125.0,95.0,730.0,SUP005,Delhi,Supermarket,16200,2250.0,North,33.5,15.8,0,0,0,0
2026-08-04,S02,P08,4,1820.0,12.5,1,32.0,0,4.0,28.0,20,4,Staples,Basmati Rice 5Kg,India Gate,520.0,415.0,365.0,SUP006,Delhi,Supermarket,16200,2250.0,North,33.5,15.8,0,0,0,0
2026-08-04,S02,P09,6,1050.0,0.0,0,52.0,0,6.0,46.0,25,3,Staples,Sunflower Oil 1L,Fortune,175.0,140.0,270.0,SUP006,Delhi,Supermarket,16200,2250.0,North,33.5,15.8,0,0,0,0
2026-08-04,S02,P10,1,54.0,10.0,1,57.0,0,1.0,56.0,35,3,Snacks,Gold Biscuits,Parle,60.0,45.0,180.0,SUP_UNKNOWN,Delhi,Supermarket,16200,2250.0,North,33.5,15.8,0,0,0,0
2026-08-04,S03,P01,4,250.8,5.0,1,68.0,0,4.0,64.0,40,1,Dairy,Fresh Milk,Amul,66.0,52.0,3.0,SUP001,Bengaluru,Express,6400,2250.0,South,25.6,23.9,0,0,0,0
2026-08-04,S03,P02,5,1333.75,2.5,1,61.0,0,5.0,56.0,25,3,Dairy,Butter,Amul,275.0,235.0,180.0,SUP001,Bengaluru,Express,6400,2250.0,South,25.6,23.9,0,0,0,0
2026-08-04,S03,P03,6,243.0,7.0,1,64.0,0,6.0,58.0,45,1,Bakery,Whole Wheat Bread,Britannia,45.0,34.0,6.0,SUP002,Bengaluru,Express,6400,2250.0,South,25.6,23.9,0,0,0,0
2026-08-04,S03,P04,1,180.0,0.0,0,56.0,0,1.0,55.0,30,2,Produce,Royal Gala Apples,Farmfresh,180.0,130.0,12.0,SUP003,Bengaluru,Express,6400,2250.0,South,25.6,23.9,0,0,0,0
2026-08-04,S03,P05,1,40.0,0.0,0,96.0,0,1.0,95.0,50,2,Produce,Organic Potatoes,Greenfields,40.0,25.0,12.0,SUP003,Bengaluru,Express,6400,2250.0,South,25.6,23.9,0,0,0,0
2026-08-04,S03,P06,3,952.0,5.0,1,48.0,0,3.0,45.0,20,4,Beverages,Tea Gold,Tata,340.0,270.0,365.0,SUP004,Bengaluru,Express,6400,2250.0,South,25.6,23.9,0,0,0,0
2026-08-04,S03,P07,0,0.0,0.0,0,52.0,0,0.0,52.0,25,5,Personal Care,Antiseptic Soap,Dettol,125.0,95.0,730.0,SUP005,Bengaluru,Express,6400,2250.0,South,25.6,23.9,0,0,0,0
2026-08-04,S03,P08,0,0.0,0.0,0,49.0,0,0.0,49.0,20,4,Staples,Basmati Rice 5Kg,India Gate,520.0,415.0,365.0,SUP006,Bengaluru,Express,6400,2250.0,South,25.6,23.9,0,0,0,0
2026-08-04,S03,P09,2,350.0,0.0,0,57.0,0,2.0,55.0,25,3,Staples,Sunflower Oil 1L,Fortune,175.0,140.0,270.0,SUP006,Bengaluru,Express,6400,2250.0,South,25.6,23.9,0,0,0,0
2026-08-04,S03,P10,0,0.0,0.0,0,72.0,0,0.0,72.0,35,3,Snacks,Gold Biscuits,Parle,60.0,45.0,180.0,SUP_UNKNOWN,Bengaluru,Express,6400,2250.0,South,25.6,23.9,0,0,0,0
2026-08-04,S04,P01,14,858.0,5.83,1,57.0,0,14.0,43.0,40,1,Dairy,Fresh Milk,Amul,66.0,52.0,3.0,SUP001,Kolkata,Supermarket,14800,1850.0,East,32.9,0.0,0,0,0,1
2026-08-04,S04,P02,5,1347.5,5.0,1,65.0,0,5.0,60.0,25,3,Dairy,Butter,Amul,275.0,235.0,180.0,SUP001,Kolkata,Supermarket,14800,1850.0,East,32.9,0.0,0,0,0,1
2026-08-04,S04,P03,5,216.0,3.33,1,54.0,0,5.0,49.0,45,1,Bakery,Whole Wheat Bread,Britannia,45.0,34.0,6.0,SUP002,Kolkata,Supermarket,14800,1850.0,East,32.9,0.0,0,0,0,1
2026-08-04,S04,P04,5,900.0,0.0,0,53.0,0,5.0,48.0,30,2,Produce,Royal Gala Apples,Farmfresh,180.0,130.0,12.0,SUP003,Kolkata,Supermarket,14800,1850.0,East,32.9,0.0,0,0,0,1
2026-08-04,S04,P05,6,216.0,10.0,1,79.0,0,6.0,73.0,50,2,Produce,Organic Potatoes,Greenfields,40.0,25.0,12.0,SUP003,Kolkata,Supermarket,14800,1850.0,East,32.9,0.0,0,0,0,1
2026-08-04,S04,P06,2,612.0,10.0,1,46.0,0,2.0,44.0,20,4,Beverages,Tea Gold,Tata,340.0,270.0,365.0,SUP004,Kolkata,Supermarket,14800,1850.0,East,32.9,0.0,0,0,0,1
2026-08-04,S04,P07,0,0.0,0.0,0,56.0,0,0.0,56.0,25,5,Personal Care,Antiseptic Soap,Dettol,125.0,95.0,730.0,SUP005,Kolkata,Supermarket,14800,1850.0,East,32.9,0.0,0,0,0,1
2026-08-04,S04,P08,0,0.0,0.0,0,46.0,0,0.0,46.0,20,4,Staples,Basmati Rice 5Kg,India Gate,520.0,415.0,365.0,SUP006,Kolkata,Supermarket,14800,1850.0,East,32.9,0.0,0,0,0,1
2026-08-04,S04,P09,1,157.5,10.0,1,59.0,0,1.0,58.0,25,3,Staples,Sunflower Oil 1L,Fortune,175.0,140.0,270.0,SUP006,Kolkata,Supermarket,14800,1850.0,East,32.9,0.0,0,0,0,1
2026-08-04,S04,P10,4,189.0,17.5,1,60.0,0,4.0,56.0,35,3,Snacks,Gold Biscuits,Parle,60.0,45.0,180.0,SUP_UNKNOWN,Kolkata,Supermarket,14800,1850.0,East,32.9,0.0,0,0,0,1
2026-08-05,S01,P01,20,1221.0,6.82,1,97.0,0,20.0,77.0,40,1,Dairy,Fresh Milk,Amul,66.0,52.0,3.0,SUP001,Mumbai,Hypermarket,28500,3400.0,West,30.5,43.3,0,0,0,1
2026-08-05,S01,P02,2,536.25,2.5,1,42.0,0,2.0,40.0,25,3,Dairy,Butter,Amul,275.0,235.0,180.0,SUP001,Mumbai,Hypermarket,28500,3400.0,West,30.5,43.3,0,0,0,1
2026-08-05,S01,P03,13,553.5,4.38,1,103.0,0,13.0,90.0,45,1,Bakery,Whole Wheat Bread,Britannia,45.0,34.0,6.0,SUP002,Mumbai,Hypermarket,28500,3400.0,West,30.5,43.3,0,0,0,1
2026-08-05,S01,P04,2,360.0,0.0,0,32.0,0,2.0,30.0,30,2,Produce,Royal Gala Apples,Farmfresh,180.0,130.0,12.0,SUP003,Mumbai,Hypermarket,28500,3400.0,West,30.5,43.3,0,0,0,1
2026-08-05,S01,P05,5,194.0,3.0,1,47.0,0,5.0,42.0,50,2,Produce,Organic Potatoes,Greenfields,40.0,25.0,12.0,SUP003,Mumbai,Hypermarket,28500,3400.0,West,30.5,43.3,0,0,0,1
2026-08-05,S01,P06,9,3043.0,1.0,1,33.0,0,9.0,24.0,20,4,Beverages,Tea Gold,Tata,340.0,270.0,365.0,SUP004,Mumbai,Hypermarket,28500,3400.0,West,30.5,43.3,0,0,0,1
2026-08-05,S01,P07,1,106.25,15.0,1,28.0,0,1.0,27.0,25,5,Personal Care,Antiseptic Soap,Dettol,125.0,95.0,730.0,SUP005,Mumbai,Hypermarket,28500,3400.0,West,30.5,43.3,0,0,0,1
2026-08-05,S01,P08,7,3172.0,10.0,1,24.0,0,7.0,17.0,20,4,Staples,Basmati Rice 5Kg,India Gate,520.0,415.0,365.0,SUP006,Mumbai,Hypermarket,28500,3400.0,West,30.5,43.3,0,0,0,1
2026-08-05,S01,P09,2,341.25,2.5,1,42.0,0,2.0,40.0,25,3,Staples,Sunflower Oil 1L,Fortune,175.0,140.0,270.0,SUP006,Mumbai,Hypermarket,28500,3400.0,West,30.5,43.3,0,0,0,1
2026-08-05,S01,P10,11,660.0,0.0,0,51.0,0,11.0,40.0,35,3,Snacks,Gold Biscuits,Parle,60.0,45.0,180.0,SUP_UNKNOWN,Mumbai,Hypermarket,28500,3400.0,West,30.5,43.3,0,0,0,1
2026-08-05,S02,P01,6,389.4,2.5,1,101.0,0,6.0,95.0,40,1,Dairy,Fresh Milk,Amul,66.0,52.0,3.0,SUP001,Delhi,Supermarket,16200,2250.0,North,34.8,5.4,0,0,0,0
2026-08-05,S02,P02,10,2626.25,7.0,1,40.0,0,10.0,30.0,25,3,Dairy,Butter,Amul,275.0,235.0,180.0,SUP001,Delhi,Supermarket,16200,2250.0,North,34.8,5.4,0,0,0,0
2026-08-05,S02,P03,11,481.5,4.0,1,102.0,0,11.0,91.0,45,1,Bakery,Whole Wheat Bread,Britannia,45.0,34.0,6.0,SUP002,Delhi,Supermarket,16200,2250.0,North,34.8,5.4,0,0,0,0
2026-08-05,S02,P04,11,1872.0,5.0,1,38.0,0,11.0,27.0,30,2,Produce,Royal Gala Apples,Farmfresh,180.0,130.0,12.0,SUP003,Delhi,Supermarket,16200,2250.0,North,34.8,5.4,0,0,0,0
2026-08-05,S02,P05,5,188.0,7.5,1,71.0,0,5.0,66.0,50,2,Produce,Organic Potatoes,Greenfields,40.0,25.0,12.0,SUP003,Delhi,Supermarket,16200,2250.0,North,34.8,5.4,0,0,0,0
2026-08-05,S02,P06,0,0.0,0.0,0,41.0,0,0.0,41.0,20,4,Beverages,Tea Gold,Tata,340.0,270.0,365.0,SUP004,Delhi,Supermarket,16200,2250.0,North,34.8,5.4,0,0,0,0
2026-08-05,S02,P07,5,587.5,5.0,1,51.0,0,5.0,46.0,25,5,Personal Care,Antiseptic Soap,Dettol,125.0,95.0,730.0,SUP005,Delhi,Supermarket,16200,2250.0,North,34.8,5.4,0,0,0,0
2026-08-05,S02,P08,5,2210.0,15.0,1,28.0,0,5.0,23.0,20,4,Staples,Basmati Rice 5Kg,India Gate,520.0,415.0,365.0,SUP006,Delhi,Supermarket,16200,2250.0,North,34.8,5.4,0,0,0,0
2026-08-05,S02,P09,4,700.0,0.0,0,46.0,0,4.0,42.0,25,3,Staples,Sunflower Oil 1L,Fortune,175.0,140.0,270.0,SUP006,Delhi,Supermarket,16200,2250.0,North,34.8,5.4,0,0,0,0
2026-08-05,S02,P10,1,48.0,20.0,1,56.0,0,1.0,55.0,35,3,Snacks,Gold Biscuits,Parle,60.0,45.0,180.0,SUP_UNKNOWN,Delhi,Supermarket,16200,2250.0,North,34.8,5.4,0,0,0,0
2026-08-05,S03,P01,3,191.4,5.0,1,64.0,0,3.0,61.0,40,1,Dairy,Fresh Milk,Amul,66.0,52.0,3.0,SUP001,Bengaluru,Express,6400,2250.0,South,23.7,12.4,0,0,0,0
2026-08-05,S03,P02,0,0.0,0.0,0,56.0,0,0.0,56.0,25,3,Dairy,Butter,Amul,275.0,235.0,180.0,SUP001,Bengaluru,Express,6400,2250.0,South,23.7,12.4,0,0,0,0
2026-08-05,S03,P03,0,0.0,0.0,0,58.0,0,0.0,58.0,45,1,Bakery,Whole Wheat Bread,Britannia,45.0,34.0,6.0,SUP002,Bengaluru,Express,6400,2250.0,South,23.7,12.4,0,0,0,0
2026-08-05,S03,P04,1,180.0,0.0,0,55.0,0,1.0,54.0,30,2,Produce,Royal Gala Apples,Farmfresh,180.0,130.0,12.0,SUP003,Bengaluru,Express,6400,2250.0,South,23.7,12.4,0,0,0,0
2026-08-05,S03,P05,8,312.0,3.33,1,95.0,0,8.0,87.0,50,2,Produce,Organic Potatoes,Greenfields,40.0,25.0,12.0,SUP003,Bengaluru,Express,6400,2250.0,South,23.7,12.4,0,0,0,0
2026-08-05,S03,P06,0,0.0,0.0,0,45.0,0,0.0,45.0,20,4,Beverages,Tea Gold,Tata,340.0,270.0,365.0,SUP004,Bengaluru,Express,6400,2250.0,South,23.7,12.4,0,0,0,0
2026-08-05,S03,P07,4,450.0,10.0,1,52.0,0,4.0,48.0,25,5,Personal Care,Antiseptic Soap,Dettol,125.0,95.0,730.0,SUP005,Bengaluru,Express,6400,2250.0,South,23.7,12.4,0,0,0,0
2026-08-05,S03,P08,2,1040.0,0.0,0,49.0,0,2.0,47.0,20,4,Staples,Basmati Rice 5Kg,India Gate,520.0,415.0,365.0,SUP006,Bengaluru,Express,6400,2250.0,South,23.7,12.4,0,0,0,0
2026-08-05,S03,P09,0,0.0,0.0,0,55.0,0,0.0,55.0,25,3,Staples,Sunflower Oil 1L,Fortune,175.0,140.0,270.0,SUP006,Bengaluru,Express,6400,2250.0,South,23.7,12.4,0,0,0,0
2026-08-05,S03,P10,1,51.0,15.0,1,72.0,0,1.0,71.0,35,3,Snacks,Gold Biscuits,Parle,60.0,45.0,180.0,SUP_UNKNOWN,Bengaluru,Express,6400,2250.0,South,23.7,12.4,0,0,0,0
2026-08-05,S04,P01,14,887.7,2.78,1,43.0,0,14.0,29.0,40,1,Dairy,Fresh Milk,Amul,66.0,52.0,3.0,SUP001,Kolkata,Supermarket,14800,1850.0,East,33.0,0.0,0,0,0,0
2026-08-05,S04,P02,11,2612.5,13.33,1,60.0,0,11.0,49.0,25,3,Dairy,Butter,Amul,275.0,235.0,180.0,SUP001,Kolkata,Supermarket,14800,1850.0,East,33.0,0.0,0,0,0,0
2026-08-05,S04,P03,9,387.0,5.0,1,49.0,0,9.0,40.0,45,1,Bakery,Whole Wheat Bread,Britannia,45.0,34.0,6.0,SUP002,Kolkata,Supermarket,14800,1850.0,East,33.0,0.0,0,0,0,0
2026-08-05,S04,P04,3,522.0,5.0,1,48.0,0,3.0,45.0,30,2,Produce,Royal Gala Apples,Farmfresh,180.0,130.0,12.0,SUP003,Kolkata,Supermarket,14800,1850.0,East,33.0,0.0,0,0,0,0
2026-08-05,S04,P05,11,426.0,3.75,1,73.0,0,11.0,62.0,50,2,Produce,Organic Potatoes,Greenfields,40.0,25.0,12.0,SUP003,Kolkata,Supermarket,14800,1850.0,East,33.0,0.0,0,0,0,0
2026-08-05,S04,P06,3,986.0,3.33,1,44.0,0,3.0,41.0,20,4,Beverages,Tea Gold,Tata,340.0,270.0,365.0,SUP004,Kolkata,Supermarket,14800,1850.0,East,33.0,0.0,0,0,0,0
2026-08-05,S04,P07,0,0.0,0.0,0,56.0,0,0.0,56.0,25,5,Personal Care,Antiseptic Soap,Dettol,125.0,95.0,730.0,SUP005,Kolkata,Supermarket,14800,1850.0,East,33.0,0.0,0,0,0,0
2026-08-05,S04,P08,0,0.0,0.0,0,46.0,0,0.0,46.0,20,4,Staples,Basmati Rice 5Kg,India Gate,520.0,415.0,365.0,SUP006,Kolkata,Supermarket,14800,1850.0,East,33.0,0.0,0,0,0,0
2026-08-05,S04,P09,0,0.0,0.0,0,58.0,0,0.0,58.0,25,3,Staples,Sunflower Oil 1L,Fortune,175.0,140.0,270.0,SUP006,Kolkata,Supermarket,14800,1850.0,East,33.0,0.0,0,0,0,0
2026-08-05,S04,P10,0,0.0,0.0,0,56.0,0,0.0,56.0,35,3,Snacks,Gold Biscuits,Parle,60.0,45.0,180.0,SUP_UNKNOWN,Kolkata,Supermarket,14800,1850.0,East,33.0,0.0,0,0,0,0
2026-08-06,S01,P01,20,1263.9,4.55,1,77.0,0,23.0,54.0,40,1,Dairy,Fresh Milk,Amul,66.0,52.0,3.0,SUP001,Mumbai,Hypermarket,28500,3400.0,West,29.4,37.0,0,0,0,0
2026-08-06,S01,P02,4,1045.0,5.0,1,40.0,0,4.0,36.0,25,3,Dairy,Butter,Amul,275.0,235.0,180.0,SUP001,Mumbai,Hypermarket,28500,3400.0,West,29.4,37.0,0,0,0,0
2026-08-06,S01,P03,15,643.5,6.0,1,90.0,0,15.0,75.0,45,1,Bakery,Whole Wheat Bread,Britannia,45.0,34.0,6.0,SUP002,Mumbai,Hypermarket,28500,3400.0,West,29.4,37.0,0,0,0,0
2026-08-06,S01,P04,4,684.0,5.0,1,30.0,0,4.0,26.0,30,2,Produce,Royal Gala Apples,Farmfresh,180.0,130.0,12.0,SUP003,Mumbai,Hypermarket,28500,3400.0,West,29.4,37.0,0,0,0,0
2026-08-06,S01,P05,84,3320.0,6.67,1,42.0,120,84.0,78.0,50,2,Produce,Organic Potatoes,Greenfields,40.0,25.0,12.0,SUP003,Mumbai,Hypermarket,28500,3400.0,West,29.4,37.0,0,0,0,0
2026-08-06,S01,P06,5,1513.0,7.5,1,24.0,0,5.0,19.0,20,4,Beverages,Tea Gold,Tata,340.0,270.0,365.0,SUP004,Mumbai,Hypermarket,28500,3400.0,West,29.4,37.0,0,0,0,0
2026-08-06,S01,P07,2,237.5,5.0,1,27.0,0,2.0,25.0,25,5,Personal Care,Antiseptic Soap,Dettol,125.0,95.0,730.0,SUP005,Mumbai,Hypermarket,28500,3400.0,West,29.4,37.0,0,0,0,0
2026-08-06,S01,P08,17,8554.0,5.0,1,17.0,0,17.0,0.0,20,4,Staples,Basmati Rice 5Kg,India Gate,520.0,415.0,365.0,SUP006,Mumbai,Hypermarket,28500,3400.0,West,29.4,37.0,0,0,0,0
2026-08-06,S01,P09,2,297.5,15.0,1,40.0,0,2.0,38.0,25,3,Staples,Sunflower Oil 1L,Fortune,175.0,140.0,270.0,SUP006,Mumbai,Hypermarket,28500,3400.0,West,29.4,37.0,0,0,0,0
2026-08-06,S01,P10,6,333.0,7.0,1,40.0,0,6.0,34.0,35,3,Snacks,Gold Biscuits,Parle,60.0,45.0,180.0,SUP_UNKNOWN,Mumbai,Hypermarket,28500,3400.0,West,29.4,37.0,0,0,0,0
2026-08-06,S02,P01,15,937.2,5.62,1,95.0,0,15.0,80.0,40,1,Dairy,Fresh Milk,Amul,66.0,52.0,3.0,SUP001,Delhi,Supermarket,16200,2250.0,North,35.0,0.0,0,0,0,0
2026-08-06,S02,P02,9,2392.5,3.0,1,30.0,0,10.0,20.0,25,3,Dairy,Butter,Amul,275.0,235.0,180.0,SUP001,Delhi,Supermarket,16200,2250.0,North,35.0,0.0,0,0,0,0
2026-08-06,S02,P03,10,411.75,6.88,1,91.0,0,10.0,81.0,45,1,Bakery,Whole Wheat Bread,Britannia,45.0,34.0,6.0,SUP002,Delhi,Supermarket,16200,2250.0,North,35.0,0.0,0,0,0,0
2026-08-06,S02,P04,5,864.0,3.33,1,27.0,0,5.0,22.0,30,2,Produce,Royal Gala Apples,Farmfresh,180.0,130.0,12.0,SUP003,Delhi,Supermarket,16200,2250.0,North,35.0,0.0,0,0,0,0
2026-08-06,S02,P05,11,416.0,6.25,1,66.0,0,12.0,54.0,50,2,Produce,Organic Potatoes,Greenfields,40.0,25.0,12.0,SUP003,Delhi,Supermarket,16200,2250.0,North,35.0,0.0,0,0,0,0
2026-08-06,S02,P06,5,1496.0,10.0,1,41.0,0,5.0,36.0,20,4,Beverages,Tea Gold,Tata,340.0,270.0,365.0,SUP004,Delhi,Supermarket,16200,2250.0,North,35.0,0.0,0,0,0,0
2026-08-06,S02,P07,7,831.25,6.25,1,46.0,0,7.0,39.0,25,5,Personal Care,Antiseptic Soap,Dettol,125.0,95.0,730.0,SUP005,Delhi,Supermarket,16200,2250.0,North,35.0,0.0,0,0,0,0
2026-08-06,S02,P08,1,520.0,0.0,0,23.0,0,1.0,22.0,20,4,Staples,Basmati Rice 5Kg,India Gate,520.0,415.0,365.0,SUP006,Delhi,Supermarket,16200,2250.0,North,35.0,0.0,0,0,0,0
2026-08-06,S02,P09,1,131.25,25.0,1,42.0,0,1.0,41.0,25,3,Staples,Sunflower Oil 1L,Fortune,175.0,140.0,270.0,SUP006,Delhi,Supermarket,16200,2250.0,North,35.0,0.0,0,0,0,0
2026-08-06,S02,P10,3,177.0,2.5,1,55.0,0,3.0,52.0,35,3,Snacks,Gold Biscuits,Parle,60.0,45.0,180.0,SUP_UNKNOWN,Delhi,Supermarket,16200,2250.0,North,35.0,0.0,0,0,0,0
2026-08-06,S03,P01,3,188.1,7.5,1,61.0,0,3.0,58.0,40,1,Dairy,Fresh Milk,Amul,66.0,52.0,3.0,SUP001,Bengaluru,Express,6400,2250.0,South,32.5,0.0,0,0,0,1
2026-08-06,S03,P02,0,0.0,0.0,0,56.0,0,0.0,56.0,25,3,Dairy,Butter,Amul,275.0,235.0,180.0,SUP001,Bengaluru,Express,6400,2250.0,South,32.5,0.0,0,0,0,1
2026-08-06,S03,P03,5,225.0,0.0,0,58.0,0,5.0,53.0,45,1,Bakery,Whole Wheat Bread,Britannia,45.0,34.0,6.0,SUP002,Bengaluru,Express,6400,2250.0,South,32.5,0.0,0,0,0,1
2026-08-06,S03,P04,0,0.0,0.0,0,54.0,0,0.0,54.0,30,2,Produce,Royal Gala Apples,Farmfresh,180.0,130.0,12.0,SUP003,Bengaluru,Express,6400,2250.0,South,32.5,0.0,0,0,0,1
2026-08-06,S03,P05,7,268.0,2.5,1,87.0,0,7.0,80.0,50,2,Produce,Organic Potatoes,Greenfields,40.0,25.0,12.0,SUP003,Bengaluru,Express,6400,2250.0,South,32.5,0.0,0,0,0,1
2026-08-06,S03,P06,2,578.0,15.0,1,45.0,0,2.0,43.0,20,4,Beverages,Tea Gold,Tata,340.0,270.0,365.0,SUP004,Bengaluru,Express,6400,2250.0,South,32.5,0.0,0,0,0,1
2026-08-06,S03,P07,0,0.0,0.0,0,48.0,0,0.0,48.0,25,5,Personal Care,Antiseptic Soap,Dettol,125.0,95.0,730.0,SUP005,Bengaluru,Express,6400,2250.0,South,32.5,0.0,0,0,0,1
2026-08-06,S03,P08,0,0.0,0.0,0,47.0,0,0.0,47.0,20,4,Staples,Basmati Rice 5Kg,India Gate,520.0,415.0,365.0,SUP006,Bengaluru,Express,6400,2250.0,South,32.5,0.0,0,0,0,1
2026-08-06,S03,P09,0,0.0,0.0,0,55.0,0,0.0,55.0,25,3,Staples,Sunflower Oil 1L,Fortune,175.0,140.0,270.0,SUP006,Bengaluru,Express,6400,2250.0,South,32.5,0.0,0,0,0,1
2026-08-06,S03,P10,0,0.0,0.0,0,71.0,0,0.0,71.0,35,3,Snacks,Gold Biscuits,Parle,60.0,45.0,180.0,SUP_UNKNOWN,Bengaluru,Express,6400,2250.0,South,32.5,0.0,0,0,0,1
2026-08-06,S04,P01,8,511.5,3.57,1,29.0,100,8.0,121.0,40,1,Dairy,Fresh Milk,Amul,66.0,52.0,3.0,SUP001,Kolkata,Supermarket,14800,1850.0,East,29.3,2.9,0,0,0,0
2026-08-06,S04,P02,0,0.0,0.0,0,49.0,0,0.0,49.0,25,3,Dairy,Butter,Amul,275.0,235.0,180.0,SUP001,Kolkata,Supermarket,14800,1850.0,East,29.3,2.9,0,0,0,0
2026-08-06,S04,P03,2,87.75,2.5,1,40.0,90,2.0,128.0,45,1,Bakery,Whole Wheat Bread,Britannia,45.0,34.0,6.0,SUP002,Kolkata,Supermarket,14800,1850.0,East,29.3,2.9,0,0,0,0
2026-08-06,S04,P04,1,144.0,20.0,1,45.0,0,1.0,44.0,30,2,Produce,Royal Gala Apples,Farmfresh,180.0,130.0,12.0,SUP003,Kolkata,Supermarket,14800,1850.0,East,29.3,2.9,0,0,0,0
2026-08-06,S04,P05,10,400.0,0.0,0,62.0,0,10.0,52.0,50,2,Produce,Organic Potatoes,Greenfields,40.0,25.0,12.0,SUP003,Kolkata,Supermarket,14800,1850.0,East,29.3,2.9,0,0,0,0
2026-08-06,S04,P06,3,986.0,5.0,1,41.0,0,3.0,38.0,20,4,Beverages,Tea Gold,Tata,340.0,270.0,365.0,SUP004,Kolkata,Supermarket,14800,1850.0,East,29.3,2.9,0,0,0,0
2026-08-06,S04,P07,0,0.0,0.0,0,56.0,0,0.0,56.0,25,5,Personal Care,Antiseptic Soap,Dettol,125.0,95.0,730.0,SUP005,Kolkata,Supermarket,14800,1850.0,East,29.3,2.9,0,0,0,0
2026-08-06,S04,P08,3,1482.0,5.0,1,46.0,0,3.0,43.0,20,4,Staples,Basmati Rice 5Kg,India Gate,520.0,415.0,365.0,SUP006,Kolkata,Supermarket,14800,1850.0,East,29.3,2.9,0,0,0,0
2026-08-06,S04,P09,1,175.0,0.0,0,58.0,0,1.0,57.0,25,3,Staples,Sunflower Oil 1L,Fortune,175.0,140.0,270.0,SUP006,Kolkata,Supermarket,14800,1850.0,East,29.3,2.9,0,0,0,0
2026-08-06,S04,P10,2,108.0,10.0,1,56.0,0,2.0,54.0,35,3,Snacks,Gold Biscuits,Parle,60.0,45.0,180.0,SUP_UNKNOWN,Kolkata,Supermarket,14800,1850.0,East,29.3,2.9,0,0,0,0
2026-08-07,S01,P01,11,663.3,7.78,1,54.0,0,11.0,43.0,40,1,Dairy,Fresh Milk,Amul,66.0,52.0,3.0,SUP001,Mumbai,Hypermarket,28500,3400.0,West,29.7,0.0,0,0,0,0
2026-08-07,S01,P02,11,2873.75,5.71,1,36.0,0,11.0,25.0,25,3,Dairy,Butter,Amul,275.0,235.0,180.0,SUP001,Mumbai,Hypermarket,28500,3400.0,West,29.7,0.0,0,0,0,0
2026-08-07,S01,P03,14,589.5,6.25,1,75.0,0,14.0,61.0,45,1,Bakery,Whole Wheat Bread,Britannia,45.0,34.0,6.0,SUP002,Mumbai,Hypermarket,28500,3400.0,West,29.7,0.0,0,0,0,0
2026-08-07,S01,P04,15,2655.0,1.43,1,26.0,70,15.0,81.0,30,2,Produce,Royal Gala Apples,Farmfresh,180.0,130.0,12.0,SUP003,Mumbai,Hypermarket,28500,3400.0,West,29.7,0.0,0,0,0,0
2026-08-07,S01,P05,11,410.0,5.71,1,78.0,0,11.0,67.0,50,2,Produce,Organic Potatoes,Greenfields,40.0,25.0,12.0,SUP003,Mumbai,Hypermarket,28500,3400.0,West,29.7,0.0,0,0,0,0
2026-08-07,S01,P06,4,1360.0,0.0,0,19.0,0,4.0,15.0,20,4,Beverages,Tea Gold,Tata,340.0,270.0,365.0,SUP004,Mumbai,Hypermarket,28500,3400.0,West,29.7,0.0,0,0,0,0
2026-08-07,S01,P07,0,0.0,0.0,0,25.0,0,0.0,25.0,25,5,Personal Care,Antiseptic Soap,Dettol,125.0,95.0,730.0,SUP005,Mumbai,Hypermarket,28500,3400.0,West,29.7,0.0,0,0,0,0
2026-08-07,S01,P08,3,1508.0,2.5,1,0.0,0,3.0,0.0,20,4,Staples,Basmati Rice 5Kg,India Gate,520.0,415.0,365.0,SUP006,Mumbai,Hypermarket,28500,3400.0,West,29.7,0.0,0,0,0,0
2026-08-07,S01,P09,2,280.0,20.0,1,38.0,0,2.0,36.0,25,3,Staples,Sunflower Oil 1L,Fortune,175.0,140.0,270.0,SUP006,Mumbai,Hypermarket,28500,3400.0,West,29.7,0.0,0,0,0,0
2026-08-07,S01,P10,2,120.0,0.0,0,34.0,0,2.0,32.0,35,3,Snacks,Gold Biscuits,Parle,60.0,45.0,180.0,SUP_UNKNOWN,Mumbai,Hypermarket,28500,3400.0,West,29.7,0.0,0,0,0,0
2026-08-07,S02,P01,13,828.3,3.33,1,80.0,0,13.0,67.0,40,1,Dairy,Fresh Milk,Amul,66.0,52.0,3.0,SUP001,Delhi,Supermarket,16200,2250.0,North,29.6,0.0,0,0,0,0
2026-08-07,S02,P02,5,1141.25,16.25,1,20.0,0,5.0,15.0,25,3,Dairy,Butter,Amul,275.0,235.0,180.0,SUP001,Delhi,Supermarket,16200,2250.0,North,29.6,0.0,0,0,0,0
2026-08-07,S02,P03,9,373.5,8.0,1,81.0,0,9.0,72.0,45,1,Bakery,Whole Wheat Bread,Britannia,45.0,34.0,6.0,SUP002,Delhi,Supermarket,16200,2250.0,North,29.6,0.0,0,0,0,0
2026-08-07,S02,P04,9,1485.0,8.33,1,22.0,70,9.0,83.0,30,2,Produce,Royal Gala Apples,Farmfresh,180.0,130.0,12.0,SUP003,Delhi,Supermarket,16200,2250.0,North,29.6,0.0,0,0,0,0
2026-08-07,S02,P05,3,112.0,6.67,1,54.0,0,3.0,51.0,50,2,Produce,Organic Potatoes,Greenfields,40.0,25.0,12.0,SUP003,Delhi,Supermarket,16200,2250.0,North,29.6,0.0,0,0,0,0
2026-08-07,S02,P06,6,1921.0,6.67,1,36.0,0,6.0,30.0,20,4,Beverages,Tea Gold,Tata,340.0,270.0,365.0,SUP004,Delhi,Supermarket,16200,2250.0,North,29.6,0.0,0,0,0,0
2026-08-07,S02,P07,1,125.0,0.0,0,39.0,0,1.0,38.0,25,5,Personal Care,Antiseptic Soap,Dettol,125.0,95.0,730.0,SUP005,Delhi,Supermarket,16200,2250.0,North,29.6,0.0,0,0,0,0
2026-08-07,S02,P08,6,3094.0,1.25,1,22.0,0,6.0,16.0,20,4,Staples,Basmati Rice 5Kg,India Gate,520.0,415.0,365.0,SUP006,Delhi,Supermarket,16200,2250.0,North,29.6,0.0,0,0,0,0
2026-08-07,S02,P09,0,0.0,0.0,0,41.0,0,0.0,41.0,25,3,Staples,Sunflower Oil 1L,Fortune,175.0,140.0,270.0,SUP006,Delhi,Supermarket,16200,2250.0,North,29.6,0.0,0,0,0,0
2026-08-07,S02,P10,252,15120.0,0.0,0,52.0,0,252.0,0.0,35,3,Snacks,Gold Biscuits,Parle,60.0,45.0,180.0,SUP_UNKNOWN,Delhi,Supermarket,16200,2250.0,North,29.6,0.0,0,0,0,0
2026-08-07,S03,P01,9,570.9,3.0,1,58.0,0,9.0,49.0,40,1,Dairy,Fresh Milk,Amul,66.0,52.0,3.0,SUP001,Bengaluru,Express,6400,2250.0,South,24.9,0.0,0,0,0,0
2026-08-07,S03,P02,5,1375.0,0.0,0,56.0,0,5.0,51.0,25,3,Dairy,Butter,Amul,275.0,235.0,180.0,SUP001,Bengaluru,Express,6400,2250.0,South,24.9,0.0,0,0,0,0
2026-08-07,S03,P03,4,180.0,0.0,0,53.0,0,4.0,49.0,45,1,Bakery,Whole Wheat Bread,Britannia,45.0,34.0,6.0,SUP002,Bengaluru,Express,6400,2250.0,South,24.9,0.0,0,0,0,0
2026-08-07,S03,P04,0,0.0,0.0,0,54.0,0,0.0,54.0,30,2,Produce,Royal Gala Apples,Farmfresh,180.0,130.0,12.0,SUP003,Bengaluru,Express,6400,2250.0,South,24.9,0.0,0,0,0,0
2026-08-07,S03,P05,0,0.0,0.0,0,80.0,0,0.0,80.0,50,2,Produce,Organic Potatoes,Greenfields,40.0,25.0,12.0,SUP003,Bengaluru,Express,6400,2250.0,South,24.9,0.0,0,0,0,0
2026-08-07,S03,P06,0,0.0,0.0,0,43.0,0,0.0,43.0,20,4,Beverages,Tea Gold,Tata,340.0,270.0,365.0,SUP004,Bengaluru,Express,6400,2250.0,South,24.9,0.0,0,0,0,0
2026-08-07,S03,P07,0,0.0,0.0,0,48.0,0,0.0,48.0,25,5,Personal Care,Antiseptic Soap,Dettol,125.0,95.0,730.0,SUP005,Bengaluru,Express,6400,2250.0,South,24.9,0.0,0,0,0,0
2026-08-07,S03,P08,2,1040.0,0.0,0,47.0,0,2.0,45.0,20,4,Staples,Basmati Rice 5Kg,India Gate,520.0,415.0,365.0,SUP006,Bengaluru,Express,6400,2250.0,South,24.9,0.0,0,0,0,0
2026-08-07,S03,P09,3,472.5,10.0,1,55.0,0,3.0,52.0,25,3,Staples,Sunflower Oil 1L,Fortune,175.0,140.0,270.0,SUP006,Bengaluru,Express,6400,2250.0,South,24.9,0.0,0,0,0,0
2026-08-07,S03,P10,4,240.0,0.0,0,71.0,0,4.0,67.0,35,3,Snacks,Gold Biscuits,Parle,60.0,45.0,180.0,SUP_UNKNOWN,Bengaluru,Express,6400,2250.0,South,24.9,0.0,0,0,0,0
2026-08-07,S04,P01,7,438.9,6.25,1,121.0,0,7.0,114.0,40,1,Dairy,Fresh Milk,Amul,66.0,52.0,3.0,SUP001,Kolkata,Supermarket,14800,1850.0,East,30.1,59.4,0,0,0,0
2026-08-07,S04,P02,7,1801.25,6.67,1,49.0,0,7.0,42.0,25,3,Dairy,Butter,Amul,275.0,235.0,180.0,SUP001,Kolkata,Supermarket,14800,1850.0,East,30.1,59.4,0,0,0,0
2026-08-07,S04,P03,4,180.0,0.0,0,128.0,0,4.0,124.0,45,1,Bakery,Whole Wheat Bread,Britannia,45.0,34.0,6.0,SUP002,Kolkata,Supermarket,14800,1850.0,East,30.1,59.4,0,0,0,0
2026-08-07,S04,P04,2,333.0,7.5,1,44.0,0,2.0,42.0,30,2,Produce,Royal Gala Apples,Farmfresh,180.0,130.0,12.0,SUP003,Kolkata,Supermarket,14800,1850.0,East,30.1,59.4,0,0,0,0
2026-08-07,S04,P05,3,94.0,22.5,1,52.0,0,3.0,49.0,50,2,Produce,Organic Potatoes,Greenfields,40.0,25.0,12.0,SUP003,Kolkata,Supermarket,14800,1850.0,East,30.1,59.4,0,0,0,0
2026-08-07,S04,P06,0,0.0,0.0,0,38.0,0,1.0,37.0,20,4,Beverages,Tea Gold,Tata,340.0,270.0,365.0,SUP004,Kolkata,Supermarket,14800,1850.0,East,30.1,59.4,0,0,0,0
2026-08-07,S04,P07,2,250.0,0.0,0,56.0,0,2.0,54.0,25,5,Personal Care,Antiseptic Soap,Dettol,125.0,95.0,730.0,SUP005,Kolkata,Supermarket,14800,1850.0,East,30.1,59.4,0,0,0,0
2026-08-07,S04,P08,4,2080.0,0.0,0,43.0,0,4.0,39.0,20,4,Staples,Basmati Rice 5Kg,India Gate,520.0,415.0,365.0,SUP006,Kolkata,Supermarket,14800,1850.0,East,30.1,59.4,0,0,0,0
2026-08-07,S04,P09,3,472.5,10.0,1,57.0,0,3.0,54.0,25,3,Staples,Sunflower Oil 1L,Fortune,175.0,140.0,270.0,SUP006,Kolkata,Supermarket,14800,1850.0,East,30.1,59.4,0,0,0,0
2026-08-07,S04,P10,1,60.0,0.0,0,54.0,0,1.0,53.0,35,3,Snacks,Gold Biscuits,Parle,60.0,45.0,180.0,SUP_UNKNOWN,Kolkata,Supermarket,14800,1850.0,East,30.1,59.4,0,0,0,0
2026-08-08,S01,P01,23,1475.1,4.09,1,43.0,0,23.0,20.0,40,1,Dairy,Fresh Milk,Amul,66.0,52.0,3.0,SUP001,Mumbai,Hypermarket,28500,3400.0,West,32.0,0.0,0,0,1,0
2026-08-08,S01,P02,91,21697.5,6.11,1,25.0,0,91.0,0.0,25,3,Dairy,Butter,Amul,275.0,235.0,180.0,SUP001,Mumbai,Hypermarket,28500,3400.0,West,32.0,0.0,0,0,1,0
2026-08-08,S01,P03,22,929.25,6.25,1,61.0,0,22.0,39.0,45,1,Bakery,Whole Wheat Bread,Britannia,45.0,34.0,6.0,SUP002,Mumbai,Hypermarket,28500,3400.0,West,32.0,0.0,0,0,1,0
2026-08-08,S01,P04,257,43911.0,6.67,1,81.0,0,257.0,0.0,30,2,Produce,Royal Gala Apples,Farmfresh,180.0,130.0,12.0,SUP003,Mumbai,Hypermarket,28500,3400.0,West,32.0,0.0,0,0,1,0
2026-08-08,S01,P05,519,18704.0,5.45,1,67.0,0,519.0,0.0,50,2,Produce,Organic Potatoes,Greenfields,40.0,25.0,12.0,SUP003,Mumbai,Hypermarket,28500,3400.0,West,32.0,0.0,0,0,1,0
2026-08-08,S01,P06,11,3621.0,3.75,1,15.0,0,11.0,4.0,20,4,Beverages,Tea Gold,Tata,340.0,270.0,365.0,SUP004,Mumbai,Hypermarket,28500,3400.0,West,32.0,0.0,0,0,1,0
2026-08-08,S01,P07,5,581.25,6.25,1,25.0,0,5.0,20.0,25,5,Personal Care,Antiseptic Soap,Dettol,125.0,95.0,730.0,SUP005,Mumbai,Hypermarket,28500,3400.0,West,32.0,0.0,0,0,1,0
2026-08-08,S01,P08,4,1768.0,11.67,1,0.0,0,4.0,0.0,20,4,Staples,Basmati Rice 5Kg,India Gate,520.0,415.0,365.0,SUP006,Mumbai,Hypermarket,28500,3400.0,West,32.0,0.0,0,0,1,0
2026-08-08,S01,P09,3,525.0,0.0,0,36.0,0,3.0,33.0,25,3,Staples,Sunflower Oil 1L,Fortune,175.0,140.0,270.0,SUP006,Mumbai,Hypermarket,28500,3400.0,West,32.0,0.0,0,0,1,0
2026-08-08,S01,P10,15,852.0,7.5,1,32.0,0,15.0,17.0,35,3,Snacks,Gold Biscuits,Parle,60.0,45.0,180.0,SUP_UNKNOWN,Mumbai,Hypermarket,28500,3400.0,West,32.0,0.0,0,0,1,0
2026-08-08,S02,P01,14,877.8,4.29,1,67.0,0,14.0,53.0,40,1,Dairy,Fresh Milk,Amul,66.0,52.0,3.0,SUP001,Delhi,Supermarket,16200,2250.0,North,33.5,9.2,0,0,1,0
2026-08-08,S02,P02,4,948.75,13.75,1,15.0,0,4.0,11.0,25,3,Dairy,Butter,Amul,275.0,235.0,180.0,SUP001,Delhi,Supermarket,16200,2250.0,North,33.5,9.2,0,0,1,0
2026-08-08,S02,P03,19,821.25,2.78,1,72.0,0,19.0,53.0,45,1,Bakery,Whole Wheat Bread,Britannia,45.0,34.0,6.0,SUP002,Delhi,Supermarket,16200,2250.0,North,33.5,9.2,0,0,1,0
2026-08-08,S02,P04,0,0.0,0.0,0,83.0,0,0.0,83.0,30,2,Produce,Royal Gala Apples,Farmfresh,180.0,130.0,12.0,SUP003,Delhi,Supermarket,16200,2250.0,North,33.5,9.2,0,0,1,0
2026-08-08,S02,P05,14,552.0,1.67,1,51.0,0,14.0,37.0,50,2,Produce,Organic Potatoes,Greenfields,40.0,25.0,12.0,SUP003,Delhi,Supermarket,16200,2250.0,North,33.5,9.2,0,0,1,0
2026-08-08,S02,P06,5,1666.0,3.33,1,30.0,0,5.0,25.0,20,4,Beverages,Tea Gold,Tata,340.0,270.0,365.0,SUP004,Delhi,Supermarket,16200,2250.0,North,33.5,9.2,0,0,1,0
2026-08-08,S02,P07,2,218.75,12.5,1,38.0,0,2.0,36.0,25,5,Personal Care,Antiseptic Soap,Dettol,125.0,95.0,730.0,SUP005,Delhi,Supermarket,16200,2250.0,North,33.5,9.2,0,0,1,0
2026-08-08,S02,P08,6,2756.0,8.33,1,16.0,0,6.0,10.0,20,4,Staples,Basmati Rice 5Kg,India Gate,520.0,415.0,365.0,SUP006,Delhi,Supermarket,16200,2250.0,North,33.5,9.2,0,0,1,0
2026-08-08,S02,P09,11,1776.25,7.86,1,41.0,0,11.0,30.0,25,3,Staples,Sunflower Oil 1L,Fortune,175.0,140.0,270.0,SUP006,Delhi,Supermarket,16200,2250.0,North,33.5,9.2,0,0,1,0
2026-08-08,S02,P10,9,534.0,2.5,1,0.0,0,9.0,0.0,35,3,Snacks,Gold Biscuits,Parle,60.0,45.0,180.0,SUP_UNKNOWN,Delhi,Supermarket,16200,2250.0,North,33.5,9.2,0,0,1,0
2026-08-08,S03,P01,11,689.7,5.0,1,49.0,0,11.0,38.0,40,1,Dairy,Fresh Milk,Amul,66.0,52.0,3.0,SUP001,Bengaluru,Express,6400,2250.0,South,26.9,22.0,0,0,1,0
2026-08-08,S03,P02,1,275.0,0.0,0,51.0,0,1.0,50.0,25,3,Dairy,Butter,Amul,275.0,235.0,180.0,SUP001,Bengaluru,Express,6400,2250.0,South,26.9,22.0,0,0,1,0
2026-08-08,S03,P03,2,87.75,2.5,1,49.0,0,2.0,47.0,45,1,Bakery,Whole Wheat Bread,Britannia,45.0,34.0,6.0,SUP002,Bengaluru,Express,6400,2250.0,South,26.9,22.0,0,0,1,0
2026-08-08,S03,P04,0,0.0,0.0,0,54.0,0,0.0,54.0,30,2,Produce,Royal Gala Apples,Farmfresh,180.0,130.0,12.0,SUP003,Bengaluru,Express,6400,2250.0,South,26.9,22.0,0,0,1,0
2026-08-08,S03,P05,1,40.0,0.0,0,80.0,0,1.0,79.0,50,2,Produce,Organic Potatoes,Greenfields,40.0,25.0,12.0,SUP003,Bengaluru,Express,6400,2250.0,South,26.9,22.0,0,0,1,0
2026-08-08,S03,P06,1,340.0,0.0,0,43.0,0,1.0,42.0,20,4,Beverages,Tea Gold,Tata,340.0,270.0,365.0,SUP004,Bengaluru,Express,6400,2250.0,South,26.9,22.0,0,0,1,0
2026-08-08,S03,P07,0,0.0,0.0,0,48.0,0,0.0,48.0,25,5,Personal Care,Antiseptic Soap,Dettol,125.0,95.0,730.0,SUP005,Bengaluru,Express,6400,2250.0,South,26.9,22.0,0,0,1,0
2026-08-08,S03,P08,4,2080.0,0.0,0,45.0,0,4.0,41.0,20,4,Staples,Basmati Rice 5Kg,India Gate,520.0,415.0,365.0,SUP006,Bengaluru,Express,6400,2250.0,South,26.9,22.0,0,0,1,0
2026-08-08,S03,P09,1,148.75,15.0,1,52.0,0,1.0,51.0,25,3,Staples,Sunflower Oil 1L,Fortune,175.0,140.0,270.0,SUP006,Bengaluru,Express,6400,2250.0,South,26.9,22.0,0,0,1,0
2026-08-08,S03,P10,0,0.0,0.0,0,67.0,0,0.0,67.0,35,3,Snacks,Gold Biscuits,Parle,60.0,45.0,180.0,SUP_UNKNOWN,Bengaluru,Express,6400,2250.0,South,26.9,22.0,0,0,1,0
2026-08-08,S04,P01,13,838.2,3.0,1,114.0,0,13.0,101.0,40,1,Dairy,Fresh Milk,Amul,66.0,52.0,3.0,SUP001,Kolkata,Supermarket,14800,1850.0,East,31.5,5.6,0,0,1,0
2026-08-08,S04,P02,6,1553.75,6.67,1,42.0,0,6.0,36.0,25,3,Dairy,Butter,Amul,275.0,235.0,180.0,SUP001,Kolkata,Supermarket,14800,1850.0,East,31.5,5.6,0,0,1,0
2026-08-08,S04,P03,13,560.25,5.71,1,124.0,0,13.0,111.0,45,1,Bakery,Whole Wheat Bread,Britannia,45.0,34.0,6.0,SUP002,Kolkata,Supermarket,14800,1850.0,East,31.5,5.6,0,0,1,0
2026-08-08,S04,P04,7,1215.0,3.33,1,42.0,0,8.0,34.0,30,2,Produce,Royal Gala Apples,Farmfresh,180.0,130.0,12.0,SUP003,Kolkata,Supermarket,14800,1850.0,East,31.5,5.6,0,0,1,0
2026-08-08,S04,P05,2,72.0,10.0,1,49.0,0,2.0,47.0,50,2,Produce,Organic Potatoes,Greenfields,40.0,25.0,12.0,SUP003,Kolkata,Supermarket,14800,1850.0,East,31.5,5.6,0,0,1,0
2026-08-08,S04,P06,7,2329.0,3.0,1,37.0,0,7.0,30.0,20,4,Beverages,Tea Gold,Tata,340.0,270.0,365.0,SUP004,Kolkata,Supermarket,14800,1850.0,East,31.5,5.6,0,0,1,0
2026-08-08,S04,P07,2,231.25,7.5,1,54.0,0,2.0,52.0,25,5,Personal Care,Antiseptic Soap,Dettol,125.0,95.0,730.0,SUP005,Kolkata,Supermarket,14800,1850.0,East,31.5,5.6,0,0,1,0
2026-08-08,S04,P08,6,2470.0,12.5,1,39.0,0,6.0,33.0,20,4,Staples,Basmati Rice 5Kg,India Gate,520.0,415.0,365.0,SUP006,Kolkata,Supermarket,14800,1850.0,East,31.5,5.6,0,0,1,0
2026-08-08,S04,P09,7,1216.25,1.67,1,54.0,0,7.0,47.0,25,3,Staples,Sunflower Oil 1L,Fortune,175.0,140.0,270.0,SUP006,Kolkata,Supermarket,14800,1850.0,East,31.5,5.6,0,0,1,0
2026-08-08,S04,P10,12,639.0,10.0,1,53.0,0,12.0,41.0,35,3,Snacks,Gold Biscuits,Parle,60.0,45.0,180.0,SUP_UNKNOWN,Kolkata,Supermarket,14800,1850.0,East,31.5,5.6,0,0,1,0
2026-08-09,S01,P01,23,1386.0,7.69,1,20.0,100,23.0,97.0,40,1,Dairy,Fresh Milk,Amul,66.0,52.0,3.0,SUP001,Mumbai,Hypermarket,28500,3400.0,West,29.2,36.0,0,0,1,0
2026-08-09,S01,P02,10,2681.25,2.5,1,0.0,0,10.0,0.0,25,3,Dairy,Butter,Amul,275.0,235.0,180.0,SUP001,Mumbai,Hypermarket,28500,3400.0,West,29.2,36.0,0,0,1,0
2026-08-09,S01,P03,19,807.75,5.0,1,39.0,90,19.0,110.0,45,1,Bakery,Whole Wheat Bread,Britannia,45.0,34.0,6.0,SUP002,Mumbai,Hypermarket,28500,3400.0,West,29.2,36.0,0,0,1,0
2026-08-09,S01,P04,8,1260.0,8.33,1,0.0,0,8.0,0.0,30,2,Produce,Royal Gala Apples,Farmfresh,180.0,130.0,12.0,SUP003,Mumbai,Hypermarket,28500,3400.0,West,29.2,36.0,0,0,1,0
2026-08-09,S01,P05,21,776.0,10.45,1,0.0,0,21.0,0.0,50,2,Produce,Organic Potatoes,Greenfields,40.0,25.0,12.0,SUP003,Mumbai,Hypermarket,28500,3400.0,West,29.2,36.0,0,0,1,0
2026-08-09,S01,P06,10,3145.0,5.83,1,4.0,0,10.0,0.0,20,4,Beverages,Tea Gold,Tata,340.0,270.0,365.0,SUP004,Mumbai,Hypermarket,28500,3400.0,West,29.2,36.0,0,0,1,0
2026-08-09,S01,P07,4,493.75,1.67,1,20.0,0,4.0,16.0,25,5,Personal Care,Antiseptic Soap,Dettol,125.0,95.0,730.0,SUP005,Mumbai,Hypermarket,28500,3400.0,West,29.2,36.0,0,0,1,0
2026-08-09,S01,P08,4,1976.0,5.0,1,0.0,45,4.0,41.0,20,4,Staples,Basmati Rice 5Kg,India Gate,520.0,415.0,365.0,SUP006,Mumbai,Hypermarket,28500,3400.0,West,29.2,36.0,0,0,1,0
2026-08-09,S01,P09,9,1513.75,3.33,1,33.0,0,10.0,23.0,25,3,Staples,Sunflower Oil 1L,Fortune,175.0,140.0,270.0,SUP006,Mumbai,Hypermarket,28500,3400.0,West,29.2,36.0,0,0,1,0
2026-08-09,S01,P10,1,54.0,10.0,1,17.0,80,1.0,96.0,35,3,Snacks,Gold Biscuits,Parle,60.0,45.0,180.0,SUP_UNKNOWN,Mumbai,Hypermarket,28500,3400.0,West,29.2,36.0,0,0,1,0
2026-08-09,S02,P01,26,1626.9,5.0,1,53.0,0,26.0,27.0,40,1,Dairy,Fresh Milk,Amul,66.0,52.0,3.0,SUP001,Delhi,Supermarket,16200,2250.0,North,33.9,0.0,0,0,1,0
2026-08-09,S02,P02,2,495.0,10.0,1,11.0,60,2.0,69.0,25,3,Dairy,Butter,Amul,275.0,235.0,180.0,SUP001,Delhi,Supermarket,16200,2250.0,North,33.9,0.0,0,0,1,0
2026-08-09,S02,P03,15,643.5,5.71,1,53.0,0,15.0,38.0,45,1,Bakery,Whole Wheat Bread,Britannia,45.0,34.0,6.0,SUP002,Delhi,Supermarket,16200,2250.0,North,33.9,0.0,0,0,1,0
2026-08-09,S02,P04,2,360.0,0.0,0,83.0,0,2.0,81.0,30,2,Produce,Royal Gala Apples,Farmfresh,180.0,130.0,12.0,SUP003,Delhi,Supermarket,16200,2250.0,North,33.9,0.0,0,0,1,0
2026-08-09,S02,P05,16,616.0,3.75,1,37.0,0,16.0,21.0,50,2,Produce,Organic Potatoes,Greenfields,40.0,25.0,12.0,SUP003,Delhi,Supermarket,16200,2250.0,North,33.9,0.0,0,0,1,0
2026-08-09,S02,P06,3,1020.0,0.0,0,25.0,0,3.0,22.0,20,4,Beverages,Tea Gold,Tata,340.0,270.0,365.0,SUP004,Delhi,Supermarket,16200,2250.0,North,33.9,0.0,0,0,1,0
2026-08-09,S02,P07,4,468.75,8.33,1,36.0,0,4.0,32.0,25,5,Personal Care,Antiseptic Soap,Dettol,125.0,95.0,730.0,SUP005,Delhi,Supermarket,16200,2250.0,North,33.9,0.0,0,0,1,0
2026-08-09,S02,P08,1,442.0,15.0,1,10.0,0,1.0,9.0,20,4,Staples,Basmati Rice 5Kg,India Gate,520.0,415.0,365.0,SUP006,Delhi,Supermarket,16200,2250.0,North,33.9,0.0,0,0,1,0
2026-08-09,S02,P09,9,1505.0,6.0,1,30.0,0,10.0,20.0,25,3,Staples,Sunflower Oil 1L,Fortune,175.0,140.0,270.0,SUP006,Delhi,Supermarket,16200,2250.0,North,33.9,0.0,0,0,1,0
2026-08-09,S02,P10,10,600.0,0.0,0,0.0,0,10.0,0.0,35,3,Snacks,Gold Biscuits,Parle,60.0,45.0,180.0,SUP_UNKNOWN,Delhi,Supermarket,16200,2250.0,North,33.9,0.0,0,0,1,0
2026-08-09,S03,P01,12,772.2,4.29,1,38.0,100,12.0,126.0,40,1,Dairy,Fresh Milk,Amul,66.0,52.0,3.0,SUP001,Bengaluru,Express,6400,2250.0,South,26.4,11.4,0,0,1,1
2026-08-09,S03,P02,2,440.0,20.0,1,50.0,0,2.0,48.0,25,3,Dairy,Butter,Amul,275.0,235.0,180.0,SUP001,Bengaluru,Express,6400,2250.0,South,26.4,11.4,0,0,1,1
2026-08-09,S03,P03,2,87.75,2.5,1,47.0,0,2.0,45.0,45,1,Bakery,Whole Wheat Bread,Britannia,45.0,34.0,6.0,SUP002,Bengaluru,Express,6400,2250.0,South,26.4,11.4,0,0,1,1
2026-08-09,S03,P04,3,540.0,0.0,0,54.0,0,3.0,51.0,30,2,Produce,Royal Gala Apples,Farmfresh,180.0,130.0,12.0,SUP003,Bengaluru,Express,6400,2250.0,South,26.4,11.4,0,0,1,1
2026-08-09,S03,P05,4,140.0,12.5,1,79.0,0,4.0,75.0,50,2,Produce,Organic Potatoes,Greenfields,40.0,25.0,12.0,SUP003,Bengaluru,Express,6400,2250.0,South,26.4,11.4,0,0,1,1
2026-08-09,S03,P06,0,0.0,0.0,0,42.0,0,0.0,42.0,20,4,Beverages,Tea Gold,Tata,340.0,270.0,365.0,SUP004,Bengaluru,Express,6400,2250.0,South,26.4,11.4,0,0,1,1
2026-08-09,S03,P07,1,125.0,0.0,0,48.0,0,1.0,47.0,25,5,Personal Care,Antiseptic Soap,Dettol,125.0,95.0,730.0,SUP005,Bengaluru,Express,6400,2250.0,South,26.4,11.4,0,0,1,1
2026-08-09,S03,P08,1,0.0,0.0,0,41.0,0,1.0,40.0,20,4,Staples,Basmati Rice 5Kg,India Gate,520.0,415.0,365.0,SUP006,Bengaluru,Express,6400,2250.0,South,26.4,11.4,0,0,1,1
2026-08-09,S03,P09,4,612.5,12.5,1,51.0,0,4.0,47.0,25,3,Staples,Sunflower Oil 1L,Fortune,175.0,140.0,270.0,SUP006,Bengaluru,Express,6400,2250.0,South,26.4,11.4,0,0,1,1
2026-08-09,S03,P10,1,51.0,15.0,1,67.0,0,1.0,66.0,35,3,Snacks,Gold Biscuits,Parle,60.0,45.0,180.0,SUP_UNKNOWN,Bengaluru,Express,6400,2250.0,South,26.4,11.4,0,0,1,1
2026-08-09,S04,P01,6,392.7,1.25,1,101.0,0,6.0,95.0,40,1,Dairy,Fresh Milk,Amul,66.0,52.0,3.0,SUP001,Kolkata,Supermarket,14800,1850.0,East,28.0,21.6,0,0,1,1
2026-08-09,S04,P02,4,976.25,10.0,1,36.0,0,4.0,32.0,25,3,Dairy,Butter,Amul,275.0,235.0,180.0,SUP001,Kolkata,Supermarket,14800,1850.0,East,28.0,21.6,0,0,1,1
2026-08-09,S04,P03,13,544.5,5.0,1,111.0,0,13.0,98.0,45,1,Bakery,Whole Wheat Bread,Britannia,45.0,34.0,6.0,SUP002,Kolkata,Supermarket,14800,1850.0,East,28.0,21.6,0,0,1,1
2026-08-09,S04,P04,7,1242.0,2.5,1,34.0,0,7.0,27.0,30,2,Produce,Royal Gala Apples,Farmfresh,180.0,130.0,12.0,SUP003,Kolkata,Supermarket,14800,1850.0,East,28.0,21.6,0,0,1,1
2026-08-09,S04,P05,7,268.0,7.5,1,47.0,120,7.0,160.0,50,2,Produce,Organic Potatoes,Greenfields,40.0,25.0,12.0,SUP003,Kolkata,Supermarket,14800,1850.0,East,28.0,21.6,0,0,1,1
2026-08-09,S04,P06,4,1360.0,0.0,0,30.0,0,4.0,26.0,20,4,Beverages,Tea Gold,Tata,340.0,270.0,365.0,SUP004,Kolkata,Supermarket,14800,1850.0,East,28.0,21.6,0,0,1,1
2026-08-09,S04,P07,1,112.5,10.0,1,52.0,0,1.0,51.0,25,5,Personal Care,Antiseptic Soap,Dettol,125.0,95.0,730.0,SUP005,Kolkata,Supermarket,14800,1850.0,East,28.0,21.6,0,0,1,1
2026-08-09,S04,P08,2,884.0,15.0,1,33.0,0,2.0,31.0,20,4,Staples,Basmati Rice 5Kg,India Gate,520.0,415.0,365.0,SUP006,Kolkata,Supermarket,14800,1850.0,East,28.0,21.6,0,0,1,1
2026-08-09,S04,P09,5,857.5,5.0,1,47.0,0,5.0,42.0,25,3,Staples,Sunflower Oil 1L,Fortune,175.0,140.0,270.0,SUP006,Kolkata,Supermarket,14800,1850.0,East,28.0,21.6,0,0,1,1
2026-08-09,S04,P10,7,402.0,5.0,1,41.0,0,7.0,34.0,35,3,Snacks,Gold Biscuits,Parle,60.0,45.0,180.0,SUP_UNKNOWN,Kolkata,Supermarket,14800,1850.0,East,28.0,21.6,0,0,1,1
2026-08-10,S01,P01,16,993.3,5.91,1,97.0,0,16.0,81.0,40,1,Dairy,Fresh Milk,Amul,66.0,52.0,3.0,SUP001,Mumbai,Hypermarket,28500,3400.0,West,30.4,6.4,0,0,0,0
2026-08-10,S01,P02,2,522.5,5.0,1,0.0,60,2.0,58.0,25,3,Dairy,Butter,Amul,275.0,235.0,180.0,SUP001,Mumbai,Hypermarket,28500,3400.0,West,30.4,6.4,0,0,0,0
2026-08-10,S01,P03,16,697.5,5.0,1,110.0,0,16.0,94.0,45,1,Bakery,Whole Wheat Bread,Britannia,45.0,34.0,6.0,SUP002,Mumbai,Hypermarket,28500,3400.0,West,30.4,6.4,0,0,0,0
2026-08-10,S01,P04,11,1764.0,8.0,1,0.0,70,11.0,59.0,30,2,Produce,Royal Gala Apples,Farmfresh,180.0,130.0,12.0,SUP003,Mumbai,Hypermarket,28500,3400.0,West,30.4,6.4,0,0,0,0
2026-08-10,S01,P05,5,200.0,0.0,0,0.0,120,5.0,115.0,50,2,Produce,Organic Potatoes,Greenfields,40.0,25.0,12.0,SUP003,Mumbai,Hypermarket,28500,3400.0,West,30.4,6.4,0,0,0,0
2026-08-10,S01,P06,2,663.0,2.5,1,0.0,50,2.0,48.0,20,4,Beverages,Tea Gold,Tata,340.0,270.0,365.0,SUP004,Mumbai,Hypermarket,28500,3400.0,West,30.4,6.4,0,0,0,0
2026-08-10,S01,P07,5,587.5,5.0,1,16.0,0,5.0,11.0,25,5,Personal Care,Antiseptic Soap,Dettol,125.0,95.0,730.0,SUP005,Mumbai,Hypermarket,28500,3400.0,West,30.4,6.4,0,0,0,0
2026-08-10,S01,P08,5,2444.0,7.5,1,34.0,0,5.0,29.0,20,4,Staples,Basmati Rice 5Kg,India Gate,520.0,415.0,365.0,SUP006,Mumbai,Hypermarket,28500,3400.0,West,30.4,6.4,0,0,0,0
2026-08-10,S01,P09,0,0.0,0.0,0,23.0,0,0.0,23.0,25,3,Staples,Sunflower Oil 1L,Fortune,175.0,140.0,270.0,SUP006,Mumbai,Hypermarket,28500,3400.0,West,30.4,6.4,0,0,0,0
2026-08-10,S01,P10,0,0.0,0.0,0,96.0,0,0.0,96.0,35,3,Snacks,Gold Biscuits,Parle,60.0,45.0,180.0,SUP_UNKNOWN,Mumbai,Hypermarket,28500,3400.0,West,30.4,6.4,0,0,0,0
2026-08-10,S02,P01,19,1174.8,5.42,1,27.0,100,19.0,108.0,40,1,Dairy,Fresh Milk,Amul,66.0,52.0,3.0,SUP001,Delhi,Supermarket,16200,2250.0,North,33.9,0.0,0,0,0,0
2026-08-10,S02,P02,2,550.0,0.0,0,69.0,0,2.0,67.0,25,3,Dairy,Butter,Amul,275.0,235.0,180.0,SUP001,Delhi,Supermarket,16200,2250.0,North,33.9,0.0,0,0,0,0
2026-08-10,S02,P03,8,308.25,11.0,1,38.0,90,8.0,120.0,45,1,Bakery,Whole Wheat Bread,Britannia,45.0,34.0,6.0,SUP002,Delhi,Supermarket,16200,2250.0,North,33.9,0.0,0,0,0,0
2026-08-10,S02,P04,4,630.0,13.33,1,81.0,0,4.0,77.0,30,2,Produce,Royal Gala Apples,Farmfresh,180.0,130.0,12.0,SUP003,Delhi,Supermarket,16200,2250.0,North,33.9,0.0,0,0,0,0
2026-08-10,S02,P05,6,228.0,5.0,1,21.0,120,6.0,135.0,50,2,Produce,Organic Potatoes,Greenfields,40.0,25.0,12.0,SUP003,Delhi,Supermarket,16200,2250.0,North,33.9,0.0,0,0,0,0
2026-08-10,S02,P06,9,2839.0,5.83,1,22.0,0,9.0,13.0,20,4,Beverages,Tea Gold,Tata,340.0,270.0,365.0,SUP004,Delhi,Supermarket,16200,2250.0,North,33.9,0.0,0,0,0,0
2026-08-10,S02,P07,6,750.0,0.0,0,32.0,0,7.0,25.0,25,5,Personal Care,Antiseptic Soap,Dettol,125.0,95.0,730.0,SUP005,Delhi,Supermarket,16200,2250.0,North,33.9,0.0,0,0,0,0
2026-08-10,S02,P08,0,0.0,0.0,0,9.0,0,0.0,9.0,20,4,Staples,Basmati Rice 5Kg,India Gate,520.0,415.0,365.0,SUP006,Delhi,Supermarket,16200,2250.0,North,33.9,0.0,0,0,0,0
2026-08-10,S02,P09,2,350.0,0.0,0,20.0,0,2.0,18.0,25,3,Staples,Sunflower Oil 1L,Fortune,175.0,140.0,270.0,SUP006,Delhi,Supermarket,16200,2250.0,North,33.9,0.0,0,0,0,0
2026-08-10,S02,P10,2,120.0,0.0,0,0.0,80,2.0,78.0,35,3,Snacks,Gold Biscuits,Parle,60.0,45.0,180.0,SUP_UNKNOWN,Delhi,Supermarket,16200,2250.0,North,33.9,0.0,0,0,0,0
2026-08-10,S03,P01,6,369.6,6.67,1,126.0,0,6.0,120.0,40,1,Dairy,Fresh Milk,Amul,66.0,52.0,3.0,SUP001,Bengaluru,Express,6400,2250.0,South,28.5,38.5,0,0,0,0
2026-08-10,S03,P02,2,495.0,10.0,1,48.0,0,2.0,46.0,25,3,Dairy,Butter,Amul,275.0,235.0,180.0,SUP001,Bengaluru,Express,6400,2250.0,South,28.5,38.5,0,0,0,0
2026-08-10,S03,P03,0,0.0,0.0,0,45.0,90,3.0,132.0,45,1,Bakery,Whole Wheat Bread,Britannia,45.0,34.0,6.0,SUP002,Bengaluru,Express,6400,2250.0,South,28.5,38.5,0,0,0,0
2026-08-10,S03,P04,6,972.0,10.0,1,51.0,0,6.0,45.0,30,2,Produce,Royal Gala Apples,Farmfresh,180.0,130.0,12.0,SUP003,Bengaluru,Express,6400,2250.0,South,28.5,38.5,0,0,0,0
2026-08-10,S03,P05,1,40.0,0.0,0,75.0,0,1.0,74.0,50,2,Produce,Organic Potatoes,Greenfields,40.0,25.0,12.0,SUP003,Bengaluru,Express,6400,2250.0,South,28.5,38.5,0,0,0,0
2026-08-10,S03,P06,2,663.0,2.5,1,42.0,0,2.0,40.0,20,4,Beverages,Tea Gold,Tata,340.0,270.0,365.0,SUP004,Bengaluru,Express,6400,2250.0,South,28.5,38.5,0,0,0,0
2026-08-10,S03,P07,3,375.0,0.0,0,47.0,0,3.0,44.0,25,5,Personal Care,Antiseptic Soap,Dettol,125.0,95.0,730.0,SUP005,Bengaluru,Express,6400,2250.0,South,28.5,38.5,0,0,0,0
2026-08-10,S03,P08,6,3120.0,0.0,0,40.0,0,6.0,34.0,20,4,Staples,Basmati Rice 5Kg,India Gate,520.0,415.0,365.0,SUP006,Bengaluru,Express,6400,2250.0,South,28.5,38.5,0,0,0,0
2026-08-10,S03,P09,2,350.0,0.0,0,47.0,0,2.0,45.0,25,3,Staples,Sunflower Oil 1L,Fortune,175.0,140.0,270.0,SUP006,Bengaluru,Express,6400,2250.0,South,28.5,38.5,0,0,0,0
2026-08-10,S03,P10,7,420.0,0.0,0,66.0,0,7.0,59.0,35,3,Snacks,Gold Biscuits,Parle,60.0,45.0,180.0,SUP_UNKNOWN,Bengaluru,Express,6400,2250.0,South,28.5,38.5,0,0,0,0
2026-08-10,S04,P01,13,795.3,9.17,1,95.0,0,13.0,82.0,40,1,Dairy,Fresh Milk,Amul,66.0,52.0,3.0,SUP001,Kolkata,Supermarket,14800,1850.0,East,32.4,30.1,0,0,0,0
2026-08-10,S04,P02,5,1347.5,3.33,1,32.0,0,5.0,27.0,25,3,Dairy,Butter,Amul,275.0,235.0,180.0,SUP001,Kolkata,Supermarket,14800,1850.0,East,32.4,30.1,0,0,0,0
2026-08-10,S04,P03,14,573.75,6.25,1,98.0,0,14.0,84.0,45,1,Bakery,Whole Wheat Bread,Britannia,45.0,34.0,6.0,SUP002,Kolkata,Supermarket,14800,1850.0,East,32.4,30.1,0,0,0,0
2026-08-10,S04,P04,0,0.0,0.0,0,27.0,0,0.0,27.0,30,2,Produce,Royal Gala Apples,Farmfresh,180.0,130.0,12.0,SUP003,Kolkata,Supermarket,14800,1850.0,East,32.4,30.1,0,0,0,0
2026-08-10,S04,P05,4,140.0,13.33,1,160.0,0,4.0,156.0,50,2,Produce,Organic Potatoes,Greenfields,40.0,25.0,12.0,SUP003,Kolkata,Supermarket,14800,1850.0,East,32.4,30.1,0,0,0,0
2026-08-10,S04,P06,5,1632.0,5.0,1,26.0,0,5.0,21.0,20,4,Beverages,Tea Gold,Tata,340.0,270.0,365.0,SUP004,Kolkata,Supermarket,14800,1850.0,East,32.4,30.1,0,0,0,0
2026-08-10,S04,P07,0,0.0,0.0,0,51.0,0,0.0,51.0,25,5,Personal Care,Antiseptic Soap,Dettol,125.0,95.0,730.0,SUP005,Kolkata,Supermarket,14800,1850.0,East,32.4,30.1,0,0,0,0
2026-08-10,S04,P08,2,988.0,5.0,1,31.0,0,2.0,29.0,20,4,Staples,Basmati Rice 5Kg,India Gate,520.0,415.0,365.0,SUP006,Kolkata,Supermarket,14800,1850.0,East,32.4,30.1,0,0,0,0
2026-08-10,S04,P09,6,1050.0,0.0,0,42.0,0,6.0,36.0,25,3,Staples,Sunflower Oil 1L,Fortune,175.0,140.0,270.0,SUP006,Kolkata,Supermarket,14800,1850.0,East,32.4,30.1,0,0,0,0
2026-08-10,S04,P10,0,0.0,0.0,0,34.0,0,0.0,34.0,35,3,Snacks,Gold Biscuits,Parle,60.0,45.0,180.0,SUP_UNKNOWN,Kolkata,Supermarket,14800,1850.0,East,32.4,30.1,0,0,0,0
2026-08-11,S01,P01,18,1122.0,5.36,1,81.0,0,18.0,63.0,40,1,Dairy,Fresh Milk,Amul,66.0,52.0,3.0,SUP001,Mumbai,Hypermarket,28500,3400.0,West,27.7,27.0,0,0,0,0
2026-08-11,S01,P02,5,1278.75,5.0,1,58.0,0,5.0,53.0,25,3,Dairy,Butter,Amul,275.0,235.0,180.0,SUP001,Mumbai,Hypermarket,28500,3400.0,West,27.7,27.0,0,0,0,0
2026-08-11,S01,P03,21,902.25,5.0,1,94.0,0,21.0,73.0,45,1,Bakery,Whole Wheat Bread,Britannia,45.0,34.0,6.0,SUP002,Mumbai,Hypermarket,28500,3400.0,West,27.7,27.0,0,0,0,0
2026-08-11,S01,P04,1,171.0,5.0,1,59.0,0,1.0,58.0,30,2,Produce,Royal Gala Apples,Farmfresh,180.0,130.0,12.0,SUP003,Mumbai,Hypermarket,28500,3400.0,West,27.7,27.0,0,0,0,0
2026-08-11,S01,P05,12,438.0,5.0,1,115.0,0,12.0,103.0,50,2,Produce,Organic Potatoes,Greenfields,40.0,25.0,12.0,SUP003,Mumbai,Hypermarket,28500,3400.0,West,27.7,27.0,0,0,0,0
2026-08-11,S01,P06,2,612.0,10.0,1,42.0,0,2.0,40.0,20,4,Beverages,Tea Gold,Tata,340.0,270.0,365.0,SUP004,Mumbai,Hypermarket,28500,3400.0,West,27.7,27.0,0,0,0,0
2026-08-11,S01,P07,10,1106.25,8.33,1,11.0,60,10.0,61.0,25,5,Personal Care,Antiseptic Soap,Dettol,125.0,95.0,730.0,SUP005,Mumbai,Hypermarket,28500,3400.0,West,27.7,27.0,0,0,0,0
2026-08-11,S01,P08,6,3068.0,3.33,1,29.0,0,6.0,23.0,20,4,Staples,Basmati Rice 5Kg,India Gate,520.0,415.0,365.0,SUP006,Mumbai,Hypermarket,28500,3400.0,West,27.7,27.0,0,0,0,0
2026-08-11,S01,P09,4,665.0,6.67,1,23.0,0,4.0,19.0,25,3,Staples,Sunflower Oil 1L,Fortune,175.0,140.0,270.0,SUP006,Mumbai,Hypermarket,28500,3400.0,West,27.7,27.0,0,0,0,0
2026-08-11,S01,P10,7,384.0,10.0,1,96.0,0,7.0,89.0,35,3,Snacks,Gold Biscuits,Parle,60.0,45.0,180.0,SUP_UNKNOWN,Mumbai,Hypermarket,28500,3400.0,West,27.7,27.0,0,0,0,0
2026-08-11,S02,P01,12,732.6,5.83,1,108.0,0,12.0,96.0,40,1,Dairy,Fresh Milk,Amul,66.0,52.0,3.0,SUP001,Delhi,Supermarket,16200,2250.0,North,32.2,22.1,0,0,0,0
2026-08-11,S02,P02,2,536.25,2.5,1,67.0,0,2.0,65.0,25,3,Dairy,Butter,Amul,275.0,235.0,180.0,SUP001,Delhi,Supermarket,16200,2250.0,North,32.2,22.1,0,0,0,0
2026-08-11,S02,P03,23,981.0,5.0,1,120.0,0,23.0,97.0,45,1,Bakery,Whole Wheat Bread,Britannia,45.0,34.0,6.0,SUP002,Delhi,Supermarket,16200,2250.0,North,32.2,22.1,0,0,0,0
2026-08-11,S02,P04,3,468.0,10.0,1,77.0,0,3.0,74.0,30,2,Produce,Royal Gala Apples,Farmfresh,180.0,130.0,12.0,SUP003,Delhi,Supermarket,16200,2250.0,North,32.2,22.1,0,0,0,0
2026-08-11,S02,P05,7,272.0,4.0,1,135.0,0,7.0,128.0,50,2,Produce,Organic Potatoes,Greenfields,40.0,25.0,12.0,SUP003,Delhi,Supermarket,16200,2250.0,North,32.2,22.1,0,0,0,0
2026-08-11,S02,P06,1,340.0,0.0,0,13.0,0,1.0,12.0,20,4,Beverages,Tea Gold,Tata,340.0,270.0,365.0,SUP004,Delhi,Supermarket,16200,2250.0,North,32.2,22.1,0,0,0,0
2026-08-11,S02,P07,3,362.5,5.0,1,25.0,0,3.0,22.0,25,5,Personal Care,Antiseptic Soap,Dettol,125.0,95.0,730.0,SUP005,Delhi,Supermarket,16200,2250.0,North,32.2,22.1,0,0,0,0
2026-08-11,S02,P08,4,1898.0,12.5,1,9.0,45,4.0,50.0,20,4,Staples,Basmati Rice 5Kg,India Gate,520.0,415.0,365.0,SUP006,Delhi,Supermarket,16200,2250.0,North,32.2,22.1,0,0,0,0
2026-08-11,S02,P09,4,700.0,0.0,0,18.0,0,4.0,14.0,25,3,Staples,Sunflower Oil 1L,Fortune,175.0,140.0,270.0,SUP006,Delhi,Supermarket,16200,2250.0,North,32.2,22.1,0,0,0,0
2026-08-11,S02,P10,6,357.0,2.5,1,78.0,0,6.0,72.0,35,3,Snacks,Gold Biscuits,Parle,60.0,45.0,180.0,SUP_UNKNOWN,Delhi,Supermarket,16200,2250.0,North,32.2,22.1,0,0,0,0
2026-08-11,S03,P01,11,686.4,6.25,1,120.0,0,11.0,109.0,40,1,Dairy,Fresh Milk,Amul,66.0,52.0,3.0,SUP001,Bengaluru,Express,6400,2250.0,South,24.5,0.0,0,0,0,0
2026-08-11,S03,P02,0,0.0,0.0,0,46.0,0,0.0,46.0,25,3,Dairy,Butter,Amul,275.0,235.0,180.0,SUP001,Bengaluru,Express,6400,2250.0,South,24.5,0.0,0,0,0,0
2026-08-11,S03,P03,0,0.0,0.0,0,132.0,0,0.0,132.0,45,1,Bakery,Whole Wheat Bread,Britannia,45.0,34.0,6.0,SUP002,Bengaluru,Express,6400,2250.0,South,24.5,0.0,0,0,0,0
2026-08-11,S03,P04,0,0.0,0.0,0,45.0,0,0.0,45.0,30,2,Produce,Royal Gala Apples,Farmfresh,180.0,130.0,12.0,SUP003,Bengaluru,Express,6400,2250.0,South,24.5,0.0,0,0,0,0
2026-08-11,S03,P05,2,68.0,15.0,1,74.0,0,2.0,72.0,50,2,Produce,Organic Potatoes,Greenfields,40.0,25.0,12.0,SUP003,Bengaluru,Express,6400,2250.0,South,24.5,0.0,0,0,0,0
2026-08-11,S03,P06,1,340.0,0.0,0,40.0,0,1.0,39.0,20,4,Beverages,Tea Gold,Tata,340.0,270.0,365.0,SUP004,Bengaluru,Express,6400,2250.0,South,24.5,0.0,0,0,0,0
2026-08-11,S03,P07,0,0.0,0.0,0,44.0,0,0.0,44.0,25,5,Personal Care,Antiseptic Soap,Dettol,125.0,95.0,730.0,SUP005,Bengaluru,Express,6400,2250.0,South,24.5,0.0,0,0,0,0
2026-08-11,S03,P08,1,520.0,0.0,0,34.0,0,1.0,33.0,20,4,Staples,Basmati Rice 5Kg,India Gate,520.0,415.0,365.0,SUP006,Bengaluru,Express,6400,2250.0,South,24.5,0.0,0,0,0,0
2026-08-11,S03,P09,3,507.5,5.0,1,45.0,0,3.0,42.0,25,3,Staples,Sunflower Oil 1L,Fortune,175.0,140.0,270.0,SUP006,Bengaluru,Express,6400,2250.0,South,24.5,0.0,0,0,0,0
2026-08-11,S03,P10,2,120.0,0.0,0,59.0,0,2.0,57.0,35,3,Snacks,Gold Biscuits,Parle,60.0,45.0,180.0,SUP_UNKNOWN,Bengaluru,Express,6400,2250.0,South,24.5,0.0,0,0,0,0
2026-08-11,S04,P01,2,118.8,10.0,1,82.0,0,2.0,80.0,40,1,Dairy,Fresh Milk,Amul,66.0,52.0,3.0,SUP001,Kolkata,Supermarket,14800,1850.0,East,31.9,0.0,0,0,0,0
2026-08-11,S04,P02,4,1045.0,10.0,1,27.0,0,4.0,23.0,25,3,Dairy,Butter,Amul,275.0,235.0,180.0,SUP001,Kolkata,Supermarket,14800,1850.0,East,31.9,0.0,0,0,0,0
2026-08-11,S04,P03,13,555.75,5.56,1,84.0,0,13.0,71.0,45,1,Bakery,Whole Wheat Bread,Britannia,45.0,34.0,6.0,SUP002,Kolkata,Supermarket,14800,1850.0,East,31.9,0.0,0,0,0,0
2026-08-11,S04,P04,4,657.0,11.67,1,27.0,70,4.0,93.0,30,2,Produce,Royal Gala Apples,Farmfresh,180.0,130.0,12.0,SUP003,Kolkata,Supermarket,14800,1850.0,East,31.9,0.0,0,0,0,0
2026-08-11,S04,P05,13,464.0,8.33,1,156.0,0,13.0,143.0,50,2,Produce,Organic Potatoes,Greenfields,40.0,25.0,12.0,SUP003,Kolkata,Supermarket,14800,1850.0,East,31.9,0.0,0,0,0,0
2026-08-11,S04,P06,2,680.0,0.0,0,21.0,0,2.0,19.0,20,4,Beverages,Tea Gold,Tata,340.0,270.0,365.0,SUP004,Kolkata,Supermarket,14800,1850.0,East,31.9,0.0,0,0,0,0
2026-08-11,S04,P07,0,0.0,0.0,0,51.0,0,0.0,51.0,25,5,Personal Care,Antiseptic Soap,Dettol,125.0,95.0,730.0,SUP005,Kolkata,Supermarket,14800,1850.0,East,31.9,0.0,0,0,0,0
2026-08-11,S04,P08,1,520.0,0.0,0,29.0,0,1.0,28.0,20,4,Staples,Basmati Rice 5Kg,India Gate,520.0,415.0,365.0,SUP006,Kolkata,Supermarket,14800,1850.0,East,31.9,0.0,0,0,0,0
2026-08-11,S04,P09,5,875.0,0.0,0,36.0,0,5.0,31.0,25,3,Staples,Sunflower Oil 1L,Fortune,175.0,140.0,270.0,SUP006,Kolkata,Supermarket,14800,1850.0,East,31.9,0.0,0,0,0,0
2026-08-11,S04,P10,1,51.0,15.0,1,34.0,0,1.0,33.0,35,3,Snacks,Gold Biscuits,Parle,60.0,45.0,180.0,SUP_UNKNOWN,Kolkata,Supermarket,14800,1850.0,East,31.9,0.0,0,0,0,0
2026-08-12,S01,P01,29,1762.2,6.15,1,63.0,0,29.0,34.0,40,1,Dairy,Fresh Milk,Amul,66.0,52.0,3.0,SUP001,Mumbai,Hypermarket,28500,3400.0,West,28.1,0.0,0,0,0,0
2026-08-12,S01,P02,2,550.0,0.0,0,53.0,0,2.0,51.0,25,3,Dairy,Butter,Amul,275.0,235.0,180.0,SUP001,Mumbai,Hypermarket,28500,3400.0,West,28.1,0.0,0,0,0,0
2026-08-12,S01,P03,11,486.0,4.0,1,73.0,0,11.0,62.0,45,1,Bakery,Whole Wheat Bread,Britannia,45.0,34.0,6.0,SUP002,Mumbai,Hypermarket,28500,3400.0,West,28.1,0.0,0,0,0,0
2026-08-12,S01,P04,7,1233.0,3.0,1,58.0,70,7.0,121.0,30,2,Produce,Royal Gala Apples,Farmfresh,180.0,130.0,12.0,SUP003,Mumbai,Hypermarket,28500,3400.0,West,28.1,0.0,0,0,0,0
2026-08-12,S01,P05,4,156.0,2.5,1,103.0,120,4.0,219.0,50,2,Produce,Organic Potatoes,Greenfields,40.0,25.0,12.0,SUP003,Mumbai,Hypermarket,28500,3400.0,West,28.1,0.0,0,0,0,0
2026-08-12,S01,P06,3,1020.0,0.0,0,40.0,0,3.0,37.0,20,4,Beverages,Tea Gold,Tata,340.0,270.0,365.0,SUP004,Mumbai,Hypermarket,28500,3400.0,West,28.1,0.0,0,0,0,0
2026-08-12,S01,P07,18,2156.25,4.29,1,61.0,0,18.0,43.0,25,5,Personal Care,Antiseptic Soap,Dettol,125.0,95.0,730.0,SUP005,Mumbai,Hypermarket,28500,3400.0,West,28.1,0.0,0,0,0,0
2026-08-12,S01,P08,2,988.0,5.0,1,23.0,0,2.0,21.0,20,4,Staples,Basmati Rice 5Kg,India Gate,520.0,415.0,365.0,SUP006,Mumbai,Hypermarket,28500,3400.0,West,28.1,0.0,0,0,0,0
2026-08-12,S01,P09,2,350.0,0.0,0,19.0,55,2.0,72.0,25,3,Staples,Sunflower Oil 1L,Fortune,175.0,140.0,270.0,SUP006,Mumbai,Hypermarket,28500,3400.0,West,28.1,0.0,0,0,0,0
2026-08-12,S01,P10,8,450.0,5.0,1,89.0,0,8.0,81.0,35,3,Snacks,Gold Biscuits,Parle,60.0,45.0,180.0,SUP_UNKNOWN,Mumbai,Hypermarket,28500,3400.0,West,28.1,0.0,0,0,0,0
2026-08-12,S02,P01,26,1620.3,3.46,1,96.0,0,26.0,70.0,40,1,Dairy,Fresh Milk,Amul,66.0,52.0,3.0,SUP001,Delhi,Supermarket,16200,2250.0,North,32.6,32.2,0,0,0,0
2026-08-12,S02,P02,5,1237.5,7.5,1,65.0,0,5.0,60.0,25,3,Dairy,Butter,Amul,275.0,235.0,180.0,SUP001,Delhi,Supermarket,16200,2250.0,North,32.6,32.2,0,0,0,0
2026-08-12,S02,P03,5,225.0,0.0,0,97.0,0,5.0,92.0,45,1,Bakery,Whole Wheat Bread,Britannia,45.0,34.0,6.0,SUP002,Delhi,Supermarket,16200,2250.0,North,32.6,32.2,0,0,0,0
2026-08-12,S02,P04,5,864.0,3.33,1,74.0,0,5.0,69.0,30,2,Produce,Royal Gala Apples,Farmfresh,180.0,130.0,12.0,SUP003,Delhi,Supermarket,16200,2250.0,North,32.6,32.2,0,0,0,0
2026-08-12,S02,P05,7,274.0,5.0,1,128.0,0,7.0,121.0,50,2,Produce,Organic Potatoes,Greenfields,40.0,25.0,12.0,SUP003,Delhi,Supermarket,16200,2250.0,North,32.6,32.2,0,0,0,0
2026-08-12,S02,P06,2,680.0,0.0,0,12.0,0,2.0,10.0,20,4,Beverages,Tea Gold,Tata,340.0,270.0,365.0,SUP004,Delhi,Supermarket,16200,2250.0,North,32.6,32.2,0,0,0,0
2026-08-12,S02,P07,1,125.0,0.0,0,22.0,0,1.0,21.0,25,5,Personal Care,Antiseptic Soap,Dettol,125.0,95.0,730.0,SUP005,Delhi,Supermarket,16200,2250.0,North,32.6,32.2,0,0,0,0
2026-08-12,S02,P08,0,0.0,0.0,0,50.0,0,0.0,50.0,20,4,Staples,Basmati Rice 5Kg,India Gate,520.0,415.0,365.0,SUP006,Delhi,Supermarket,16200,2250.0,North,32.6,32.2,0,0,0,0
2026-08-12,S02,P09,2,297.5,15.0,1,14.0,55,2.0,67.0,25,3,Staples,Sunflower Oil 1L,Fortune,175.0,140.0,270.0,SUP006,Delhi,Supermarket,16200,2250.0,North,32.6,32.2,0,0,0,0
2026-08-12,S02,P10,0,0.0,0.0,0,72.0,0,0.0,72.0,35,3,Snacks,Gold Biscuits,Parle,60.0,45.0,180.0,SUP_UNKNOWN,Delhi,Supermarket,16200,2250.0,North,32.6,32.2,0,0,0,0
2026-08-12,S03,P01,6,320.1,13.33,1,109.0,0,6.0,103.0,40,1,Dairy,Fresh Milk,Amul,66.0,52.0,3.0,SUP001,Bengaluru,Express,6400,2250.0,South,28.9,4.7,0,0,0,0
2026-08-12,S03,P02,0,0.0,0.0,0,46.0,0,0.0,46.0,25,3,Dairy,Butter,Amul,275.0,235.0,180.0,SUP001,Bengaluru,Express,6400,2250.0,South,28.9,4.7,0,0,0,0
2026-08-12,S03,P03,7,303.75,4.0,1,132.0,0,7.0,125.0,45,1,Bakery,Whole Wheat Bread,Britannia,45.0,34.0,6.0,SUP002,Bengaluru,Express,6400,2250.0,South,28.9,4.7,0,0,0,0
2026-08-12,S03,P04,6,1053.0,2.5,1,45.0,0,6.0,39.0,30,2,Produce,Royal Gala Apples,Farmfresh,180.0,130.0,12.0,SUP003,Bengaluru,Express,6400,2250.0,South,28.9,4.7,0,0,0,0
2026-08-12,S03,P05,3,110.0,8.33,1,72.0,0,3.0,69.0,50,2,Produce,Organic Potatoes,Greenfields,40.0,25.0,12.0,SUP003,Bengaluru,Express,6400,2250.0,South,28.9,4.7,0,0,0,0
2026-08-12,S03,P06,5,1445.0,15.0,1,39.0,0,5.0,34.0,20,4,Beverages,Tea Gold,Tata,340.0,270.0,365.0,SUP004,Bengaluru,Express,6400,2250.0,South,28.9,4.7,0,0,0,0
2026-08-12,S03,P07,0,0.0,0.0,0,44.0,0,0.0,44.0,25,5,Personal Care,Antiseptic Soap,Dettol,125.0,95.0,730.0,SUP005,Bengaluru,Express,6400,2250.0,South,28.9,4.7,0,0,0,0
2026-08-12,S03,P08,5,2210.0,15.0,1,33.0,0,5.0,28.0,20,4,Staples,Basmati Rice 5Kg,India Gate,520.0,415.0,365.0,SUP006,Bengaluru,Express,6400,2250.0,South,28.9,4.7,0,0,0,0
2026-08-12,S03,P09,2,350.0,0.0,0,42.0,0,2.0,40.0,25,3,Staples,Sunflower Oil 1L,Fortune,175.0,140.0,270.0,SUP006,Bengaluru,Express,6400,2250.0,South,28.9,4.7,0,0,0,0
2026-08-12,S03,P10,0,0.0,0.0,0,57.0,0,0.0,57.0,35,3,Snacks,Gold Biscuits,Parle,60.0,45.0,180.0,SUP_UNKNOWN,Bengaluru,Express,6400,2250.0,South,28.9,4.7,0,0,0,0
2026-08-12,S04,P01,5,300.3,8.33,1,80.0,0,5.0,75.0,40,1,Dairy,Fresh Milk,Amul,66.0,52.0,3.0,SUP001,Kolkata,Supermarket,14800,1850.0,East,35.6,0.0,0,0,0,0
2026-08-12,S04,P02,9,2337.5,8.33,1,23.0,0,9.0,14.0,25,3,Dairy,Butter,Amul,275.0,235.0,180.0,SUP001,Kolkata,Supermarket,14800,1850.0,East,35.6,0.0,0,0,0,0
2026-08-12,S04,P03,7,297.0,6.0,1,71.0,0,7.0,64.0,45,1,Bakery,Whole Wheat Bread,Britannia,45.0,34.0,6.0,SUP002,Kolkata,Supermarket,14800,1850.0,East,35.6,0.0,0,0,0,0
2026-08-12,S04,P04,2,315.0,12.5,1,93.0,0,2.0,91.0,30,2,Produce,Royal Gala Apples,Farmfresh,180.0,130.0,12.0,SUP003,Kolkata,Supermarket,14800,1850.0,East,35.6,0.0,0,0,0,0
2026-08-12,S04,P05,3,100.0,16.67,1,143.0,0,3.0,140.0,50,2,Produce,Organic Potatoes,Greenfields,40.0,25.0,12.0,SUP003,Kolkata,Supermarket,14800,1850.0,East,35.6,0.0,0,0,0,0
2026-08-12,S04,P06,1,340.0,0.0,0,19.0,0,1.0,18.0,20,4,Beverages,Tea Gold,Tata,340.0,270.0,365.0,SUP004,Kolkata,Supermarket,14800,1850.0,East,35.6,0.0,0,0,0,0
2026-08-12,S04,P07,0,0.0,0.0,0,51.0,0,0.0,51.0,25,5,Personal Care,Antiseptic Soap,Dettol,125.0,95.0,730.0,SUP005,Kolkata,Supermarket,14800,1850.0,East,35.6,0.0,0,0,0,0
2026-08-12,S04,P08,2,936.0,10.0,1,28.0,0,2.0,26.0,20,4,Staples,Basmati Rice 5Kg,India Gate,520.0,415.0,365.0,SUP006,Kolkata,Supermarket,14800,1850.0,East,35.6,0.0,0,0,0,0
2026-08-12,S04,P09,2,350.0,0.0,0,31.0,0,2.0,29.0,25,3,Staples,Sunflower Oil 1L,Fortune,175.0,140.0,270.0,SUP006,Kolkata,Supermarket,14800,1850.0,East,35.6,0.0,0,0,0,0
2026-08-12,S04,P10,3,162.0,10.0,1,33.0,80,3.0,110.0,35,3,Snacks,Gold Biscuits,Parle,60.0,45.0,180.0,SUP_UNKNOWN,Kolkata,Supermarket,14800,1850.0,East,35.6,0.0,0,0,0,0
2026-08-13,S01,P01,7,432.3,7.5,1,34.0,100,7.0,127.0,40,1,Dairy,Fresh Milk,Amul,66.0,52.0,3.0,SUP001,Mumbai,Hypermarket,28500,3400.0,West,27.3,65.7,0,0,0,0
2026-08-13,S01,P02,6,1498.75,7.5,1,51.0,60,6.0,105.0,25,3,Dairy,Butter,Amul,275.0,235.0,180.0,SUP001,Mumbai,Hypermarket,28500,3400.0,West,27.3,65.7,0,0,0,0
2026-08-13,S01,P03,18,789.75,3.18,1,62.0,0,18.0,44.0,45,1,Bakery,Whole Wheat Bread,Britannia,45.0,34.0,6.0,SUP002,Mumbai,Hypermarket,28500,3400.0,West,27.3,65.7,0,0,0,0
2026-08-13,S01,P04,12,1989.0,5.71,1,121.0,0,12.0,109.0,30,2,Produce,Royal Gala Apples,Farmfresh,180.0,130.0,12.0,SUP003,Mumbai,Hypermarket,28500,3400.0,West,27.3,65.7,0,0,0,0
2026-08-13,S01,P05,24,888.0,8.89,1,219.0,0,24.0,195.0,50,2,Produce,Organic Potatoes,Greenfields,40.0,25.0,12.0,SUP003,Mumbai,Hypermarket,28500,3400.0,West,27.3,65.7,0,0,0,0
2026-08-13,S01,P06,4,1275.0,6.25,1,37.0,0,4.0,33.0,20,4,Beverages,Tea Gold,Tata,340.0,270.0,365.0,SUP004,Mumbai,Hypermarket,28500,3400.0,West,27.3,65.7,0,0,0,0
2026-08-13,S01,P07,0,0.0,0.0,0,43.0,0,0.0,43.0,25,5,Personal Care,Antiseptic Soap,Dettol,125.0,95.0,730.0,SUP005,Mumbai,Hypermarket,28500,3400.0,West,27.3,65.7,0,0,0,0
2026-08-13,S01,P08,5,2600.0,0.0,0,21.0,0,5.0,16.0,20,4,Staples,Basmati Rice 5Kg,India Gate,520.0,415.0,365.0,SUP006,Mumbai,Hypermarket,28500,3400.0,West,27.3,65.7,0,0,0,0
2026-08-13,S01,P09,4,656.25,8.33,1,72.0,0,4.0,68.0,25,3,Staples,Sunflower Oil 1L,Fortune,175.0,140.0,270.0,SUP006,Mumbai,Hypermarket,28500,3400.0,West,27.3,65.7,0,0,0,0
2026-08-13,S01,P10,7,405.0,3.75,1,81.0,0,7.0,74.0,35,3,Snacks,Gold Biscuits,Parle,60.0,45.0,180.0,SUP_UNKNOWN,Mumbai,Hypermarket,28500,3400.0,West,27.3,65.7,0,0,0,0
2026-08-13,S02,P01,27,1699.5,6.0,1,70.0,0,27.0,43.0,40,1,Dairy,Fresh Milk,Amul,66.0,52.0,3.0,SUP001,Delhi,Supermarket,16200,2250.0,North,30.8,0.0,0,0,0,0
2026-08-13,S02,P02,4,1100.0,0.0,0,60.0,0,4.0,56.0,25,3,Dairy,Butter,Amul,275.0,235.0,180.0,SUP001,Delhi,Supermarket,16200,2250.0,North,30.8,0.0,0,0,0,0
2026-08-13,S02,P03,14,618.75,1.0,1,92.0,0,14.0,78.0,45,1,Bakery,Whole Wheat Bread,Britannia,45.0,34.0,6.0,SUP002,Delhi,Supermarket,16200,2250.0,North,30.8,0.0,0,0,0,0
2026-08-13,S02,P04,12,1935.0,13.75,1,69.0,0,12.0,57.0,30,2,Produce,Royal Gala Apples,Farmfresh,180.0,130.0,12.0,SUP003,Delhi,Supermarket,16200,2250.0,North,30.8,0.0,0,0,0,0
2026-08-13,S02,P05,8,296.0,7.14,1,121.0,0,8.0,113.0,50,2,Produce,Organic Potatoes,Greenfields,40.0,25.0,12.0,SUP003,Delhi,Supermarket,16200,2250.0,North,30.8,0.0,0,0,0,0
2026-08-13,S02,P06,4,1258.0,5.0,1,10.0,0,4.0,6.0,20,4,Beverages,Tea Gold,Tata,340.0,270.0,365.0,SUP004,Delhi,Supermarket,16200,2250.0,North,30.8,0.0,0,0,0,0
2026-08-13,S02,P07,0,0.0,0.0,0,21.0,0,0.0,21.0,25,5,Personal Care,Antiseptic Soap,Dettol,125.0,95.0,730.0,SUP005,Delhi,Supermarket,16200,2250.0,North,30.8,0.0,0,0,0,0
2026-08-13,S02,P08,2,988.0,5.0,1,50.0,0,2.0,48.0,20,4,Staples,Basmati Rice 5Kg,India Gate,520.0,415.0,365.0,SUP006,Delhi,Supermarket,16200,2250.0,North,30.8,0.0,0,0,0,0
2026-08-13,S02,P09,0,0.0,0.0,0,67.0,0,0.0,67.0,25,3,Staples,Sunflower Oil 1L,Fortune,175.0,140.0,270.0,SUP006,Delhi,Supermarket,16200,2250.0,North,30.8,0.0,0,0,0,0
2026-08-13,S02,P10,125,7497.0,1.0,1,72.0,80,126.0,26.0,35,3,Snacks,Gold Biscuits,Parle,60.0,45.0,180.0,SUP_UNKNOWN,Delhi,Supermarket,16200,2250.0,North,30.8,0.0,0,0,0,0
2026-08-13,S03,P01,7,455.4,1.25,1,103.0,0,7.0,96.0,40,1,Dairy,Fresh Milk,Amul,66.0,52.0,3.0,SUP001,Bengaluru,Express,6400,2250.0,South,26.8,5.0,0,0,0,0
2026-08-13,S03,P02,3,742.5,7.5,1,46.0,0,3.0,43.0,25,3,Dairy,Butter,Amul,275.0,235.0,180.0,SUP001,Bengaluru,Express,6400,2250.0,South,26.8,5.0,0,0,0,0
2026-08-13,S03,P03,3,130.5,3.33,1,125.0,0,3.0,122.0,45,1,Bakery,Whole Wheat Bread,Britannia,45.0,34.0,6.0,SUP002,Bengaluru,Express,6400,2250.0,South,26.8,5.0,0,0,0,0
2026-08-13,S03,P04,0,0.0,0.0,0,39.0,0,0.0,39.0,30,2,Produce,Royal Gala Apples,Farmfresh,180.0,130.0,12.0,SUP003,Bengaluru,Express,6400,2250.0,South,26.8,5.0,0,0,0,0
2026-08-13,S03,P05,3,120.0,0.0,0,69.0,0,3.0,66.0,50,2,Produce,Organic Potatoes,Greenfields,40.0,25.0,12.0,SUP003,Bengaluru,Express,6400,2250.0,South,26.8,5.0,0,0,0,0
2026-08-13,S03,P06,4,1343.0,1.25,1,34.0,0,4.0,30.0,20,4,Beverages,Tea Gold,Tata,340.0,270.0,365.0,SUP004,Bengaluru,Express,6400,2250.0,South,26.8,5.0,0,0,0,0
2026-08-13,S03,P07,0,0.0,0.0,0,44.0,0,0.0,44.0,25,5,Personal Care,Antiseptic Soap,Dettol,125.0,95.0,730.0,SUP005,Bengaluru,Express,6400,2250.0,South,26.8,5.0,0,0,0,0
2026-08-13,S03,P08,0,0.0,0.0,0,28.0,0,0.0,28.0,20,4,Staples,Basmati Rice 5Kg,India Gate,520.0,415.0,365.0,SUP006,Bengaluru,Express,6400,2250.0,South,26.8,5.0,0,0,0,0
2026-08-13,S03,P09,0,0.0,0.0,0,40.0,0,0.0,40.0,25,3,Staples,Sunflower Oil 1L,Fortune,175.0,140.0,270.0,SUP006,Bengaluru,Express,6400,2250.0,South,26.8,5.0,0,0,0,0
2026-08-13,S03,P10,2,90.0,25.0,1,57.0,0,2.0,55.0,35,3,Snacks,Gold Biscuits,Parle,60.0,45.0,180.0,SUP_UNKNOWN,Bengaluru,Express,6400,2250.0,South,26.8,5.0,0,0,0,0
2026-08-13,S04,P01,17,1092.3,3.0,1,75.0,0,17.0,58.0,40,1,Dairy,Fresh Milk,Amul,66.0,52.0,3.0,SUP001,Kolkata,Supermarket,14800,1850.0,East,32.5,6.9,0,0,0,0
2026-08-13,S04,P02,3,825.0,0.0,0,14.0,0,3.0,11.0,25,3,Dairy,Butter,Amul,275.0,235.0,180.0,SUP001,Kolkata,Supermarket,14800,1850.0,East,32.5,6.9,0,0,0,0
2026-08-13,S04,P03,8,315.0,10.0,1,64.0,0,8.0,56.0,45,1,Bakery,Whole Wheat Bread,Britannia,45.0,34.0,6.0,SUP002,Kolkata,Supermarket,14800,1850.0,East,32.5,6.9,0,0,0,0
2026-08-13,S04,P04,6,1071.0,1.25,1,91.0,0,6.0,85.0,30,2,Produce,Royal Gala Apples,Farmfresh,180.0,130.0,12.0,SUP003,Kolkata,Supermarket,14800,1850.0,East,32.5,6.9,0,0,0,0
2026-08-13,S04,P05,2,80.0,0.0,0,140.0,0,2.0,138.0,50,2,Produce,Organic Potatoes,Greenfields,40.0,25.0,12.0,SUP003,Kolkata,Supermarket,14800,1850.0,East,32.5,6.9,0,0,0,0
2026-08-13,S04,P06,1,340.0,0.0,0,18.0,0,1.0,17.0,20,4,Beverages,Tea Gold,Tata,340.0,270.0,365.0,SUP004,Kolkata,Supermarket,14800,1850.0,East,32.5,6.9,0,0,0,0
2026-08-13,S04,P07,1,106.25,15.0,1,51.0,0,1.0,50.0,25,5,Personal Care,Antiseptic Soap,Dettol,125.0,95.0,730.0,SUP005,Kolkata,Supermarket,14800,1850.0,East,32.5,6.9,0,0,0,0
2026-08-13,S04,P08,1,520.0,0.0,0,26.0,0,1.0,25.0,20,4,Staples,Basmati Rice 5Kg,India Gate,520.0,415.0,365.0,SUP006,Kolkata,Supermarket,14800,1850.0,East,32.5,6.9,0,0,0,0
2026-08-13,S04,P09,0,0.0,0.0,0,29.0,0,0.0,29.0,25,3,Staples,Sunflower Oil 1L,Fortune,175.0,140.0,270.0,SUP006,Kolkata,Supermarket,14800,1850.0,East,32.5,6.9,0,0,0,0
2026-08-13,S04,P10,1,51.0,15.0,1,110.0,0,1.0,109.0,35,3,Snacks,Gold Biscuits,Parle,60.0,45.0,180.0,SUP_UNKNOWN,Kolkata,Supermarket,14800,1850.0,East,32.5,6.9,0,0,0,0
2026-08-14,S01,P01,10,660.0,0.0,0,127.0,0,11.0,116.0,40,1,Dairy,Fresh Milk,Amul,66.0,52.0,3.0,SUP001,Mumbai,Hypermarket,28500,3400.0,West,31.4,36.9,0,0,0,0
2026-08-14,S01,P02,8,1980.0,8.0,1,29.0,0,8.0,21.0,25,3,Dairy,Butter,Amul,275.0,235.0,180.0,SUP001,Mumbai,Hypermarket,28500,3400.0,West,31.4,36.9,0,0,0,0
2026-08-14,S01,P03,18,762.75,5.0,1,44.0,90,18.0,116.0,45,1,Bakery,Whole Wheat Bread,Britannia,45.0,34.0,6.0,SUP002,Mumbai,Hypermarket,28500,3400.0,West,31.4,36.9,0,0,0,0
2026-08-14,S01,P04,12,2061.0,5.83,1,109.0,70,12.0,167.0,30,2,Produce,Royal Gala Apples,Farmfresh,180.0,130.0,12.0,SUP003,Mumbai,Hypermarket,28500,3400.0,West,31.4,36.9,0,0,0,0
2026-08-14,S01,P05,9,332.0,6.67,1,195.0,120,9.0,306.0,50,2,Produce,Organic Potatoes,Greenfields,40.0,25.0,12.0,SUP003,Mumbai,Hypermarket,28500,3400.0,West,31.4,36.9,0,0,0,0
2026-08-14,S01,P06,5,1479.0,15.0,1,33.0,0,5.0,28.0,20,4,Beverages,Tea Gold,Tata,340.0,270.0,365.0,SUP004,Mumbai,Hypermarket,28500,3400.0,West,31.4,36.9,0,0,0,0
2026-08-14,S01,P07,5,618.75,1.67,1,43.0,0,5.0,38.0,25,5,Personal Care,Antiseptic Soap,Dettol,125.0,95.0,730.0,SUP005,Mumbai,Hypermarket,28500,3400.0,West,31.4,36.9,0,0,0,0
2026-08-14,S01,P08,3,1560.0,0.0,0,16.0,0,3.0,13.0,20,4,Staples,Basmati Rice 5Kg,India Gate,520.0,415.0,365.0,SUP006,Mumbai,Hypermarket,28500,3400.0,West,31.4,36.9,0,0,0,0
2026-08-14,S01,P09,12,1995.0,6.0,1,68.0,0,12.0,56.0,25,3,Staples,Sunflower Oil 1L,Fortune,175.0,140.0,270.0,SUP006,Mumbai,Hypermarket,28500,3400.0,West,31.4,36.9,0,0,0,0
2026-08-14,S01,P10,5,279.0,8.75,1,74.0,0,5.0,69.0,35,3,Snacks,Gold Biscuits,Parle,60.0,45.0,180.0,SUP_UNKNOWN,Mumbai,Hypermarket,28500,3400.0,West,31.4,36.9,0,0,0,0
2026-08-14,S02,P01,7,455.4,1.67,1,43.0,0,7.0,36.0,40,1,Dairy,Fresh Milk,Amul,66.0,52.0,3.0,SUP001,Delhi,Supermarket,16200,2250.0,North,15.0,40.4,0,0,0,0
2026-08-14,S02,P02,5,1265.0,5.0,1,56.0,0,5.0,51.0,25,3,Dairy,Butter,Amul,275.0,235.0,180.0,SUP001,Delhi,Supermarket,16200,2250.0,North,15.0,40.4,0,0,0,0
2026-08-14,S02,P03,6,261.0,3.75,1,78.0,0,6.0,72.0,45,1,Bakery,Whole Wheat Bread,Britannia,45.0,34.0,6.0,SUP002,Delhi,Supermarket,16200,2250.0,North,15.0,40.4,0,0,0,0
2026-08-14,S02,P04,6,1053.0,3.75,1,57.0,0,6.0,51.0,30,2,Produce,Royal Gala Apples,Farmfresh,180.0,130.0,12.0,SUP003,Delhi,Supermarket,16200,2250.0,North,15.0,40.4,0,0,0,0
2026-08-14,S02,P05,14,508.0,10.56,1,113.0,0,14.0,99.0,50,2,Produce,Organic Potatoes,Greenfields,40.0,25.0,12.0,SUP003,Delhi,Supermarket,16200,2250.0,North,15.0,40.4,0,0,0,0
2026-08-14,S02,P06,3,1020.0,0.0,0,6.0,50,3.0,53.0,20,4,Beverages,Tea Gold,Tata,340.0,270.0,365.0,SUP004,Delhi,Supermarket,16200,2250.0,North,15.0,40.4,0,0,0,0
2026-08-14,S02,P07,2,237.5,5.0,1,21.0,0,2.0,19.0,25,5,Personal Care,Antiseptic Soap,Dettol,125.0,95.0,730.0,SUP005,Delhi,Supermarket,16200,2250.0,North,15.0,40.4,0,0,0,0
2026-08-14,S02,P08,3,1352.0,12.5,1,48.0,0,3.0,45.0,20,4,Staples,Basmati Rice 5Kg,India Gate,520.0,415.0,365.0,SUP006,Delhi,Supermarket,16200,2250.0,North,15.0,40.4,0,0,0,0
2026-08-14,S02,P09,0,0.0,0.0,0,67.0,0,0.0,67.0,25,3,Staples,Sunflower Oil 1L,Fortune,175.0,140.0,270.0,SUP006,Delhi,Supermarket,16200,2250.0,North,15.0,40.4,0,0,0,0
2026-08-14,S02,P10,10,600.0,0.0,0,26.0,0,10.0,16.0,35,3,Snacks,Gold Biscuits,Parle,60.0,45.0,180.0,SUP_UNKNOWN,Delhi,Supermarket,16200,2250.0,North,15.0,40.4,0,0,0,0
2026-08-14,S03,P01,8,501.6,5.0,1,96.0,0,8.0,88.0,40,1,Dairy,Fresh Milk,Amul,66.0,52.0,3.0,SUP001,Bengaluru,Express,6400,2250.0,South,27.2,0.0,0,0,0,1
2026-08-14,S03,P02,0,0.0,0.0,0,43.0,0,0.0,43.0,25,3,Dairy,Butter,Amul,275.0,235.0,180.0,SUP001,Bengaluru,Express,6400,2250.0,South,27.2,0.0,0,0,0,1
2026-08-14,S03,P03,6,243.0,5.0,1,122.0,0,6.0,116.0,45,1,Bakery,Whole Wheat Bread,Britannia,45.0,34.0,6.0,SUP002,Bengaluru,Express,6400,2250.0,South,27.2,0.0,0,0,0,1
2026-08-14,S03,P04,1,171.0,5.0,1,39.0,0,1.0,38.0,30,2,Produce,Royal Gala Apples,Farmfresh,180.0,130.0,12.0,SUP003,Bengaluru,Express,6400,2250.0,South,27.2,0.0,0,0,0,1
2026-08-14,S03,P05,4,148.0,6.67,1,66.0,0,4.0,62.0,50,2,Produce,Organic Potatoes,Greenfields,40.0,25.0,12.0,SUP003,Bengaluru,Express,6400,2250.0,South,27.2,0.0,0,0,0,1
2026-08-14,S03,P06,0,0.0,0.0,0,30.0,0,0.0,30.0,20,4,Beverages,Tea Gold,Tata,340.0,270.0,365.0,SUP004,Bengaluru,Express,6400,2250.0,South,27.2,0.0,0,0,0,1
2026-08-14,S03,P07,2,250.0,0.0,0,44.0,0,2.0,42.0,25,5,Personal Care,Antiseptic Soap,Dettol,125.0,95.0,730.0,SUP005,Bengaluru,Express,6400,2250.0,South,27.2,0.0,0,0,0,1
2026-08-14,S03,P08,4,1924.0,7.5,1,28.0,0,4.0,24.0,20,4,Staples,Basmati Rice 5Kg,India Gate,520.0,415.0,365.0,SUP006,Bengaluru,Express,6400,2250.0,South,27.2,0.0,0,0,0,1
2026-08-14,S03,P09,2,350.0,0.0,0,40.0,0,2.0,38.0,25,3,Staples,Sunflower Oil 1L,Fortune,175.0,140.0,270.0,SUP006,Bengaluru,Express,6400,2250.0,South,27.2,0.0,0,0,0,1
2026-08-14,S03,P10,3,177.0,2.5,1,55.0,0,3.0,52.0,35,3,Snacks,Gold Biscuits,Parle,60.0,45.0,180.0,SUP_UNKNOWN,Bengaluru,Express,6400,2250.0,South,27.2,0.0,0,0,0,1
2026-08-14,S04,P01,10,636.9,3.33,1,58.0,0,10.0,48.0,40,1,Dairy,Fresh Milk,Amul,66.0,52.0,3.0,SUP001,Kolkata,Supermarket,14800,1850.0,East,32.7,10.6,0,0,0,0
2026-08-14,S04,P02,6,1567.5,7.5,1,11.0,60,6.0,65.0,25,3,Dairy,Butter,Amul,275.0,235.0,180.0,SUP001,Kolkata,Supermarket,14800,1850.0,East,32.7,10.6,0,0,0,0
2026-08-14,S04,P03,11,461.25,7.86,1,56.0,0,11.0,45.0,45,1,Bakery,Whole Wheat Bread,Britannia,45.0,34.0,6.0,SUP002,Kolkata,Supermarket,14800,1850.0,East,32.7,10.6,0,0,0,0
2026-08-14,S04,P04,0,0.0,0.0,0,85.0,0,0.0,85.0,30,2,Produce,Royal Gala Apples,Farmfresh,180.0,130.0,12.0,SUP003,Kolkata,Supermarket,14800,1850.0,East,32.7,10.6,0,0,0,0
2026-08-14,S04,P05,7,276.0,1.67,1,138.0,0,7.0,131.0,50,2,Produce,Organic Potatoes,Greenfields,40.0,25.0,12.0,SUP003,Kolkata,Supermarket,14800,1850.0,East,32.7,10.6,0,0,0,0
2026-08-14,S04,P06,1,255.0,25.0,1,17.0,0,1.0,16.0,20,4,Beverages,Tea Gold,Tata,340.0,270.0,365.0,SUP004,Kolkata,Supermarket,14800,1850.0,East,32.7,10.6,0,0,0,0
2026-08-14,S04,P07,1,112.5,10.0,1,50.0,0,1.0,49.0,25,5,Personal Care,Antiseptic Soap,Dettol,125.0,95.0,730.0,SUP005,Kolkata,Supermarket,14800,1850.0,East,32.7,10.6,0,0,0,0
2026-08-14,S04,P08,0,0.0,0.0,0,25.0,0,0.0,25.0,20,4,Staples,Basmati Rice 5Kg,India Gate,520.0,415.0,365.0,SUP006,Kolkata,Supermarket,14800,1850.0,East,32.7,10.6,0,0,0,0
2026-08-14,S04,P09,0,0.0,0.0,0,29.0,0,0.0,29.0,25,3,Staples,Sunflower Oil 1L,Fortune,175.0,140.0,270.0,SUP006,Kolkata,Supermarket,14800,1850.0,East,32.7,10.6,0,0,0,0
2026-08-14,S04,P10,0,0.0,0.0,0,109.0,0,0.0,109.0,35,3,Snacks,Gold Biscuits,Parle,60.0,45.0,180.0,SUP_UNKNOWN,Kolkata,Supermarket,14800,1850.0,East,32.7,10.6,0,0,0,0
2026-08-15,S01,P01,38,2316.6,5.68,1,116.0,0,38.0,78.0,40,1,Dairy,Fresh Milk,Amul,66.0,52.0,3.0,SUP001,Mumbai,Hypermarket,28500,3400.0,West,29.4,0.0,1,1,1,0
2026-08-15,S01,P02,10,2653.75,3.89,1,21.0,0,10.0,11.0,25,3,Dairy,Butter,Amul,275.0,235.0,180.0,SUP001,Mumbai,Hypermarket,28500,3400.0,West,29.4,0.0,1,1,1,0
2026-08-15,S01,P03,45,1894.5,5.83,1,116.0,0,45.0,71.0,45,1,Bakery,Whole Wheat Bread,Britannia,45.0,34.0,6.0,SUP002,Mumbai,Hypermarket,28500,3400.0,West,29.4,0.0,1,1,1,0
2026-08-15,S01,P04,15,2664.0,1.25,1,167.0,0,15.0,152.0,30,2,Produce,Royal Gala Apples,Farmfresh,180.0,130.0,12.0,SUP003,Mumbai,Hypermarket,28500,3400.0,West,29.4,0.0,1,1,1,0
2026-08-15,S01,P05,33,1254.0,4.33,1,306.0,0,33.0,273.0,50,2,Produce,Organic Potatoes,Greenfields,40.0,25.0,12.0,SUP003,Mumbai,Hypermarket,28500,3400.0,West,29.4,0.0,1,1,1,0
2026-08-15,S01,P06,5,1547.0,10.0,1,28.0,0,5.0,23.0,20,4,Beverages,Tea Gold,Tata,340.0,270.0,365.0,SUP004,Mumbai,Hypermarket,28500,3400.0,West,29.4,0.0,1,1,1,0
2026-08-15,S01,P07,9,943.75,15.0,1,38.0,0,9.0,29.0,25,5,Personal Care,Antiseptic Soap,Dettol,125.0,95.0,730.0,SUP005,Mumbai,Hypermarket,28500,3400.0,West,29.4,0.0,1,1,1,0
2026-08-15,S01,P08,4,2002.0,2.5,1,13.0,0,4.0,9.0,20,4,Staples,Basmati Rice 5Kg,India Gate,520.0,415.0,365.0,SUP006,Mumbai,Hypermarket,28500,3400.0,West,29.4,0.0,1,1,1,0
2026-08-15,S01,P09,15,2441.25,8.12,1,56.0,0,15.0,41.0,25,3,Staples,Sunflower Oil 1L,Fortune,175.0,140.0,270.0,SUP006,Mumbai,Hypermarket,28500,3400.0,West,29.4,0.0,1,1,1,0
2026-08-15,S01,P10,11,633.0,3.75,1,69.0,0,11.0,58.0,35,3,Snacks,Gold Biscuits,Parle,60.0,45.0,180.0,SUP_UNKNOWN,Mumbai,Hypermarket,28500,3400.0,West,29.4,0.0,1,1,1,0
2026-08-15,S02,P01,97,5563.8,6.56,1,36.0,100,97.0,39.0,40,1,Dairy,Fresh Milk,Amul,66.0,52.0,3.0,SUP001,Delhi,Supermarket,16200,2250.0,North,33.8,0.0,1,1,1,0
2026-08-15,S02,P02,6,1608.75,2.0,1,51.0,0,6.0,45.0,25,3,Dairy,Butter,Amul,275.0,235.0,180.0,SUP001,Delhi,Supermarket,16200,2250.0,North,33.8,0.0,1,1,1,0
2026-08-15,S02,P03,28,1181.25,7.33,1,72.0,0,28.0,44.0,45,1,Bakery,Whole Wheat Bread,Britannia,45.0,34.0,6.0,SUP002,Delhi,Supermarket,16200,2250.0,North,33.8,0.0,1,1,1,0
2026-08-15,S02,P04,9,1512.0,4.29,1,51.0,0,9.0,42.0,30,2,Produce,Royal Gala Apples,Farmfresh,180.0,130.0,12.0,SUP003,Delhi,Supermarket,16200,2250.0,North,33.8,0.0,1,1,1,0
2026-08-15,S02,P05,10,386.0,2.5,1,99.0,0,10.0,89.0,50,2,Produce,Organic Potatoes,Greenfields,40.0,25.0,12.0,SUP003,Delhi,Supermarket,16200,2250.0,North,33.8,0.0,1,1,1,0
2026-08-15,S02,P06,4,1343.0,1.67,1,53.0,0,4.0,49.0,20,4,Beverages,Tea Gold,Tata,340.0,270.0,365.0,SUP004,Delhi,Supermarket,16200,2250.0,North,33.8,0.0,1,1,1,0
2026-08-15,S02,P07,14,1718.75,1.43,1,19.0,60,14.0,65.0,25,5,Personal Care,Antiseptic Soap,Dettol,125.0,95.0,730.0,SUP005,Delhi,Supermarket,16200,2250.0,North,33.8,0.0,1,1,1,0
2026-08-15,S02,P08,8,4030.0,4.17,1,45.0,0,8.0,37.0,20,4,Staples,Basmati Rice 5Kg,India Gate,520.0,415.0,365.0,SUP006,Delhi,Supermarket,16200,2250.0,North,33.8,0.0,1,1,1,0
2026-08-15,S02,P09,3,525.0,0.0,0,67.0,0,3.0,64.0,25,3,Staples,Sunflower Oil 1L,Fortune,175.0,140.0,270.0,SUP006,Delhi,Supermarket,16200,2250.0,North,33.8,0.0,1,1,1,0
2026-08-15,S02,P10,11,627.0,5.0,1,16.0,0,11.0,5.0,35,3,Snacks,Gold Biscuits,Parle,60.0,45.0,180.0,SUP_UNKNOWN,Delhi,Supermarket,16200,2250.0,North,33.8,0.0,1,1,1,0
2026-08-15,S03,P01,7,432.3,5.0,1,88.0,0,7.0,81.0,40,1,Dairy,Fresh Milk,Amul,66.0,52.0,3.0,SUP001,Bengaluru,Express,6400,2250.0,South,25.9,37.9,1,1,1,0
2026-08-15,S03,P02,8,1980.0,10.0,1,43.0,0,8.0,35.0,25,3,Dairy,Butter,Amul,275.0,235.0,180.0,SUP001,Bengaluru,Express,6400,2250.0,South,25.9,37.9,1,1,1,0
2026-08-15,S03,P03,8,357.75,0.83,1,116.0,0,8.0,108.0,45,1,Bakery,Whole Wheat Bread,Britannia,45.0,34.0,6.0,SUP002,Bengaluru,Express,6400,2250.0,South,25.9,37.9,1,1,1,0
2026-08-15,S03,P04,1,180.0,0.0,0,38.0,0,1.0,37.0,30,2,Produce,Royal Gala Apples,Farmfresh,180.0,130.0,12.0,SUP003,Bengaluru,Express,6400,2250.0,South,25.9,37.9,1,1,1,0
2026-08-15,S03,P05,12,438.0,7.5,1,62.0,0,12.0,50.0,50,2,Produce,Organic Potatoes,Greenfields,40.0,25.0,12.0,SUP003,Bengaluru,Express,6400,2250.0,South,25.9,37.9,1,1,1,0
2026-08-15,S03,P06,0,0.0,0.0,0,30.0,0,0.0,30.0,20,4,Beverages,Tea Gold,Tata,340.0,270.0,365.0,SUP004,Bengaluru,Express,6400,2250.0,South,25.9,37.9,1,1,1,0
2026-08-15,S03,P07,1,112.5,10.0,1,42.0,0,1.0,41.0,25,5,Personal Care,Antiseptic Soap,Dettol,125.0,95.0,730.0,SUP005,Bengaluru,Express,6400,2250.0,South,25.9,37.9,1,1,1,0
2026-08-15,S03,P08,2,988.0,5.0,1,24.0,0,2.0,22.0,20,4,Staples,Basmati Rice 5Kg,India Gate,520.0,415.0,365.0,SUP006,Bengaluru,Express,6400,2250.0,South,25.9,37.9,1,1,1,0
2026-08-15,S03,P09,2,332.5,5.0,1,38.0,0,2.0,36.0,25,3,Staples,Sunflower Oil 1L,Fortune,175.0,140.0,270.0,SUP006,Bengaluru,Express,6400,2250.0,South,25.9,37.9,1,1,1,0
2026-08-15,S03,P10,2,117.0,2.5,1,52.0,0,2.0,50.0,35,3,Snacks,Gold Biscuits,Parle,60.0,45.0,180.0,SUP_UNKNOWN,Bengaluru,Express,6400,2250.0,South,25.9,37.9,1,1,1,0
2026-08-15,S04,P01,19,1204.5,5.91,1,48.0,0,19.0,29.0,40,1,Dairy,Fresh Milk,Amul,66.0,52.0,3.0,SUP001,Kolkata,Supermarket,14800,1850.0,East,35.9,31.0,1,1,1,0
2026-08-15,S04,P02,4,880.0,20.0,1,65.0,0,4.0,61.0,25,3,Dairy,Butter,Amul,275.0,235.0,180.0,SUP001,Kolkata,Supermarket,14800,1850.0,East,35.9,31.0,1,1,1,0
2026-08-15,S04,P03,19,852.75,0.5,1,45.0,90,19.0,116.0,45,1,Bakery,Whole Wheat Bread,Britannia,45.0,34.0,6.0,SUP002,Kolkata,Supermarket,14800,1850.0,East,35.9,31.0,1,1,1,0
2026-08-15,S04,P04,5,855.0,8.33,1,85.0,0,5.0,80.0,30,2,Produce,Royal Gala Apples,Farmfresh,180.0,130.0,12.0,SUP003,Kolkata,Supermarket,14800,1850.0,East,35.9,31.0,1,1,1,0
2026-08-15,S04,P05,3,112.0,6.67,1,131.0,0,3.0,128.0,50,2,Produce,Organic Potatoes,Greenfields,40.0,25.0,12.0,SUP003,Kolkata,Supermarket,14800,1850.0,East,35.9,31.0,1,1,1,0
2026-08-15,S04,P06,2,646.0,5.0,1,16.0,50,2.0,64.0,20,4,Beverages,Tea Gold,Tata,340.0,270.0,365.0,SUP004,Kolkata,Supermarket,14800,1850.0,East,35.9,31.0,1,1,1,0
2026-08-15,S04,P07,3,375.0,0.0,0,49.0,0,3.0,46.0,25,5,Personal Care,Antiseptic Soap,Dettol,125.0,95.0,730.0,SUP005,Kolkata,Supermarket,14800,1850.0,East,35.9,31.0,1,1,1,0
2026-08-15,S04,P08,2,832.0,20.0,1,25.0,0,2.0,23.0,20,4,Staples,Basmati Rice 5Kg,India Gate,520.0,415.0,365.0,SUP006,Kolkata,Supermarket,14800,1850.0,East,35.9,31.0,1,1,1,0
2026-08-15,S04,P09,0,0.0,0.0,0,29.0,0,0.0,29.0,25,3,Staples,Sunflower Oil 1L,Fortune,175.0,140.0,270.0,SUP006,Kolkata,Supermarket,14800,1850.0,East,35.9,31.0,1,1,1,0
2026-08-15,S04,P10,9,519.0,3.33,1,109.0,0,9.0,100.0,35,3,Snacks,Gold Biscuits,Parle,60.0,45.0,180.0,SUP_UNKNOWN,Kolkata,Supermarket,14800,1850.0,East,35.9,31.0,1,1,1,0
2026-08-16,S01,P01,37,2379.3,7.29,1,78.0,0,37.0,41.0,40,1,Dairy,Fresh Milk,Amul,66.0,52.0,3.0,SUP001,Mumbai,Hypermarket,28500,3400.0,West,29.1,75.8,0,0,1,0
2026-08-16,S01,P02,8,2172.5,0.83,1,11.0,0,8.0,3.0,25,3,Dairy,Butter,Amul,275.0,235.0,180.0,SUP001,Mumbai,Hypermarket,28500,3400.0,West,29.1,75.8,0,0,1,0
2026-08-16,S01,P03,20,846.0,5.0,1,71.0,0,20.0,51.0,45,1,Bakery,Whole Wheat Bread,Britannia,45.0,34.0,6.0,SUP002,Mumbai,Hypermarket,28500,3400.0,West,29.1,75.8,0,0,1,0
2026-08-16,S01,P04,10,1800.0,0.0,0,152.0,70,10.0,212.0,30,2,Produce,Royal Gala Apples,Farmfresh,180.0,130.0,12.0,SUP003,Mumbai,Hypermarket,28500,3400.0,West,29.1,75.8,0,0,1,0
2026-08-16,S01,P05,522,16852.0,5.0,1,273.0,120,522.0,0.0,50,2,Produce,Organic Potatoes,Greenfields,40.0,25.0,12.0,SUP003,Mumbai,Hypermarket,28500,3400.0,West,29.1,75.8,0,0,1,0
2026-08-16,S01,P06,8,2550.0,5.0,1,23.0,0,8.0,15.0,20,4,Beverages,Tea Gold,Tata,340.0,270.0,365.0,SUP004,Mumbai,Hypermarket,28500,3400.0,West,29.1,75.8,0,0,1,0
2026-08-16,S01,P07,0,0.0,0.0,0,29.0,0,0.0,29.0,25,5,Personal Care,Antiseptic Soap,Dettol,125.0,95.0,730.0,SUP005,Mumbai,Hypermarket,28500,3400.0,West,29.1,75.8,0,0,1,0
2026-08-16,S01,P08,3,1404.0,7.5,1,9.0,0,3.0,6.0,20,4,Staples,Basmati Rice 5Kg,India Gate,520.0,415.0,365.0,SUP006,Mumbai,Hypermarket,28500,3400.0,West,29.1,75.8,0,0,1,0
2026-08-16,S01,P09,3,498.75,5.0,1,41.0,0,3.0,38.0,25,3,Staples,Sunflower Oil 1L,Fortune,175.0,140.0,270.0,SUP006,Mumbai,Hypermarket,28500,3400.0,West,29.1,75.8,0,0,1,0
2026-08-16,S01,P10,1,60.0,0.0,0,58.0,0,1.0,57.0,35,3,Snacks,Gold Biscuits,Parle,60.0,45.0,180.0,SUP_UNKNOWN,Mumbai,Hypermarket,28500,3400.0,West,29.1,75.8,0,0,1,0
2026-08-16,S02,P01,25,1587.3,11.07,1,39.0,100,25.0,114.0,40,1,Dairy,Fresh Milk,Amul,66.0,52.0,3.0,SUP001,Delhi,Supermarket,16200,2250.0,North,34.5,0.0,0,0,1,0
2026-08-16,S02,P02,6,1498.75,10.0,1,45.0,0,6.0,39.0,25,3,Dairy,Butter,Amul,275.0,235.0,180.0,SUP001,Delhi,Supermarket,16200,2250.0,North,34.5,0.0,0,0,1,0
2026-08-16,S02,P03,19,801.0,6.88,1,44.0,90,19.0,115.0,45,1,Bakery,Whole Wheat Bread,Britannia,45.0,34.0,6.0,SUP002,Delhi,Supermarket,16200,2250.0,North,34.5,0.0,0,0,1,0
2026-08-16,S02,P04,8,1368.0,5.0,1,42.0,0,10.0,32.0,30,2,Produce,Royal Gala Apples,Farmfresh,180.0,130.0,12.0,SUP003,Delhi,Supermarket,16200,2250.0,North,34.5,0.0,0,0,1,0
2026-08-16,S02,P05,10,372.0,5.0,1,89.0,0,10.0,79.0,50,2,Produce,Organic Potatoes,Greenfields,40.0,25.0,12.0,SUP003,Delhi,Supermarket,16200,2250.0,North,34.5,0.0,0,0,1,0
2026-08-16,S02,P06,7,2057.0,8.75,1,49.0,0,7.0,42.0,20,4,Beverages,Tea Gold,Tata,340.0,270.0,365.0,SUP004,Delhi,Supermarket,16200,2250.0,North,34.5,0.0,0,0,1,0
2026-08-16,S02,P07,5,500.0,20.0,1,65.0,0,5.0,60.0,25,5,Personal Care,Antiseptic Soap,Dettol,125.0,95.0,730.0,SUP005,Delhi,Supermarket,16200,2250.0,North,34.5,0.0,0,0,1,0
2026-08-16,S02,P08,1,442.0,15.0,1,37.0,0,1.0,36.0,20,4,Staples,Basmati Rice 5Kg,India Gate,520.0,415.0,365.0,SUP006,Delhi,Supermarket,16200,2250.0,North,34.5,0.0,0,0,1,0
2026-08-16,S02,P09,3,498.75,5.0,1,64.0,0,3.0,61.0,25,3,Staples,Sunflower Oil 1L,Fortune,175.0,140.0,270.0,SUP006,Delhi,Supermarket,16200,2250.0,North,34.5,0.0,0,0,1,0
2026-08-16,S02,P10,1,60.0,0.0,0,5.0,80,1.0,84.0,35,3,Snacks,Gold Biscuits,Parle,60.0,45.0,180.0,SUP_UNKNOWN,Delhi,Supermarket,16200,2250.0,North,34.5,0.0,0,0,1,0
2026-08-16,S03,P01,2,125.4,5.0,1,81.0,0,2.0,79.0,40,1,Dairy,Fresh Milk,Amul,66.0,52.0,3.0,SUP001,Bengaluru,Express,6400,2250.0,South,25.6,55.3,0,0,1,0
2026-08-16,S03,P02,1,275.0,0.0,0,35.0,0,1.0,34.0,25,3,Dairy,Butter,Amul,275.0,235.0,180.0,SUP001,Bengaluru,Express,6400,2250.0,South,25.6,55.3,0,0,1,0
2026-08-16,S03,P03,4,162.0,10.0,1,108.0,0,4.0,104.0,45,1,Bakery,Whole Wheat Bread,Britannia,45.0,34.0,6.0,SUP002,Bengaluru,Express,6400,2250.0,South,25.6,55.3,0,0,1,0
2026-08-16,S03,P04,2,360.0,0.0,0,37.0,0,2.0,35.0,30,2,Produce,Royal Gala Apples,Farmfresh,180.0,130.0,12.0,SUP003,Bengaluru,Express,6400,2250.0,South,25.6,55.3,0,0,1,0
2026-08-16,S03,P05,3,110.0,7.5,1,50.0,0,3.0,47.0,50,2,Produce,Organic Potatoes,Greenfields,40.0,25.0,12.0,SUP003,Bengaluru,Express,6400,2250.0,South,25.6,55.3,0,0,1,0
2026-08-16,S03,P06,1,340.0,0.0,0,30.0,0,1.0,29.0,20,4,Beverages,Tea Gold,Tata,340.0,270.0,365.0,SUP004,Bengaluru,Express,6400,2250.0,South,25.6,55.3,0,0,1,0
2026-08-16,S03,P07,0,0.0,0.0,0,41.0,0,0.0,41.0,25,5,Personal Care,Antiseptic Soap,Dettol,125.0,95.0,730.0,SUP005,Bengaluru,Express,6400,2250.0,South,25.6,55.3,0,0,1,0
2026-08-16,S03,P08,4,1560.0,25.0,1,22.0,0,4.0,18.0,20,4,Staples,Basmati Rice 5Kg,India Gate,520.0,415.0,365.0,SUP006,Bengaluru,Express,6400,2250.0,South,25.6,55.3,0,0,1,0
2026-08-16,S03,P09,2,315.0,10.0,1,36.0,0,2.0,34.0,25,3,Staples,Sunflower Oil 1L,Fortune,175.0,140.0,270.0,SUP006,Bengaluru,Express,6400,2250.0,South,25.6,55.3,0,0,1,0
2026-08-16,S03,P10,2,117.0,2.5,1,50.0,0,2.0,48.0,35,3,Snacks,Gold Biscuits,Parle,60.0,45.0,180.0,SUP_UNKNOWN,Bengaluru,Express,6400,2250.0,South,25.6,55.3,0,0,1,0
2026-08-16,S04,P01,16,1019.7,5.0,1,29.0,100,16.0,113.0,40,1,Dairy,Fresh Milk,Amul,66.0,52.0,3.0,SUP001,Kolkata,Supermarket,14800,1850.0,East,32.4,24.8,0,0,1,0
2026-08-16,S04,P02,5,1265.0,6.67,1,61.0,0,5.0,56.0,25,3,Dairy,Butter,Amul,275.0,235.0,180.0,SUP001,Kolkata,Supermarket,14800,1850.0,East,32.4,24.8,0,0,1,0
2026-08-16,S04,P03,13,573.75,1.88,1,116.0,0,13.0,103.0,45,1,Bakery,Whole Wheat Bread,Britannia,45.0,34.0,6.0,SUP002,Kolkata,Supermarket,14800,1850.0,East,32.4,24.8,0,0,1,0
2026-08-16,S04,P04,10,1629.0,8.0,1,80.0,0,10.0,70.0,30,2,Produce,Royal Gala Apples,Farmfresh,180.0,130.0,12.0,SUP003,Kolkata,Supermarket,14800,1850.0,East,32.4,24.8,0,0,1,0
2026-08-16,S04,P05,7,280.0,0.0,0,128.0,0,7.0,121.0,50,2,Produce,Organic Potatoes,Greenfields,40.0,25.0,12.0,SUP003,Kolkata,Supermarket,14800,1850.0,East,32.4,24.8,0,0,1,0
2026-08-16,S04,P06,5,1615.0,6.25,1,64.0,0,5.0,59.0,20,4,Beverages,Tea Gold,Tata,340.0,270.0,365.0,SUP004,Kolkata,Supermarket,14800,1850.0,East,32.4,24.8,0,0,1,0
2026-08-16,S04,P07,10,1187.5,3.33,1,46.0,0,10.0,36.0,25,5,Personal Care,Antiseptic Soap,Dettol,125.0,95.0,730.0,SUP005,Kolkata,Supermarket,14800,1850.0,East,32.4,24.8,0,0,1,0
2026-08-16,S04,P08,2,1014.0,2.5,1,23.0,0,2.0,21.0,20,4,Staples,Basmati Rice 5Kg,India Gate,520.0,415.0,365.0,SUP006,Kolkata,Supermarket,14800,1850.0,East,32.4,24.8,0,0,1,0
2026-08-16,S04,P09,1,148.75,15.0,1,29.0,0,1.0,28.0,25,3,Staples,Sunflower Oil 1L,Fortune,175.0,140.0,270.0,SUP006,Kolkata,Supermarket,14800,1850.0,East,32.4,24.8,0,0,1,0
2026-08-16,S04,P10,2,108.0,10.0,1,100.0,0,2.0,98.0,35,3,Snacks,Gold Biscuits,Parle,60.0,45.0,180.0,SUP_UNKNOWN,Kolkata,Supermarket,14800,1850.0,East,32.4,24.8,0,0,1,0
2026-08-17,S01,P01,17,1049.4,8.12,1,41.0,0,17.0,24.0,40,1,Dairy,Fresh Milk,Amul,66.0,52.0,3.0,SUP001,Mumbai,Hypermarket,28500,3400.0,West,30.6,28.7,0,0,0,0
2026-08-17,S01,P02,2,550.0,0.0,0,3.0,60,2.0,61.0,25,3,Dairy,Butter,Amul,275.0,235.0,180.0,SUP001,Mumbai,Hypermarket,28500,3400.0,West,30.6,28.7,0,0,0,0
2026-08-17,S01,P03,18,753.75,7.5,1,51.0,0,19.0,32.0,45,1,Bakery,Whole Wheat Bread,Britannia,45.0,34.0,6.0,SUP002,Mumbai,Hypermarket,28500,3400.0,West,30.6,28.7,0,0,0,0
2026-08-17,S01,P04,8,1314.0,8.0,1,28.0,0,8.0,20.0,30,2,Produce,Royal Gala Apples,Farmfresh,180.0,130.0,12.0,SUP003,Mumbai,Hypermarket,28500,3400.0,West,30.6,28.7,0,0,0,0
2026-08-17,S01,P05,8,304.0,5.0,1,0.0,0,8.0,0.0,50,2,Produce,Organic Potatoes,Greenfields,40.0,25.0,12.0,SUP003,Mumbai,Hypermarket,28500,3400.0,West,30.6,28.7,0,0,0,0
2026-08-17,S01,P06,0,0.0,0.0,0,15.0,0,0.0,15.0,20,4,Beverages,Tea Gold,Tata,340.0,270.0,365.0,SUP004,Mumbai,Hypermarket,28500,3400.0,West,30.6,28.7,0,0,0,0
2026-08-17,S01,P07,2,250.0,0.0,0,29.0,0,2.0,27.0,25,5,Personal Care,Antiseptic Soap,Dettol,125.0,95.0,730.0,SUP005,Mumbai,Hypermarket,28500,3400.0,West,30.6,28.7,0,0,0,0
2026-08-17,S01,P08,0,0.0,0.0,0,6.0,45,0.0,51.0,20,4,Staples,Basmati Rice 5Kg,India Gate,520.0,415.0,365.0,SUP006,Mumbai,Hypermarket,28500,3400.0,West,30.6,28.7,0,0,0,0
2026-08-17,S01,P09,9,1365.0,10.0,1,38.0,0,9.0,29.0,25,3,Staples,Sunflower Oil 1L,Fortune,175.0,140.0,270.0,SUP006,Mumbai,Hypermarket,28500,3400.0,West,30.6,28.7,0,0,0,0
2026-08-17,S01,P10,2,114.0,5.0,1,57.0,0,2.0,55.0,35,3,Snacks,Gold Biscuits,Parle,60.0,45.0,180.0,SUP_UNKNOWN,Mumbai,Hypermarket,28500,3400.0,West,30.6,28.7,0,0,0,0
2026-08-17,S02,P01,6,389.4,2.0,1,114.0,0,6.0,108.0,40,1,Dairy,Fresh Milk,Amul,66.0,52.0,3.0,SUP001,Delhi,Supermarket,16200,2250.0,North,36.4,22.5,0,0,0,0
2026-08-17,S02,P02,4,962.5,15.0,1,39.0,0,4.0,35.0,25,3,Dairy,Butter,Amul,275.0,235.0,180.0,SUP001,Delhi,Supermarket,16200,2250.0,North,36.4,22.5,0,0,0,0
2026-08-17,S02,P03,10,418.5,6.67,1,115.0,0,10.0,105.0,45,1,Bakery,Whole Wheat Bread,Britannia,45.0,34.0,6.0,SUP002,Delhi,Supermarket,16200,2250.0,North,36.4,22.5,0,0,0,0
2026-08-17,S02,P04,4,711.0,1.25,1,32.0,0,4.0,28.0,30,2,Produce,Royal Gala Apples,Farmfresh,180.0,130.0,12.0,SUP003,Delhi,Supermarket,16200,2250.0,North,36.4,22.5,0,0,0,0
2026-08-17,S02,P05,9,344.0,5.0,1,79.0,0,9.0,70.0,50,2,Produce,Organic Potatoes,Greenfields,40.0,25.0,12.0,SUP003,Delhi,Supermarket,16200,2250.0,North,36.4,22.5,0,0,0,0
2026-08-17,S02,P06,2,646.0,5.0,1,42.0,0,2.0,40.0,20,4,Beverages,Tea Gold,Tata,340.0,270.0,365.0,SUP004,Delhi,Supermarket,16200,2250.0,North,36.4,22.5,0,0,0,0
2026-08-17,S02,P07,3,375.0,0.0,0,60.0,0,3.0,57.0,25,5,Personal Care,Antiseptic Soap,Dettol,125.0,95.0,730.0,SUP005,Delhi,Supermarket,16200,2250.0,North,36.4,22.5,0,0,0,0
2026-08-17,S02,P08,6,2756.0,10.0,1,36.0,0,9.0,27.0,20,4,Staples,Basmati Rice 5Kg,India Gate,520.0,415.0,365.0,SUP006,Delhi,Supermarket,16200,2250.0,North,36.4,22.5,0,0,0,0
2026-08-17,S02,P09,5,875.0,0.0,0,61.0,0,5.0,56.0,25,3,Staples,Sunflower Oil 1L,Fortune,175.0,140.0,270.0,SUP006,Delhi,Supermarket,16200,2250.0,North,36.4,22.5,0,0,0,0
2026-08-17,S02,P10,3,159.0,10.0,1,84.0,0,3.0,81.0,35,3,Snacks,Gold Biscuits,Parle,60.0,45.0,180.0,SUP_UNKNOWN,Delhi,Supermarket,16200,2250.0,North,36.4,22.5,0,0,0,0
2026-08-17,S03,P01,0,0.0,0.0,0,79.0,0,0.0,79.0,40,1,Dairy,Fresh Milk,Amul,66.0,52.0,3.0,SUP001,Bengaluru,Express,6400,2250.0,South,28.0,0.0,0,0,0,0
2026-08-17,S03,P02,3,825.0,0.0,0,34.0,0,3.0,31.0,25,3,Dairy,Butter,Amul,275.0,235.0,180.0,SUP001,Bengaluru,Express,6400,2250.0,South,28.0,0.0,0,0,0,0
2026-08-17,S03,P03,3,135.0,0.0,0,104.0,0,3.0,101.0,45,1,Bakery,Whole Wheat Bread,Britannia,45.0,34.0,6.0,SUP002,Bengaluru,Express,6400,2250.0,South,28.0,0.0,0,0,0,0
2026-08-17,S03,P04,2,360.0,0.0,0,35.0,0,2.0,33.0,30,2,Produce,Royal Gala Apples,Farmfresh,180.0,130.0,12.0,SUP003,Bengaluru,Express,6400,2250.0,South,28.0,0.0,0,0,0,0
2026-08-17,S03,P05,2,64.0,20.0,1,47.0,120,2.0,165.0,50,2,Produce,Organic Potatoes,Greenfields,40.0,25.0,12.0,SUP003,Bengaluru,Express,6400,2250.0,South,28.0,0.0,0,0,0,0
2026-08-17,S03,P06,0,0.0,0.0,0,29.0,0,0.0,29.0,20,4,Beverages,Tea Gold,Tata,340.0,270.0,365.0,SUP004,Bengaluru,Express,6400,2250.0,South,28.0,0.0,0,0,0,0
2026-08-17,S03,P07,0,0.0,0.0,0,41.0,0,0.0,41.0,25,5,Personal Care,Antiseptic Soap,Dettol,125.0,95.0,730.0,SUP005,Bengaluru,Express,6400,2250.0,South,28.0,0.0,0,0,0,0
2026-08-17,S03,P08,1,520.0,0.0,0,18.0,0,1.0,17.0,20,4,Staples,Basmati Rice 5Kg,India Gate,520.0,415.0,365.0,SUP006,Bengaluru,Express,6400,2250.0,South,28.0,0.0,0,0,0,0
2026-08-17,S03,P09,0,0.0,0.0,0,34.0,0,0.0,34.0,25,3,Staples,Sunflower Oil 1L,Fortune,175.0,140.0,270.0,SUP006,Bengaluru,Express,6400,2250.0,South,28.0,0.0,0,0,0,0
2026-08-17,S03,P10,1,51.0,15.0,1,48.0,0,1.0,47.0,35,3,Snacks,Gold Biscuits,Parle,60.0,45.0,180.0,SUP_UNKNOWN,Bengaluru,Express,6400,2250.0,South,28.0,0.0,0,0,0,0
2026-08-17,S04,P01,7,429.0,6.67,1,113.0,0,7.0,106.0,40,1,Dairy,Fresh Milk,Amul,66.0,52.0,3.0,SUP001,Kolkata,Supermarket,14800,1850.0,East,32.9,48.4,0,0,0,0
2026-08-17,S04,P02,2,550.0,0.0,0,56.0,0,2.0,54.0,25,3,Dairy,Butter,Amul,275.0,235.0,180.0,SUP001,Kolkata,Supermarket,14800,1850.0,East,32.9,48.4,0,0,0,0
2026-08-17,S04,P03,5,225.0,33.33,0,103.0,0,5.0,98.0,45,1,Bakery,Whole Wheat Bread,Britannia,45.0,34.0,6.0,SUP002,Kolkata,Supermarket,14800,1850.0,East,32.9,48.4,0,0,0,0
2026-08-17,S04,P04,2,360.0,0.0,0,70.0,0,2.0,68.0,30,2,Produce,Royal Gala Apples,Farmfresh,180.0,130.0,12.0,SUP003,Kolkata,Supermarket,14800,1850.0,East,32.9,48.4,0,0,0,0
2026-08-17,S04,P05,6,222.0,7.5,1,121.0,0,6.0,115.0,50,2,Produce,Organic Potatoes,Greenfields,40.0,25.0,12.0,SUP003,Kolkata,Supermarket,14800,1850.0,East,32.9,48.4,0,0,0,0
2026-08-17,S04,P06,5,1700.0,0.0,0,59.0,0,5.0,54.0,20,4,Beverages,Tea Gold,Tata,340.0,270.0,365.0,SUP004,Kolkata,Supermarket,14800,1850.0,East,32.9,48.4,0,0,0,0
2026-08-17,S04,P07,2,250.0,0.0,0,36.0,0,2.0,34.0,25,5,Personal Care,Antiseptic Soap,Dettol,125.0,95.0,730.0,SUP005,Kolkata,Supermarket,14800,1850.0,East,32.9,48.4,0,0,0,0
2026-08-17,S04,P08,4,2054.0,1.67,1,21.0,0,4.0,17.0,20,4,Staples,Basmati Rice 5Kg,India Gate,520.0,415.0,365.0,SUP006,Kolkata,Supermarket,14800,1850.0,East,32.9,48.4,0,0,0,0
2026-08-17,S04,P09,0,0.0,0.0,0,28.0,0,0.0,28.0,25,3,Staples,Sunflower Oil 1L,Fortune,175.0,140.0,270.0,SUP006,Kolkata,Supermarket,14800,1850.0,East,32.9,48.4,0,0,0,0
2026-08-17,S04,P10,8,474.0,2.5,1,98.0,0,8.0,90.0,35,3,Snacks,Gold Biscuits,Parle,60.0,45.0,180.0,SUP_UNKNOWN,Kolkata,Supermarket,14800,1850.0,East,32.9,48.4,0,0,0,0
2026-08-18,S01,P01,12,742.5,3.57,1,24.0,100,13.0,111.0,40,1,Dairy,Fresh Milk,Amul,66.0,52.0,3.0,SUP001,Mumbai,Hypermarket,28500,3400.0,West,30.4,0.0,0,0,0,0
2026-08-18,S01,P02,5,1375.0,0.0,0,61.0,0,5.0,56.0,25,3,Dairy,Butter,Amul,275.0,235.0,180.0,SUP001,Mumbai,Hypermarket,28500,3400.0,West,30.4,0.0,0,0,0,0
2026-08-18,S01,P03,8,339.75,6.25,1,32.0,90,8.0,114.0,45,1,Bakery,Whole Wheat Bread,Britannia,45.0,34.0,6.0,SUP002,Mumbai,Hypermarket,28500,3400.0,West,30.4,0.0,0,0,0,0
2026-08-18,S01,P04,6,1080.0,0.0,0,20.0,70,6.0,84.0,30,2,Produce,Royal Gala Apples,Farmfresh,180.0,130.0,12.0,SUP003,Mumbai,Hypermarket,28500,3400.0,West,30.4,0.0,0,0,0,0
2026-08-18,S01,P05,6,222.0,6.0,1,0.0,120,6.0,114.0,50,2,Produce,Organic Potatoes,Greenfields,40.0,25.0,12.0,SUP003,Mumbai,Hypermarket,28500,3400.0,West,30.4,0.0,0,0,0,0
2026-08-18,S01,P06,5,1700.0,0.0,0,15.0,0,5.0,10.0,20,4,Beverages,Tea Gold,Tata,340.0,270.0,365.0,SUP004,Mumbai,Hypermarket,28500,3400.0,West,30.4,0.0,0,0,0,0
2026-08-18,S01,P07,0,0.0,0.0,0,27.0,0,0.0,27.0,25,5,Personal Care,Antiseptic Soap,Dettol,125.0,95.0,730.0,SUP005,Mumbai,Hypermarket,28500,3400.0,West,30.4,0.0,0,0,0,0
2026-08-18,S01,P08,8,3926.0,9.0,1,51.0,0,8.0,43.0,20,4,Staples,Basmati Rice 5Kg,India Gate,520.0,415.0,365.0,SUP006,Mumbai,Hypermarket,28500,3400.0,West,30.4,0.0,0,0,0,0
2026-08-18,S01,P09,2,350.0,0.0,0,29.0,0,2.0,27.0,25,3,Staples,Sunflower Oil 1L,Fortune,175.0,140.0,270.0,SUP006,Mumbai,Hypermarket,28500,3400.0,West,30.4,0.0,0,0,0,0
2026-08-18,S01,P10,3,177.0,1.67,1,55.0,0,3.0,52.0,35,3,Snacks,Gold Biscuits,Parle,60.0,45.0,180.0,SUP_UNKNOWN,Mumbai,Hypermarket,28500,3400.0,West,30.4,0.0,0,0,0,0
2026-08-18,S02,P01,21,1306.8,5.0,1,108.0,0,21.0,87.0,40,1,Dairy,Fresh Milk,Amul,66.0,52.0,3.0,SUP001,Delhi,Supermarket,16200,2250.0,North,40.1,0.0,0,0,0,0
2026-08-18,S02,P02,8,2021.25,6.25,1,35.0,0,8.0,27.0,25,3,Dairy,Butter,Amul,275.0,235.0,180.0,SUP001,Delhi,Supermarket,16200,2250.0,North,40.1,0.0,0,0,0,0
2026-08-18,S02,P03,11,479.25,3.57,1,105.0,0,11.0,94.0,45,1,Bakery,Whole Wheat Bread,Britannia,45.0,34.0,6.0,SUP002,Delhi,Supermarket,16200,2250.0,North,40.1,0.0,0,0,0,0
2026-08-18,S02,P04,7,1188.0,5.0,1,28.0,0,7.0,21.0,30,2,Produce,Royal Gala Apples,Farmfresh,180.0,130.0,12.0,SUP003,Delhi,Supermarket,16200,2250.0,North,40.1,0.0,0,0,0,0
2026-08-18,S02,P05,5,194.0,3.75,1,70.0,0,5.0,65.0,50,2,Produce,Organic Potatoes,Greenfields,40.0,25.0,12.0,SUP003,Delhi,Supermarket,16200,2250.0,North,40.1,0.0,0,0,0,0
2026-08-18,S02,P06,1,340.0,0.0,0,40.0,0,1.0,39.0,20,4,Beverages,Tea Gold,Tata,340.0,270.0,365.0,SUP004,Delhi,Supermarket,16200,2250.0,North,40.1,0.0,0,0,0,0
2026-08-18,S02,P07,0,0.0,0.0,0,57.0,0,0.0,57.0,25,5,Personal Care,Antiseptic Soap,Dettol,125.0,95.0,730.0,SUP005,Delhi,Supermarket,16200,2250.0,North,40.1,0.0,0,0,0,0
2026-08-18,S02,P08,1,520.0,0.0,0,27.0,0,1.0,26.0,20,4,Staples,Basmati Rice 5Kg,India Gate,520.0,415.0,365.0,SUP006,Delhi,Supermarket,16200,2250.0,North,40.1,0.0,0,0,0,0
2026-08-18,S02,P09,4,656.25,8.33,1,56.0,0,4.0,52.0,25,3,Staples,Sunflower Oil 1L,Fortune,175.0,140.0,270.0,SUP006,Delhi,Supermarket,16200,2250.0,North,40.1,0.0,0,0,0,0
2026-08-18,S02,P10,6,351.0,3.75,1,81.0,0,6.0,75.0,35,3,Snacks,Gold Biscuits,Parle,60.0,45.0,180.0,SUP_UNKNOWN,Delhi,Supermarket,16200,2250.0,North,40.1,0.0,0,0,0,0
2026-08-18,S03,P01,3,188.1,7.5,1,79.0,0,3.0,76.0,40,1,Dairy,Fresh Milk,Amul,66.0,52.0,3.0,SUP001,Bengaluru,Express,6400,2250.0,South,45.0,4.8,0,0,0,0
2026-08-18,S03,P02,2,412.5,25.0,1,31.0,0,2.0,29.0,25,3,Dairy,Butter,Amul,275.0,235.0,180.0,SUP001,Bengaluru,Express,6400,2250.0,South,45.0,4.8,0,0,0,0
2026-08-18,S03,P03,13,546.75,3.57,1,101.0,0,13.0,88.0,45,1,Bakery,Whole Wheat Bread,Britannia,45.0,34.0,6.0,SUP002,Bengaluru,Express,6400,2250.0,South,45.0,4.8,0,0,0,0
2026-08-18,S03,P04,2,351.0,2.5,1,33.0,0,2.0,31.0,30,2,Produce,Royal Gala Apples,Farmfresh,180.0,130.0,12.0,SUP003,Bengaluru,Express,6400,2250.0,South,45.0,4.8,0,0,0,0
2026-08-18,S03,P05,4,160.0,0.0,0,165.0,0,4.0,161.0,50,2,Produce,Organic Potatoes,Greenfields,40.0,25.0,12.0,SUP003,Bengaluru,Express,6400,2250.0,South,45.0,4.8,0,0,0,0
2026-08-18,S03,P06,0,0.0,0.0,0,29.0,0,0.0,29.0,20,4,Beverages,Tea Gold,Tata,340.0,270.0,365.0,SUP004,Bengaluru,Express,6400,2250.0,South,45.0,4.8,0,0,0,0
2026-08-18,S03,P07,0,0.0,0.0,0,41.0,0,0.0,41.0,25,5,Personal Care,Antiseptic Soap,Dettol,125.0,95.0,730.0,SUP005,Bengaluru,Express,6400,2250.0,South,45.0,4.8,0,0,0,0
2026-08-18,S03,P08,3,1560.0,0.0,0,17.0,0,3.0,14.0,20,4,Staples,Basmati Rice 5Kg,India Gate,520.0,415.0,365.0,SUP006,Bengaluru,Express,6400,2250.0,South,45.0,4.8,0,0,0,0
2026-08-18,S03,P09,0,0.0,0.0,0,34.0,0,0.0,34.0,25,3,Staples,Sunflower Oil 1L,Fortune,175.0,140.0,270.0,SUP006,Bengaluru,Express,6400,2250.0,South,45.0,4.8,0,0,0,0
2026-08-18,S03,P10,0,0.0,0.0,0,47.0,0,0.0,47.0,35,3,Snacks,Gold Biscuits,Parle,60.0,45.0,180.0,SUP_UNKNOWN,Bengaluru,Express,6400,2250.0,South,45.0,4.8,0,0,0,0
2026-08-18,S04,P01,11,673.2,11.67,1,106.0,0,11.0,95.0,40,1,Dairy,Fresh Milk,Amul,66.0,52.0,3.0,SUP001,Kolkata,Supermarket,14800,1850.0,East,32.9,19.5,0,0,0,0
2026-08-18,S04,P02,4,1086.25,1.67,1,54.0,0,4.0,50.0,25,3,Dairy,Butter,Amul,275.0,235.0,180.0,SUP001,Kolkata,Supermarket,14800,1850.0,East,32.9,19.5,0,0,0,0
2026-08-18,S04,P03,267,10878.75,2.5,1,98.0,0,267.0,0.0,45,1,Bakery,Whole Wheat Bread,Britannia,45.0,34.0,6.0,SUP002,Kolkata,Supermarket,14800,1850.0,East,32.9,19.5,0,0,0,0
2026-08-18,S04,P04,1,153.0,15.0,1,68.0,0,1.0,67.0,30,2,Produce,Royal Gala Apples,Farmfresh,180.0,130.0,12.0,SUP003,Kolkata,Supermarket,14800,1850.0,East,32.9,19.5,0,0,0,0
2026-08-18,S04,P05,9,340.0,3.57,1,115.0,0,9.0,106.0,50,2,Produce,Organic Potatoes,Greenfields,40.0,25.0,12.0,SUP003,Kolkata,Supermarket,14800,1850.0,East,32.9,19.5,0,0,0,0
2026-08-18,S04,P06,2,680.0,0.0,0,54.0,0,2.0,52.0,20,4,Beverages,Tea Gold,Tata,340.0,270.0,365.0,SUP004,Kolkata,Supermarket,14800,1850.0,East,32.9,19.5,0,0,0,0
2026-08-18,S04,P07,7,750.0,17.5,1,34.0,0,7.0,27.0,25,5,Personal Care,Antiseptic Soap,Dettol,125.0,95.0,730.0,SUP005,Kolkata,Supermarket,14800,1850.0,East,32.9,19.5,0,0,0,0
2026-08-18,S04,P08,0,0.0,0.0,0,17.0,0,0.0,17.0,20,4,Staples,Basmati Rice 5Kg,India Gate,520.0,415.0,365.0,SUP006,Kolkata,Supermarket,14800,1850.0,East,32.9,19.5,0,0,0,0
2026-08-18,S04,P09,3,472.5,7.5,1,28.0,0,3.0,25.0,25,3,Staples,Sunflower Oil 1L,Fortune,175.0,140.0,270.0,SUP006,Kolkata,Supermarket,14800,1850.0,East,32.9,19.5,0,0,0,0
2026-08-18,S04,P10,0,0.0,0.0,0,90.0,0,0.0,90.0,35,3,Snacks,Gold Biscuits,Parle,60.0,45.0,180.0,SUP_UNKNOWN,Kolkata,Supermarket,14800,1850.0,East,32.9,19.5,0,0,0,0
2026-08-19,S01,P01,19,1247.4,1.0,1,111.0,0,19.0,92.0,40,1,Dairy,Fresh Milk,Amul,66.0,52.0,3.0,SUP001,Mumbai,Hypermarket,28500,3400.0,West,30.7,3.1,0,0,0,0
2026-08-19,S01,P02,1,261.25,5.0,1,56.0,0,1.0,55.0,25,3,Dairy,Butter,Amul,275.0,235.0,180.0,SUP001,Mumbai,Hypermarket,28500,3400.0,West,30.7,3.1,0,0,0,0
2026-08-19,S01,P03,31,1336.5,4.33,1,114.0,0,31.0,83.0,45,1,Bakery,Whole Wheat Bread,Britannia,45.0,34.0,6.0,SUP002,Mumbai,Hypermarket,28500,3400.0,West,30.7,3.1,0,0,0,0
2026-08-19,S01,P04,20,3510.0,2.73,1,84.0,0,20.0,64.0,30,2,Produce,Royal Gala Apples,Farmfresh,180.0,130.0,12.0,SUP003,Mumbai,Hypermarket,28500,3400.0,West,30.7,3.1,0,0,0,0
2026-08-19,S01,P05,20,768.0,13.33,1,114.0,0,20.0,94.0,50,2,Produce,Organic Potatoes,Greenfields,40.0,25.0,12.0,SUP003,Mumbai,Hypermarket,28500,3400.0,West,30.7,3.1,0,0,0,0
2026-08-19,S01,P06,10,3179.0,8.33,1,10.0,0,10.0,0.0,20,4,Beverages,Tea Gold,Tata,340.0,270.0,365.0,SUP004,Mumbai,Hypermarket,28500,3400.0,West,30.7,3.1,0,0,0,0
2026-08-19,S01,P07,6,700.0,6.67,1,27.0,0,6.0,21.0,25,5,Personal Care,Antiseptic Soap,Dettol,125.0,95.0,730.0,SUP005,Mumbai,Hypermarket,28500,3400.0,West,30.7,3.1,0,0,0,0
2026-08-19,S01,P08,1,520.0,0.0,0,43.0,0,1.0,42.0,20,4,Staples,Basmati Rice 5Kg,India Gate,520.0,415.0,365.0,SUP006,Mumbai,Hypermarket,28500,3400.0,West,30.7,3.1,0,0,0,0
2026-08-19,S01,P09,0,0.0,0.0,0,27.0,0,0.0,27.0,25,3,Staples,Sunflower Oil 1L,Fortune,175.0,140.0,270.0,SUP006,Mumbai,Hypermarket,28500,3400.0,West,30.7,3.1,0,0,0,0
2026-08-19,S01,P10,2,108.0,10.0,1,52.0,0,2.0,50.0,35,3,Snacks,Gold Biscuits,Parle,60.0,45.0,180.0,SUP_UNKNOWN,Mumbai,Hypermarket,28500,3400.0,West,30.7,3.1,0,0,0,0
2026-08-19,S02,P01,14,874.5,6.0,1,87.0,0,14.0,73.0,40,1,Dairy,Fresh Milk,Amul,66.0,52.0,3.0,SUP001,Delhi,Supermarket,16200,2250.0,North,30.3,5.8,0,0,0,0
2026-08-19,S02,P02,8,1925.0,6.25,1,27.0,0,8.0,19.0,25,3,Dairy,Butter,Amul,275.0,235.0,180.0,SUP001,Delhi,Supermarket,16200,2250.0,North,30.3,5.8,0,0,0,0
2026-08-19,S02,P03,9,378.0,7.5,1,94.0,0,9.0,85.0,45,1,Bakery,Whole Wheat Bread,Britannia,45.0,34.0,6.0,SUP002,Delhi,Supermarket,16200,2250.0,North,30.3,5.8,0,0,0,0
2026-08-19,S02,P04,4,360.0,0.0,0,21.0,70,4.0,87.0,30,2,Produce,Royal Gala Apples,Farmfresh,180.0,130.0,12.0,SUP003,Delhi,Supermarket,16200,2250.0,North,30.3,5.8,0,0,0,0
2026-08-19,S02,P05,11,406.0,8.57,1,65.0,0,11.0,54.0,50,2,Produce,Organic Potatoes,Greenfields,40.0,25.0,12.0,SUP003,Delhi,Supermarket,16200,2250.0,North,30.3,5.8,0,0,0,0
2026-08-19,S02,P06,6,1683.0,10.0,1,39.0,0,6.0,33.0,20,4,Beverages,Tea Gold,Tata,340.0,270.0,365.0,SUP004,Delhi,Supermarket,16200,2250.0,North,30.3,5.8,0,0,0,0
2026-08-19,S02,P07,2,237.5,5.0,1,57.0,0,2.0,55.0,25,5,Personal Care,Antiseptic Soap,Dettol,125.0,95.0,730.0,SUP005,Delhi,Supermarket,16200,2250.0,North,30.3,5.8,0,0,0,0
2026-08-19,S02,P08,2,1040.0,0.0,0,26.0,0,2.0,24.0,20,4,Staples,Basmati Rice 5Kg,India Gate,520.0,415.0,365.0,SUP006,Delhi,Supermarket,16200,2250.0,North,30.3,5.8,0,0,0,0
2026-08-19,S02,P09,3,498.75,5.0,1,52.0,0,3.0,49.0,25,3,Staples,Sunflower Oil 1L,Fortune,175.0,140.0,270.0,SUP006,Delhi,Supermarket,16200,2250.0,North,30.3,5.8,0,0,0,0
2026-08-19,S02,P10,4,240.0,0.0,0,75.0,80,4.0,151.0,35,3,Snacks,Gold Biscuits,Parle,60.0,45.0,180.0,SUP_UNKNOWN,Delhi,Supermarket,16200,2250.0,North,30.3,5.8,0,0,0,0
2026-08-19,S03,P01,4,260.7,1.67,1,76.0,0,4.0,72.0,40,1,Dairy,Fresh Milk,Amul,66.0,52.0,3.0,SUP001,Bengaluru,Express,6400,2250.0,South,25.1,0.0,0,0,0,1
2026-08-19,S03,P02,1,275.0,0.0,0,29.0,0,1.0,28.0,25,3,Dairy,Butter,Amul,275.0,235.0,180.0,SUP001,Bengaluru,Express,6400,2250.0,South,25.1,0.0,0,0,0,1
2026-08-19,S03,P03,2,83.25,7.5,1,88.0,0,2.0,86.0,45,1,Bakery,Whole Wheat Bread,Britannia,45.0,34.0,6.0,SUP002,Bengaluru,Express,6400,2250.0,South,25.1,0.0,0,0,0,1
2026-08-19,S03,P04,5,864.0,3.33,1,31.0,0,5.0,26.0,30,2,Produce,Royal Gala Apples,Farmfresh,180.0,130.0,12.0,SUP003,Bengaluru,Express,6400,2250.0,South,25.1,0.0,0,0,0,1
2026-08-19,S03,P05,7,278.0,1.67,1,161.0,0,7.0,154.0,50,2,Produce,Organic Potatoes,Greenfields,40.0,25.0,12.0,SUP003,Bengaluru,Express,6400,2250.0,South,25.1,0.0,0,0,0,1
2026-08-19,S03,P06,0,0.0,0.0,0,29.0,0,0.0,29.0,20,4,Beverages,Tea Gold,Tata,340.0,270.0,365.0,SUP004,Bengaluru,Express,6400,2250.0,South,25.1,0.0,0,0,0,1
2026-08-19,S03,P07,0,0.0,0.0,0,41.0,0,0.0,41.0,25,5,Personal Care,Antiseptic Soap,Dettol,125.0,95.0,730.0,SUP005,Bengaluru,Express,6400,2250.0,South,25.1,0.0,0,0,0,1
2026-08-19,S03,P08,0,0.0,0.0,0,14.0,0,0.0,14.0,20,4,Staples,Basmati Rice 5Kg,India Gate,520.0,415.0,365.0,SUP006,Bengaluru,Express,6400,2250.0,South,25.1,0.0,0,0,0,1
2026-08-19,S03,P09,0,0.0,0.0,0,34.0,0,0.0,34.0,25,3,Staples,Sunflower Oil 1L,Fortune,175.0,140.0,270.0,SUP006,Bengaluru,Express,6400,2250.0,South,25.1,0.0,0,0,0,1
2026-08-19,S03,P10,2,120.0,0.0,0,47.0,0,2.0,45.0,35,3,Snacks,Gold Biscuits,Parle,60.0,45.0,180.0,SUP_UNKNOWN,Bengaluru,Express,6400,2250.0,South,25.1,0.0,0,0,0,1
2026-08-19,S04,P01,5,330.0,0.0,0,95.0,0,5.0,90.0,40,1,Dairy,Fresh Milk,Amul,66.0,52.0,3.0,SUP001,Kolkata,Supermarket,14800,1850.0,East,32.2,23.2,0,0,0,0
2026-08-19,S04,P02,4,1100.0,0.0,0,50.0,0,4.0,46.0,25,3,Dairy,Butter,Amul,275.0,235.0,180.0,SUP001,Kolkata,Supermarket,14800,1850.0,East,32.2,23.2,0,0,0,0
2026-08-19,S04,P03,12,522.0,3.57,1,0.0,90,12.0,78.0,45,1,Bakery,Whole Wheat Bread,Britannia,45.0,34.0,6.0,SUP002,Kolkata,Supermarket,14800,1850.0,East,32.2,23.2,0,0,0,0
2026-08-19,S04,P04,2,360.0,0.0,0,67.0,0,2.0,65.0,30,2,Produce,Royal Gala Apples,Farmfresh,180.0,130.0,12.0,SUP003,Kolkata,Supermarket,14800,1850.0,East,32.2,23.2,0,0,0,0
2026-08-19,S04,P05,9,332.0,5.0,1,106.0,0,9.0,97.0,50,2,Produce,Organic Potatoes,Greenfields,40.0,25.0,12.0,SUP003,Kolkata,Supermarket,14800,1850.0,East,32.2,23.2,0,0,0,0
2026-08-19,S04,P06,0,0.0,0.0,0,52.0,0,0.0,52.0,20,4,Beverages,Tea Gold,Tata,340.0,270.0,365.0,SUP004,Kolkata,Supermarket,14800,1850.0,East,32.2,23.2,0,0,0,0
2026-08-19,S04,P07,2,225.0,10.0,1,27.0,0,2.0,25.0,25,5,Personal Care,Antiseptic Soap,Dettol,125.0,95.0,730.0,SUP005,Kolkata,Supermarket,14800,1850.0,East,32.2,23.2,0,0,0,0
2026-08-19,S04,P08,1,442.0,15.0,1,17.0,0,1.0,16.0,20,4,Staples,Basmati Rice 5Kg,India Gate,520.0,415.0,365.0,SUP006,Kolkata,Supermarket,14800,1850.0,East,32.2,23.2,0,0,0,0
2026-08-19,S04,P09,1,175.0,0.0,0,25.0,0,1.0,24.0,25,3,Staples,Sunflower Oil 1L,Fortune,175.0,140.0,270.0,SUP006,Kolkata,Supermarket,14800,1850.0,East,32.2,23.2,0,0,0,0
2026-08-19,S04,P10,4,231.0,2.5,1,90.0,0,4.0,86.0,35,3,Snacks,Gold Biscuits,Parle,60.0,45.0,180.0,SUP_UNKNOWN,Kolkata,Supermarket,14800,1850.0,East,32.2,23.2,0,0,0,0
2026-08-20,S01,P01,6,343.2,16.67,1,92.0,0,6.0,86.0,40,1,Dairy,Fresh Milk,Amul,66.0,52.0,3.0,SUP001,Mumbai,Hypermarket,28500,3400.0,West,32.0,0.0,0,0,0,0
2026-08-20,S01,P02,9,2447.5,2.0,1,55.0,0,9.0,46.0,25,3,Dairy,Butter,Amul,275.0,235.0,180.0,SUP001,Mumbai,Hypermarket,28500,3400.0,West,32.0,0.0,0,0,0,0
2026-08-20,S01,P03,16,688.5,5.0,1,83.0,0,16.0,67.0,45,1,Bakery,Whole Wheat Bread,Britannia,45.0,34.0,6.0,SUP002,Mumbai,Hypermarket,28500,3400.0,West,32.0,0.0,0,0,0,0
2026-08-20,S01,P04,8,1404.0,5.0,1,64.0,0,8.0,56.0,30,2,Produce,Royal Gala Apples,Farmfresh,180.0,130.0,12.0,SUP003,Mumbai,Hypermarket,28500,3400.0,West,32.0,0.0,0,0,0,0
2026-08-20,S01,P05,20,778.0,5.0,1,94.0,120,20.0,194.0,50,2,Produce,Organic Potatoes,Greenfields,40.0,25.0,12.0,SUP003,Mumbai,Hypermarket,28500,3400.0,West,32.0,0.0,0,0,0,0
2026-08-20,S01,P06,6,1904.0,8.75,1,0.0,50,6.0,44.0,20,4,Beverages,Tea Gold,Tata,340.0,270.0,365.0,SUP004,Mumbai,Hypermarket,28500,3400.0,West,32.0,0.0,0,0,0,0
2026-08-20,S01,P07,3,362.5,3.33,1,21.0,0,3.0,18.0,25,5,Personal Care,Antiseptic Soap,Dettol,125.0,95.0,730.0,SUP005,Mumbai,Hypermarket,28500,3400.0,West,32.0,0.0,0,0,0,0
2026-08-20,S01,P08,0,0.0,0.0,0,42.0,0,0.0,42.0,20,4,Staples,Basmati Rice 5Kg,India Gate,520.0,415.0,365.0,SUP006,Mumbai,Hypermarket,28500,3400.0,West,32.0,0.0,0,0,0,0
2026-08-20,S01,P09,5,805.0,5.0,1,27.0,0,5.0,22.0,25,3,Staples,Sunflower Oil 1L,Fortune,175.0,140.0,270.0,SUP006,Mumbai,Hypermarket,28500,3400.0,West,32.0,0.0,0,0,0,0
2026-08-20,S01,P10,12,705.0,2.5,1,50.0,0,12.0,38.0,35,3,Snacks,Gold Biscuits,Parle,60.0,45.0,180.0,SUP_UNKNOWN,Mumbai,Hypermarket,28500,3400.0,West,32.0,0.0,0,0,0,0
2026-08-20,S02,P01,21,1323.3,5.83,1,73.0,0,21.0,52.0,40,1,Dairy,Fresh Milk,Amul,66.0,52.0,3.0,SUP001,Delhi,Supermarket,16200,2250.0,North,34.7,46.4,0,0,0,0
2026-08-20,S02,P02,2,467.5,15.0,1,19.0,0,2.0,17.0,25,3,Dairy,Butter,Amul,275.0,235.0,180.0,SUP001,Delhi,Supermarket,16200,2250.0,North,34.7,46.4,0,0,0,0
2026-08-20,S02,P03,22,969.75,2.92,1,85.0,0,22.0,63.0,45,1,Bakery,Whole Wheat Bread,Britannia,45.0,34.0,6.0,SUP002,Delhi,Supermarket,16200,2250.0,North,34.7,46.4,0,0,0,0
2026-08-20,S02,P04,9,1575.0,2.5,1,87.0,0,9.0,78.0,30,2,Produce,Royal Gala Apples,Farmfresh,180.0,130.0,12.0,SUP003,Delhi,Supermarket,16200,2250.0,North,34.7,46.4,0,0,0,0
2026-08-20,S02,P05,3,118.0,1.67,1,54.0,0,3.0,51.0,50,2,Produce,Organic Potatoes,Greenfields,40.0,25.0,12.0,SUP003,Delhi,Supermarket,16200,2250.0,North,34.7,46.4,0,0,0,0
2026-08-20,S02,P06,1,340.0,0.0,0,33.0,0,1.0,32.0,20,4,Beverages,Tea Gold,Tata,340.0,270.0,365.0,SUP004,Delhi,Supermarket,16200,2250.0,North,34.7,46.4,0,0,0,0
2026-08-20,S02,P07,4,493.75,1.67,1,55.0,0,4.0,51.0,25,5,Personal Care,Antiseptic Soap,Dettol,125.0,95.0,730.0,SUP005,Delhi,Supermarket,16200,2250.0,North,34.7,46.4,0,0,0,0
2026-08-20,S02,P08,3,1404.0,7.5,1,24.0,0,3.0,21.0,20,4,Staples,Basmati Rice 5Kg,India Gate,520.0,415.0,365.0,SUP006,Delhi,Supermarket,16200,2250.0,North,34.7,46.4,0,0,0,0
2026-08-20,S02,P09,3,472.5,10.0,1,49.0,0,3.0,46.0,25,3,Staples,Sunflower Oil 1L,Fortune,175.0,140.0,270.0,SUP006,Delhi,Supermarket,16200,2250.0,North,34.7,46.4,0,0,0,0
2026-08-20,S02,P10,5,288.0,6.67,1,151.0,0,5.0,146.0,35,3,Snacks,Gold Biscuits,Parle,60.0,45.0,180.0,SUP_UNKNOWN,Delhi,Supermarket,16200,2250.0,North,34.7,46.4,0,0,0,0
2026-08-20,S03,P01,3,198.0,0.0,0,72.0,0,3.0,69.0,40,1,Dairy,Fresh Milk,Amul,66.0,52.0,3.0,SUP001,Bengaluru,Express,6400,2250.0,South,25.0,94.0,0,0,0,0
2026-08-20,S03,P02,0,0.0,0.0,0,28.0,0,0.0,28.0,25,3,Dairy,Butter,Amul,275.0,235.0,180.0,SUP001,Bengaluru,Express,6400,2250.0,South,25.0,94.0,0,0,0,0
2026-08-20,S03,P03,4,162.0,10.0,1,86.0,0,4.0,82.0,45,1,Bakery,Whole Wheat Bread,Britannia,45.0,34.0,6.0,SUP002,Bengaluru,Express,6400,2250.0,South,25.0,94.0,0,0,0,0
2026-08-20,S03,P04,0,0.0,0.0,0,26.0,0,0.0,26.0,30,2,Produce,Royal Gala Apples,Farmfresh,180.0,130.0,12.0,SUP003,Bengaluru,Express,6400,2250.0,South,25.0,94.0,0,0,0,0
2026-08-20,S03,P05,3,116.0,5.0,1,154.0,0,3.0,151.0,50,2,Produce,Organic Potatoes,Greenfields,40.0,25.0,12.0,SUP003,Bengaluru,Express,6400,2250.0,South,25.0,94.0,0,0,0,0
2026-08-20,S03,P06,1,272.0,20.0,1,29.0,0,1.0,28.0,20,4,Beverages,Tea Gold,Tata,340.0,270.0,365.0,SUP004,Bengaluru,Express,6400,2250.0,South,25.0,94.0,0,0,0,0
2026-08-20,S03,P07,1,125.0,0.0,0,41.0,0,1.0,40.0,25,5,Personal Care,Antiseptic Soap,Dettol,125.0,95.0,730.0,SUP005,Bengaluru,Express,6400,2250.0,South,25.0,94.0,0,0,0,0
2026-08-20,S03,P08,0,0.0,0.0,0,14.0,45,0.0,59.0,20,4,Staples,Basmati Rice 5Kg,India Gate,520.0,415.0,365.0,SUP006,Bengaluru,Express,6400,2250.0,South,25.0,94.0,0,0,0,0
2026-08-20,S03,P09,2,332.5,5.0,1,34.0,0,2.0,32.0,25,3,Staples,Sunflower Oil 1L,Fortune,175.0,140.0,270.0,SUP006,Bengaluru,Express,6400,2250.0,South,25.0,94.0,0,0,0,0
2026-08-20,S03,P10,5,300.0,0.0,0,45.0,0,5.0,40.0,35,3,Snacks,Gold Biscuits,Parle,60.0,45.0,180.0,SUP_UNKNOWN,Bengaluru,Express,6400,2250.0,South,25.0,94.0,0,0,0,0
2026-08-20,S04,P01,6,386.1,5.0,1,90.0,0,6.0,84.0,40,1,Dairy,Fresh Milk,Amul,66.0,52.0,3.0,SUP001,Kolkata,Supermarket,14800,1850.0,East,30.8,0.0,0,0,0,0
2026-08-20,S04,P02,5,1361.25,1.25,1,46.0,0,5.0,41.0,25,3,Dairy,Butter,Amul,275.0,235.0,180.0,SUP001,Kolkata,Supermarket,14800,1850.0,East,30.8,0.0,0,0,0,0
2026-08-20,S04,P03,4,180.0,0.0,0,78.0,90,4.0,164.0,45,1,Bakery,Whole Wheat Bread,Britannia,45.0,34.0,6.0,SUP002,Kolkata,Supermarket,14800,1850.0,East,30.8,0.0,0,0,0,0
2026-08-20,S04,P04,7,1026.0,5.0,1,65.0,0,7.0,58.0,30,2,Produce,Royal Gala Apples,Farmfresh,180.0,130.0,12.0,SUP003,Kolkata,Supermarket,14800,1850.0,East,30.8,0.0,0,0,0,0
2026-08-20,S04,P05,4,140.0,12.5,1,97.0,0,4.0,93.0,50,2,Produce,Organic Potatoes,Greenfields,40.0,25.0,12.0,SUP003,Kolkata,Supermarket,14800,1850.0,East,30.8,0.0,0,0,0,0
2026-08-20,S04,P06,1,306.0,10.0,1,52.0,0,1.0,51.0,20,4,Beverages,Tea Gold,Tata,340.0,270.0,365.0,SUP004,Kolkata,Supermarket,14800,1850.0,East,30.8,0.0,0,0,0,0
2026-08-20,S04,P07,2,250.0,0.0,0,25.0,0,2.0,23.0,25,5,Personal Care,Antiseptic Soap,Dettol,125.0,95.0,730.0,SUP005,Kolkata,Supermarket,14800,1850.0,East,30.8,0.0,0,0,0,0
2026-08-20,S04,P08,6,3120.0,0.0,0,16.0,0,6.0,10.0,20,4,Staples,Basmati Rice 5Kg,India Gate,520.0,415.0,365.0,SUP006,Kolkata,Supermarket,14800,1850.0,East,30.8,0.0,0,0,0,0
2026-08-20,S04,P09,3,525.0,0.0,0,24.0,0,3.0,21.0,25,3,Staples,Sunflower Oil 1L,Fortune,175.0,140.0,270.0,SUP006,Kolkata,Supermarket,14800,1850.0,East,30.8,0.0,0,0,0,0
2026-08-20,S04,P10,1,48.0,20.0,1,86.0,0,1.0,85.0,35,3,Snacks,Gold Biscuits,Parle,60.0,45.0,180.0,SUP_UNKNOWN,Kolkata,Supermarket,14800,1850.0,East,30.8,0.0,0,0,0,0
2026-08-21,S01,P01,15,897.6,9.5,1,86.0,0,15.0,71.0,40,1,Dairy,Fresh Milk,Amul,66.0,52.0,3.0,SUP001,Mumbai,Hypermarket,28500,3400.0,West,28.9,24.3,0,0,0,0
2026-08-21,S01,P02,11,2860.0,4.0,1,46.0,0,11.0,35.0,25,3,Dairy,Butter,Amul,275.0,235.0,180.0,SUP001,Mumbai,Hypermarket,28500,3400.0,West,28.9,24.3,0,0,0,0
2026-08-21,S01,P03,12,522.0,2.5,1,67.0,0,12.0,55.0,45,1,Bakery,Whole Wheat Bread,Britannia,45.0,34.0,6.0,SUP002,Mumbai,Hypermarket,28500,3400.0,West,28.9,24.3,0,0,0,0
2026-08-21,S01,P04,11,1746.0,9.38,1,56.0,0,11.0,45.0,30,2,Produce,Royal Gala Apples,Farmfresh,180.0,130.0,12.0,SUP003,Mumbai,Hypermarket,28500,3400.0,West,28.9,24.3,0,0,0,0
2026-08-21,S01,P05,15,560.0,6.5,1,194.0,0,15.0,179.0,50,2,Produce,Organic Potatoes,Greenfields,40.0,25.0,12.0,SUP003,Mumbai,Hypermarket,28500,3400.0,West,28.9,24.3,0,0,0,0
2026-08-21,S01,P06,4,1309.0,2.5,1,44.0,0,4.0,40.0,20,4,Beverages,Tea Gold,Tata,340.0,270.0,365.0,SUP004,Mumbai,Hypermarket,28500,3400.0,West,28.9,24.3,0,0,0,0
2026-08-21,S01,P07,6,656.25,7.5,1,18.0,0,6.0,12.0,25,5,Personal Care,Antiseptic Soap,Dettol,125.0,95.0,730.0,SUP005,Mumbai,Hypermarket,28500,3400.0,West,28.9,24.3,0,0,0,0
2026-08-21,S01,P08,1,468.0,10.0,1,42.0,0,1.0,41.0,20,4,Staples,Basmati Rice 5Kg,India Gate,520.0,415.0,365.0,SUP006,Mumbai,Hypermarket,28500,3400.0,West,28.9,24.3,0,0,0,0
2026-08-21,S01,P09,0,0.0,0.0,0,22.0,0,0.0,22.0,25,3,Staples,Sunflower Oil 1L,Fortune,175.0,140.0,270.0,SUP006,Mumbai,Hypermarket,28500,3400.0,West,28.9,24.3,0,0,0,0
2026-08-21,S01,P10,6,357.0,1.67,1,38.0,0,6.0,32.0,35,3,Snacks,Gold Biscuits,Parle,60.0,45.0,180.0,SUP_UNKNOWN,Mumbai,Hypermarket,28500,3400.0,West,28.9,24.3,0,0,0,0
2026-08-21,S02,P01,7,442.2,5.0,1,52.0,0,7.0,45.0,40,1,Dairy,Fresh Milk,Amul,66.0,52.0,3.0,SUP001,Delhi,Supermarket,16200,2250.0,North,32.6,0.0,0,0,0,0
2026-08-21,S02,P02,8,2117.5,5.0,1,17.0,0,8.0,9.0,25,3,Dairy,Butter,Amul,275.0,235.0,180.0,SUP001,Delhi,Supermarket,16200,2250.0,North,32.6,0.0,0,0,0,0
2026-08-21,S02,P03,10,443.25,3.0,1,63.0,0,10.0,53.0,45,1,Bakery,Whole Wheat Bread,Britannia,45.0,34.0,6.0,SUP002,Delhi,Supermarket,16200,2250.0,North,32.6,0.0,0,0,0,0
2026-08-21,S02,P04,14,2484.0,1.43,1,78.0,0,14.0,64.0,30,2,Produce,Royal Gala Apples,Farmfresh,180.0,130.0,12.0,SUP003,Delhi,Supermarket,16200,2250.0,North,32.6,0.0,0,0,0,0
2026-08-21,S02,P05,9,336.0,5.0,1,51.0,0,9.0,42.0,50,2,Produce,Organic Potatoes,Greenfields,40.0,25.0,12.0,SUP003,Delhi,Supermarket,16200,2250.0,North,32.6,0.0,0,0,0,0
2026-08-21,S02,P06,6,2023.0,1.25,1,32.0,0,6.0,26.0,20,4,Beverages,Tea Gold,Tata,340.0,270.0,365.0,SUP004,Delhi,Supermarket,16200,2250.0,North,32.6,0.0,0,0,0,0
2026-08-21,S02,P07,3,362.5,2.5,1,51.0,0,3.0,48.0,25,5,Personal Care,Antiseptic Soap,Dettol,125.0,95.0,730.0,SUP005,Delhi,Supermarket,16200,2250.0,North,32.6,0.0,0,0,0,0
2026-08-21,S02,P08,1,468.0,10.0,1,21.0,0,1.0,20.0,20,4,Staples,Basmati Rice 5Kg,India Gate,520.0,415.0,365.0,SUP006,Delhi,Supermarket,16200,2250.0,North,32.6,0.0,0,0,0,0
2026-08-21,S02,P09,14,2415.0,1.0,1,46.0,0,14.0,32.0,25,3,Staples,Sunflower Oil 1L,Fortune,175.0,140.0,270.0,SUP006,Delhi,Supermarket,16200,2250.0,North,32.6,0.0,0,0,0,0
2026-08-21,S02,P10,1,60.0,0.0,0,146.0,0,1.0,145.0,35,3,Snacks,Gold Biscuits,Parle,60.0,45.0,180.0,SUP_UNKNOWN,Delhi,Supermarket,16200,2250.0,North,32.6,0.0,0,0,0,0
2026-08-21,S03,P01,6,366.3,5.0,1,69.0,0,6.0,63.0,40,1,Dairy,Fresh Milk,Amul,66.0,52.0,3.0,SUP001,Bengaluru,Express,6400,2250.0,South,30.2,10.0,0,0,0,0
2026-08-21,S03,P02,3,825.0,0.0,0,28.0,0,3.0,25.0,25,3,Dairy,Butter,Amul,275.0,235.0,180.0,SUP001,Bengaluru,Express,6400,2250.0,South,30.2,10.0,0,0,0,0
2026-08-21,S03,P03,1,45.0,0.0,0,82.0,0,1.0,81.0,45,1,Bakery,Whole Wheat Bread,Britannia,45.0,34.0,6.0,SUP002,Bengaluru,Express,6400,2250.0,South,30.2,10.0,0,0,0,0
2026-08-21,S03,P04,1,180.0,0.0,0,26.0,70,1.0,95.0,30,2,Produce,Royal Gala Apples,Farmfresh,180.0,130.0,12.0,SUP003,Bengaluru,Express,6400,2250.0,South,30.2,10.0,0,0,0,0
2026-08-21,S03,P05,6,240.0,0.0,0,151.0,0,6.0,145.0,50,2,Produce,Organic Potatoes,Greenfields,40.0,25.0,12.0,SUP003,Bengaluru,Express,6400,2250.0,South,30.2,10.0,0,0,0,0
2026-08-21,S03,P06,2,680.0,0.0,0,28.0,0,2.0,26.0,20,4,Beverages,Tea Gold,Tata,340.0,270.0,365.0,SUP004,Bengaluru,Express,6400,2250.0,South,30.2,10.0,0,0,0,0
2026-08-21,S03,P07,2,225.0,10.0,1,40.0,0,2.0,38.0,25,5,Personal Care,Antiseptic Soap,Dettol,125.0,95.0,730.0,SUP005,Bengaluru,Express,6400,2250.0,South,30.2,10.0,0,0,0,0
2026-08-21,S03,P08,0,0.0,0.0,0,59.0,0,0.0,59.0,20,4,Staples,Basmati Rice 5Kg,India Gate,520.0,415.0,365.0,SUP006,Bengaluru,Express,6400,2250.0,South,30.2,10.0,0,0,0,0
2026-08-21,S03,P09,2,332.5,5.0,1,32.0,0,2.0,30.0,25,3,Staples,Sunflower Oil 1L,Fortune,175.0,140.0,270.0,SUP006,Bengaluru,Express,6400,2250.0,South,30.2,10.0,0,0,0,0
2026-08-21,S03,P10,1,54.0,10.0,1,40.0,0,1.0,39.0,35,3,Snacks,Gold Biscuits,Parle,60.0,45.0,180.0,SUP_UNKNOWN,Bengaluru,Express,6400,2250.0,South,30.2,10.0,0,0,0,0
2026-08-21,S04,P01,16,957.0,10.0,1,84.0,0,16.0,68.0,40,1,Dairy,Fresh Milk,Amul,66.0,52.0,3.0,SUP001,Kolkata,Supermarket,14800,1850.0,East,32.9,0.0,0,0,0,1
2026-08-21,S04,P02,6,1650.0,0.0,0,41.0,0,6.0,35.0,25,3,Dairy,Butter,Amul,275.0,235.0,180.0,SUP001,Kolkata,Supermarket,14800,1850.0,East,32.9,0.0,0,0,0,1
2026-08-21,S04,P03,3,132.75,1.67,1,164.0,90,3.0,251.0,45,1,Bakery,Whole Wheat Bread,Britannia,45.0,34.0,6.0,SUP002,Kolkata,Supermarket,14800,1850.0,East,32.9,0.0,0,0,0,1
2026-08-21,S04,P04,3,522.0,3.33,1,58.0,0,3.0,55.0,30,2,Produce,Royal Gala Apples,Farmfresh,180.0,130.0,12.0,SUP003,Kolkata,Supermarket,14800,1850.0,East,32.9,0.0,0,0,0,1
2026-08-21,S04,P05,0,0.0,0.0,0,93.0,0,0.0,93.0,50,2,Produce,Organic Potatoes,Greenfields,40.0,25.0,12.0,SUP003,Kolkata,Supermarket,14800,1850.0,East,32.9,0.0,0,0,0,1
2026-08-21,S04,P06,0,0.0,0.0,0,51.0,0,0.0,51.0,20,4,Beverages,Tea Gold,Tata,340.0,270.0,365.0,SUP004,Kolkata,Supermarket,14800,1850.0,East,32.9,0.0,0,0,0,1
2026-08-21,S04,P07,3,125.0,10.0,1,23.0,0,3.0,20.0,25,5,Personal Care,Antiseptic Soap,Dettol,125.0,95.0,730.0,SUP005,Kolkata,Supermarket,14800,1850.0,East,32.9,0.0,0,0,0,1
2026-08-21,S04,P08,0,0.0,0.0,0,10.0,45,0.0,55.0,20,4,Staples,Basmati Rice 5Kg,India Gate,520.0,415.0,365.0,SUP006,Kolkata,Supermarket,14800,1850.0,East,32.9,0.0,0,0,0,1
2026-08-21,S04,P09,0,0.0,0.0,0,21.0,55,0.0,76.0,25,3,Staples,Sunflower Oil 1L,Fortune,175.0,140.0,270.0,SUP006,Kolkata,Supermarket,14800,1850.0,East,32.9,0.0,0,0,0,1
2026-08-21,S04,P10,1,60.0,0.0,0,85.0,0,1.0,84.0,35,3,Snacks,Gold Biscuits,Parle,60.0,45.0,180.0,SUP_UNKNOWN,Kolkata,Supermarket,14800,1850.0,East,32.9,0.0,0,0,0,1
2026-08-22,S01,P01,149,9764.7,3.41,1,71.0,0,149.0,0.0,40,1,Dairy,Fresh Milk,Amul,66.0,52.0,3.0,SUP001,Mumbai,Hypermarket,28500,3400.0,West,29.1,20.9,0,0,1,0
2026-08-22,S01,P02,12,3162.5,7.14,1,35.0,0,12.0,23.0,25,3,Dairy,Butter,Amul,275.0,235.0,180.0,SUP001,Mumbai,Hypermarket,28500,3400.0,West,29.1,20.9,0,0,1,0
2026-08-22,S01,P03,32,1401.75,3.24,1,55.0,0,32.0,23.0,45,1,Bakery,Whole Wheat Bread,Britannia,45.0,34.0,6.0,SUP002,Mumbai,Hypermarket,28500,3400.0,West,29.1,20.9,0,0,1,0
2026-08-22,S01,P04,3,540.0,0.0,0,45.0,0,4.0,41.0,30,2,Produce,Royal Gala Apples,Farmfresh,180.0,130.0,12.0,SUP003,Mumbai,Hypermarket,28500,3400.0,West,29.1,20.9,0,0,1,0
2026-08-22,S01,P05,13,496.0,4.5,1,179.0,120,13.0,286.0,50,2,Produce,Organic Potatoes,Greenfields,40.0,25.0,12.0,SUP003,Mumbai,Hypermarket,28500,3400.0,West,29.1,20.9,0,0,1,0
2026-08-22,S01,P06,6,1989.0,1.67,1,40.0,0,6.0,34.0,20,4,Beverages,Tea Gold,Tata,340.0,270.0,365.0,SUP004,Mumbai,Hypermarket,28500,3400.0,West,29.1,20.9,0,0,1,0
2026-08-22,S01,P07,5,606.25,3.0,1,12.0,0,5.0,7.0,25,5,Personal Care,Antiseptic Soap,Dettol,125.0,95.0,730.0,SUP005,Mumbai,Hypermarket,28500,3400.0,West,29.1,20.9,0,0,1,0
2026-08-22,S01,P08,8,3822.0,8.33,1,41.0,0,8.0,33.0,20,4,Staples,Basmati Rice 5Kg,India Gate,520.0,415.0,365.0,SUP006,Mumbai,Hypermarket,28500,3400.0,West,29.1,20.9,0,0,1,0
2026-08-22,S01,P09,9,1548.75,1.25,1,22.0,0,9.0,13.0,25,3,Staples,Sunflower Oil 1L,Fortune,175.0,140.0,270.0,SUP006,Mumbai,Hypermarket,28500,3400.0,West,29.1,20.9,0,0,1,0
2026-08-22,S01,P10,10,555.0,25.0,1,32.0,0,12.0,20.0,35,3,Snacks,Gold Biscuits,Parle,60.0,45.0,180.0,SUP_UNKNOWN,Mumbai,Hypermarket,28500,3400.0,West,29.1,20.9,0,0,1,0
2026-08-22,S02,P01,19,1184.7,5.0,1,45.0,0,19.0,26.0,40,1,Dairy,Fresh Milk,Amul,66.0,52.0,3.0,SUP001,Delhi,Supermarket,16200,2250.0,North,36.6,17.9,0,0,1,0
2026-08-22,S02,P02,11,2942.5,2.5,1,9.0,60,11.0,58.0,25,3,Dairy,Butter,Amul,275.0,235.0,180.0,SUP001,Delhi,Supermarket,16200,2250.0,North,36.6,17.9,0,0,1,0
2026-08-22,S02,P03,19,814.5,5.42,1,53.0,0,19.0,34.0,45,1,Bakery,Whole Wheat Bread,Britannia,45.0,34.0,6.0,SUP002,Delhi,Supermarket,16200,2250.0,North,36.6,17.9,0,0,1,0
2026-08-22,S02,P04,3,531.0,1.67,1,64.0,0,3.0,61.0,30,2,Produce,Royal Gala Apples,Farmfresh,180.0,130.0,12.0,SUP003,Delhi,Supermarket,16200,2250.0,North,36.6,17.9,0,0,1,0
2026-08-22,S02,P05,13,512.0,1.43,1,42.0,0,13.0,29.0,50,2,Produce,Organic Potatoes,Greenfields,40.0,25.0,12.0,SUP003,Delhi,Supermarket,16200,2250.0,North,36.6,17.9,0,0,1,0
2026-08-22,S02,P06,4,1326.0,1.67,1,26.0,0,4.0,22.0,20,4,Beverages,Tea Gold,Tata,340.0,270.0,365.0,SUP004,Delhi,Supermarket,16200,2250.0,North,36.6,17.9,0,0,1,0
2026-08-22,S02,P07,4,431.25,12.5,1,48.0,0,4.0,44.0,25,5,Personal Care,Antiseptic Soap,Dettol,125.0,95.0,730.0,SUP005,Delhi,Supermarket,16200,2250.0,North,36.6,17.9,0,0,1,0
2026-08-22,S02,P08,7,3562.0,1.67,1,20.0,0,7.0,13.0,20,4,Staples,Basmati Rice 5Kg,India Gate,520.0,415.0,365.0,SUP006,Delhi,Supermarket,16200,2250.0,North,36.6,17.9,0,0,1,0
2026-08-22,S02,P09,4,700.0,0.0,0,32.0,0,4.0,28.0,25,3,Staples,Sunflower Oil 1L,Fortune,175.0,140.0,270.0,SUP006,Delhi,Supermarket,16200,2250.0,North,36.6,17.9,0,0,1,0
2026-08-22,S02,P10,7,411.0,1.25,1,145.0,80,7.0,218.0,35,3,Snacks,Gold Biscuits,Parle,60.0,45.0,180.0,SUP_UNKNOWN,Delhi,Supermarket,16200,2250.0,North,36.6,17.9,0,0,1,0
2026-08-22,S03,P01,9,544.5,5.71,1,63.0,0,9.0,54.0,40,1,Dairy,Fresh Milk,Amul,66.0,52.0,3.0,SUP001,Bengaluru,Express,6400,2250.0,South,29.2,15.1,0,0,1,0
2026-08-22,S03,P02,2,536.25,2.5,1,25.0,0,2.0,23.0,25,3,Dairy,Butter,Amul,275.0,235.0,180.0,SUP001,Bengaluru,Express,6400,2250.0,South,29.2,15.1,0,0,1,0
2026-08-22,S03,P03,5,218.25,3.0,1,81.0,0,5.0,76.0,45,1,Bakery,Whole Wheat Bread,Britannia,45.0,34.0,6.0,SUP002,Bengaluru,Express,6400,2250.0,South,29.2,15.1,0,0,1,0
2026-08-22,S03,P04,1,171.0,5.0,1,95.0,0,1.0,94.0,30,2,Produce,Royal Gala Apples,Farmfresh,180.0,130.0,12.0,SUP003,Bengaluru,Express,6400,2250.0,South,29.2,15.1,0,0,1,0
2026-08-22,S03,P05,5,184.0,6.25,1,145.0,0,5.0,140.0,50,2,Produce,Organic Potatoes,Greenfields,40.0,25.0,12.0,SUP003,Bengaluru,Express,6400,2250.0,South,29.2,15.1,0,0,1,0
2026-08-22,S03,P06,2,544.0,20.0,1,26.0,0,2.0,24.0,20,4,Beverages,Tea Gold,Tata,340.0,270.0,365.0,SUP004,Bengaluru,Express,6400,2250.0,South,29.2,15.1,0,0,1,0
2026-08-22,S03,P07,0,0.0,0.0,0,38.0,0,0.0,38.0,25,5,Personal Care,Antiseptic Soap,Dettol,125.0,95.0,730.0,SUP005,Bengaluru,Express,6400,2250.0,South,29.2,15.1,0,0,1,0
2026-08-22,S03,P08,0,0.0,0.0,0,59.0,0,0.0,59.0,20,4,Staples,Basmati Rice 5Kg,India Gate,520.0,415.0,365.0,SUP006,Bengaluru,Express,6400,2250.0,South,29.2,15.1,0,0,1,0
2026-08-22,S03,P09,1,175.0,0.0,0,30.0,0,1.0,29.0,25,3,Staples,Sunflower Oil 1L,Fortune,175.0,140.0,270.0,SUP006,Bengaluru,Express,6400,2250.0,South,29.2,15.1,0,0,1,0
2026-08-22,S03,P10,0,0.0,0.0,0,39.0,0,0.0,39.0,35,3,Snacks,Gold Biscuits,Parle,60.0,45.0,180.0,SUP_UNKNOWN,Bengaluru,Express,6400,2250.0,South,29.2,15.1,0,0,1,0
2026-08-22,S04,P01,11,666.6,6.88,1,68.0,0,11.0,57.0,40,1,Dairy,Fresh Milk,Amul,66.0,52.0,3.0,SUP001,Kolkata,Supermarket,14800,1850.0,East,33.4,0.0,0,0,1,0
2026-08-22,S04,P02,3,797.5,2.5,1,35.0,0,3.0,32.0,25,3,Dairy,Butter,Amul,275.0,235.0,180.0,SUP001,Kolkata,Supermarket,14800,1850.0,East,33.4,0.0,0,0,1,0
2026-08-22,S04,P03,16,663.75,6.88,1,82.0,0,16.0,66.0,45,1,Bakery,Whole Wheat Bread,Britannia,45.0,34.0,6.0,SUP002,Kolkata,Supermarket,14800,1850.0,East,33.4,0.0,0,0,1,0
2026-08-22,S04,P04,0,0.0,0.0,0,55.0,0,0.0,55.0,30,2,Produce,Royal Gala Apples,Farmfresh,180.0,130.0,12.0,SUP003,Kolkata,Supermarket,14800,1850.0,East,33.4,0.0,0,0,1,0
2026-08-22,S04,P05,5,198.0,1.25,1,93.0,0,5.0,88.0,50,2,Produce,Organic Potatoes,Greenfields,40.0,25.0,12.0,SUP003,Kolkata,Supermarket,14800,1850.0,East,33.4,0.0,0,0,1,0
2026-08-22,S04,P06,2,646.0,5.0,1,51.0,0,2.0,49.0,20,4,Beverages,Tea Gold,Tata,340.0,270.0,365.0,SUP004,Kolkata,Supermarket,14800,1850.0,East,33.4,0.0,0,0,1,0
2026-08-22,S04,P07,7,850.0,6.67,1,20.0,0,7.0,13.0,25,5,Personal Care,Antiseptic Soap,Dettol,125.0,95.0,730.0,SUP005,Kolkata,Supermarket,14800,1850.0,East,33.4,0.0,0,0,1,0
2026-08-22,S04,P08,6,3120.0,0.0,0,55.0,0,6.0,49.0,20,4,Staples,Basmati Rice 5Kg,India Gate,520.0,415.0,365.0,SUP006,Kolkata,Supermarket,14800,1850.0,East,33.4,0.0,0,0,1,0
2026-08-22,S04,P09,4,700.0,0.0,0,76.0,0,4.0,72.0,25,3,Staples,Sunflower Oil 1L,Fortune,175.0,140.0,270.0,SUP006,Kolkata,Supermarket,14800,1850.0,East,33.4,0.0,0,0,1,0
2026-08-22,S04,P10,3,177.0,1.67,1,84.0,0,3.0,81.0,35,3,Snacks,Gold Biscuits,Parle,60.0,45.0,180.0,SUP_UNKNOWN,Kolkata,Supermarket,14800,1850.0,East,33.4,0.0,0,0,1,0
2026-08-23,S01,P01,42,2659.8,4.25,1,0.0,100,42.0,58.0,40,1,Dairy,Fresh Milk,Amul,66.0,52.0,3.0,SUP001,Mumbai,Hypermarket,28500,3400.0,West,29.1,80.9,0,0,1,0
2026-08-23,S01,P02,8,2186.25,1.0,1,23.0,0,8.0,15.0,25,3,Dairy,Butter,Amul,275.0,235.0,180.0,SUP001,Mumbai,Hypermarket,28500,3400.0,West,29.1,80.9,0,0,1,0
2026-08-23,S01,P03,18,789.75,2.92,1,23.0,90,18.0,95.0,45,1,Bakery,Whole Wheat Bread,Britannia,45.0,34.0,6.0,SUP002,Mumbai,Hypermarket,28500,3400.0,West,29.1,80.9,0,0,1,0
2026-08-23,S01,P04,9,1557.0,3.0,1,41.0,0,9.0,32.0,30,2,Produce,Royal Gala Apples,Farmfresh,180.0,130.0,12.0,SUP003,Mumbai,Hypermarket,28500,3400.0,West,29.1,80.9,0,0,1,0
2026-08-23,S01,P05,17,648.0,4.55,1,286.0,0,17.0,269.0,50,2,Produce,Organic Potatoes,Greenfields,40.0,25.0,12.0,SUP003,Mumbai,Hypermarket,28500,3400.0,West,29.1,80.9,0,0,1,0
2026-08-23,S01,P06,9,2924.0,5.0,1,34.0,0,9.0,25.0,20,4,Beverages,Tea Gold,Tata,340.0,270.0,365.0,SUP004,Mumbai,Hypermarket,28500,3400.0,West,29.1,80.9,0,0,1,0
2026-08-23,S01,P07,6,700.0,5.0,1,7.0,0,6.0,1.0,25,5,Personal Care,Antiseptic Soap,Dettol,125.0,95.0,730.0,SUP005,Mumbai,Hypermarket,28500,3400.0,West,29.1,80.9,0,0,1,0
2026-08-23,S01,P08,2,1040.0,0.0,0,33.0,0,2.0,31.0,20,4,Staples,Basmati Rice 5Kg,India Gate,520.0,415.0,365.0,SUP006,Mumbai,Hypermarket,28500,3400.0,West,29.1,80.9,0,0,1,0
2026-08-23,S01,P09,8,1356.25,3.0,1,13.0,55,8.0,60.0,25,3,Staples,Sunflower Oil 1L,Fortune,175.0,140.0,270.0,SUP006,Mumbai,Hypermarket,28500,3400.0,West,29.1,80.9,0,0,1,0
2026-08-23,S01,P10,11,642.0,4.0,1,20.0,0,11.0,9.0,35,3,Snacks,Gold Biscuits,Parle,60.0,45.0,180.0,SUP_UNKNOWN,Mumbai,Hypermarket,28500,3400.0,West,29.1,80.9,0,0,1,0
2026-08-23,S02,P01,144,9441.3,4.69,1,26.0,100,144.0,0.0,40,1,Dairy,Fresh Milk,Amul,66.0,52.0,3.0,SUP001,Delhi,Supermarket,16200,2250.0,North,33.3,0.0,0,0,1,0
2026-08-23,S02,P02,6,1608.75,3.75,1,58.0,0,6.0,52.0,25,3,Dairy,Butter,Amul,275.0,235.0,180.0,SUP001,Delhi,Supermarket,16200,2250.0,North,33.3,0.0,0,0,1,0
2026-08-23,S02,P03,14,605.25,3.12,1,34.0,90,14.0,110.0,45,1,Bakery,Whole Wheat Bread,Britannia,45.0,34.0,6.0,SUP002,Delhi,Supermarket,16200,2250.0,North,33.3,0.0,0,0,1,0
2026-08-23,S02,P04,15,2682.0,1.67,1,61.0,0,15.0,46.0,30,2,Produce,Royal Gala Apples,Farmfresh,180.0,130.0,12.0,SUP003,Delhi,Supermarket,16200,2250.0,North,33.3,0.0,0,0,1,0
2026-08-23,S02,P05,9,356.0,1.25,1,29.0,120,9.0,140.0,50,2,Produce,Organic Potatoes,Greenfields,40.0,25.0,12.0,SUP003,Delhi,Supermarket,16200,2250.0,North,33.3,0.0,0,0,1,0
2026-08-23,S02,P06,4,1360.0,0.0,0,22.0,0,4.0,18.0,20,4,Beverages,Tea Gold,Tata,340.0,270.0,365.0,SUP004,Delhi,Supermarket,16200,2250.0,North,33.3,0.0,0,0,1,0
2026-08-23,S02,P07,5,568.75,7.5,1,44.0,0,5.0,39.0,25,5,Personal Care,Antiseptic Soap,Dettol,125.0,95.0,730.0,SUP005,Delhi,Supermarket,16200,2250.0,North,33.3,0.0,0,0,1,0
2026-08-23,S02,P08,2,1040.0,0.0,0,13.0,0,2.0,11.0,20,4,Staples,Basmati Rice 5Kg,India Gate,520.0,415.0,365.0,SUP006,Delhi,Supermarket,16200,2250.0,North,33.3,0.0,0,0,1,0
2026-08-23,S02,P09,7,1076.25,11.25,1,28.0,0,7.0,21.0,25,3,Staples,Sunflower Oil 1L,Fortune,175.0,140.0,270.0,SUP006,Delhi,Supermarket,16200,2250.0,North,33.3,0.0,0,0,1,0
2026-08-23,S02,P10,0,0.0,0.0,0,218.0,0,0.0,218.0,35,3,Snacks,Gold Biscuits,Parle,60.0,45.0,180.0,SUP_UNKNOWN,Delhi,Supermarket,16200,2250.0,North,33.3,0.0,0,0,1,0
2026-08-23,S03,P01,13,848.1,3.0,1,54.0,0,13.0,41.0,40,1,Dairy,Fresh Milk,Amul,66.0,52.0,3.0,SUP001,Bengaluru,Express,6400,2250.0,South,30.2,0.0,0,0,1,0
2026-08-23,S03,P02,4,1058.75,2.5,1,23.0,0,4.0,19.0,25,3,Dairy,Butter,Amul,275.0,235.0,180.0,SUP001,Bengaluru,Express,6400,2250.0,South,30.2,0.0,0,0,1,0
2026-08-23,S03,P03,2,87.75,2.5,1,76.0,0,2.0,74.0,45,1,Bakery,Whole Wheat Bread,Britannia,45.0,34.0,6.0,SUP002,Bengaluru,Express,6400,2250.0,South,30.2,0.0,0,0,1,0
2026-08-23,S03,P04,0,0.0,0.0,0,94.0,0,0.0,94.0,30,2,Produce,Royal Gala Apples,Farmfresh,180.0,130.0,12.0,SUP003,Bengaluru,Express,6400,2250.0,South,30.2,0.0,0,0,1,0
2026-08-23,S03,P05,6,234.0,1.67,1,140.0,0,6.0,134.0,50,2,Produce,Organic Potatoes,Greenfields,40.0,25.0,12.0,SUP003,Bengaluru,Express,6400,2250.0,South,30.2,0.0,0,0,1,0
2026-08-23,S03,P06,1,323.0,5.0,1,24.0,0,1.0,23.0,20,4,Beverages,Tea Gold,Tata,340.0,270.0,365.0,SUP004,Bengaluru,Express,6400,2250.0,South,30.2,0.0,0,0,1,0
2026-08-23,S03,P07,2,243.75,2.5,1,38.0,0,2.0,36.0,25,5,Personal Care,Antiseptic Soap,Dettol,125.0,95.0,730.0,SUP005,Bengaluru,Express,6400,2250.0,South,30.2,0.0,0,0,1,0
2026-08-23,S03,P08,6,3120.0,0.0,0,59.0,0,6.0,53.0,20,4,Staples,Basmati Rice 5Kg,India Gate,520.0,415.0,365.0,SUP006,Bengaluru,Express,6400,2250.0,South,30.2,0.0,0,0,1,0
2026-08-23,S03,P09,1,166.25,5.0,1,29.0,0,1.0,28.0,25,3,Staples,Sunflower Oil 1L,Fortune,175.0,140.0,270.0,SUP006,Bengaluru,Express,6400,2250.0,South,30.2,0.0,0,0,1,0
2026-08-23,S03,P10,5,294.0,2.5,1,39.0,0,5.0,34.0,35,3,Snacks,Gold Biscuits,Parle,60.0,45.0,180.0,SUP_UNKNOWN,Bengaluru,Express,6400,2250.0,South,30.2,0.0,0,0,1,0
2026-08-23,S04,P01,10,646.8,3.33,1,57.0,0,10.0,47.0,40,1,Dairy,Fresh Milk,Amul,66.0,52.0,3.0,SUP001,Kolkata,Supermarket,14800,1850.0,East,27.5,0.0,0,0,1,0
2026-08-23,S04,P02,4,1017.5,6.67,1,32.0,0,4.0,28.0,25,3,Dairy,Butter,Amul,275.0,235.0,180.0,SUP001,Kolkata,Supermarket,14800,1850.0,East,27.5,0.0,0,0,1,0
2026-08-23,S04,P03,9,396.0,3.75,1,66.0,0,9.0,57.0,45,1,Bakery,Whole Wheat Bread,Britannia,45.0,34.0,6.0,SUP002,Kolkata,Supermarket,14800,1850.0,East,27.5,0.0,0,0,1,0
2026-08-23,S04,P04,3,540.0,0.0,0,55.0,0,3.0,52.0,30,2,Produce,Royal Gala Apples,Farmfresh,180.0,130.0,12.0,SUP003,Kolkata,Supermarket,14800,1850.0,East,27.5,0.0,0,0,1,0
2026-08-23,S04,P05,2,72.0,10.0,1,88.0,0,2.0,86.0,50,2,Produce,Organic Potatoes,Greenfields,40.0,25.0,12.0,SUP003,Kolkata,Supermarket,14800,1850.0,East,27.5,0.0,0,0,1,0
2026-08-23,S04,P06,0,0.0,0.0,0,49.0,0,0.0,49.0,20,4,Beverages,Tea Gold,Tata,340.0,270.0,365.0,SUP004,Kolkata,Supermarket,14800,1850.0,East,27.5,0.0,0,0,1,0
2026-08-23,S04,P07,3,362.5,3.33,1,13.0,0,3.0,10.0,25,5,Personal Care,Antiseptic Soap,Dettol,125.0,95.0,730.0,SUP005,Kolkata,Supermarket,14800,1850.0,East,27.5,0.0,0,0,1,0
2026-08-23,S04,P08,4,2080.0,0.0,0,49.0,0,4.0,45.0,20,4,Staples,Basmati Rice 5Kg,India Gate,520.0,415.0,365.0,SUP006,Kolkata,Supermarket,14800,1850.0,East,27.5,0.0,0,0,1,0
2026-08-23,S04,P09,7,1225.0,0.0,0,72.0,0,7.0,65.0,25,3,Staples,Sunflower Oil 1L,Fortune,175.0,140.0,270.0,SUP006,Kolkata,Supermarket,14800,1850.0,East,27.5,0.0,0,0,1,0
2026-08-23,S04,P10,1,60.0,0.0,0,81.0,0,1.0,80.0,35,3,Snacks,Gold Biscuits,Parle,60.0,45.0,180.0,SUP_UNKNOWN,Kolkata,Supermarket,14800,1850.0,East,27.5,0.0,0,0,1,0
2026-08-24,S01,P01,13,693.0,5.0,1,58.0,100,14.0,144.0,40,1,Dairy,Fresh Milk,Amul,66.0,52.0,3.0,SUP001,Mumbai,Hypermarket,28500,3400.0,West,30.0,12.8,0,0,0,0
2026-08-24,S01,P02,11,2997.5,1.0,1,15.0,0,11.0,4.0,25,3,Dairy,Butter,Amul,275.0,235.0,180.0,SUP001,Mumbai,Hypermarket,28500,3400.0,West,30.0,12.8,0,0,0,0
2026-08-24,S01,P03,14,546.75,20.56,1,95.0,0,14.0,81.0,45,1,Bakery,Whole Wheat Bread,Britannia,45.0,34.0,6.0,SUP002,Mumbai,Hypermarket,28500,3400.0,West,30.0,12.8,0,0,0,0
2026-08-24,S01,P04,7,1206.0,3.75,1,32.0,0,7.0,25.0,30,2,Produce,Royal Gala Apples,Farmfresh,180.0,130.0,12.0,SUP003,Mumbai,Hypermarket,28500,3400.0,West,30.0,12.8,0,0,0,0
2026-08-24,S01,P05,20,746.0,5.42,1,269.0,120,20.0,369.0,50,2,Produce,Organic Potatoes,Greenfields,40.0,25.0,12.0,SUP003,Mumbai,Hypermarket,28500,3400.0,West,30.0,12.8,0,0,0,0
2026-08-24,S01,P06,5,1649.0,5.0,1,25.0,0,5.0,20.0,20,4,Beverages,Tea Gold,Tata,340.0,270.0,365.0,SUP004,Mumbai,Hypermarket,28500,3400.0,West,30.0,12.8,0,0,0,0
2026-08-24,S01,P07,1,125.0,0.0,0,1.0,60,1.0,60.0,25,5,Personal Care,Antiseptic Soap,Dettol,125.0,95.0,730.0,SUP005,Mumbai,Hypermarket,28500,3400.0,West,30.0,12.8,0,0,0,0
2026-08-24,S01,P08,9,4628.0,2.0,1,31.0,0,9.0,22.0,20,4,Staples,Basmati Rice 5Kg,India Gate,520.0,415.0,365.0,SUP006,Mumbai,Hypermarket,28500,3400.0,West,30.0,12.8,0,0,0,0
2026-08-24,S01,P09,3,446.25,15.0,1,60.0,0,3.0,57.0,25,3,Staples,Sunflower Oil 1L,Fortune,175.0,140.0,270.0,SUP006,Mumbai,Hypermarket,28500,3400.0,West,30.0,12.8,0,0,0,0
2026-08-24,S01,P10,8,447.0,6.0,1,9.0,80,8.0,81.0,35,3,Snacks,Gold Biscuits,Parle,60.0,45.0,180.0,SUP_UNKNOWN,Mumbai,Hypermarket,28500,3400.0,West,30.0,12.8,0,0,0,0
2026-08-24,S02,P01,13,821.7,4.55,1,0.0,100,13.0,87.0,40,1,Dairy,Fresh Milk,Amul,66.0,52.0,3.0,SUP001,Delhi,Supermarket,16200,2250.0,North,32.1,0.0,0,0,0,0
2026-08-24,S02,P02,6,1567.5,5.0,1,52.0,0,6.0,46.0,25,3,Dairy,Butter,Amul,275.0,235.0,180.0,SUP001,Delhi,Supermarket,16200,2250.0,North,32.1,0.0,0,0,0,0
2026-08-24,S02,P03,3,135.0,0.0,0,110.0,0,3.0,107.0,45,1,Bakery,Whole Wheat Bread,Britannia,45.0,34.0,6.0,SUP002,Delhi,Supermarket,16200,2250.0,North,32.1,0.0,0,0,0,0
2026-08-24,S02,P04,7,1215.0,5.0,1,46.0,0,7.0,39.0,30,2,Produce,Royal Gala Apples,Farmfresh,180.0,130.0,12.0,SUP003,Delhi,Supermarket,16200,2250.0,North,32.1,0.0,0,0,0,0
2026-08-24,S02,P05,12,438.0,9.29,1,140.0,0,12.0,128.0,50,2,Produce,Organic Potatoes,Greenfields,40.0,25.0,12.0,SUP003,Delhi,Supermarket,16200,2250.0,North,32.1,0.0,0,0,0,0
2026-08-24,S02,P06,4,1326.0,5.0,1,18.0,0,4.0,14.0,20,4,Beverages,Tea Gold,Tata,340.0,270.0,365.0,SUP004,Delhi,Supermarket,16200,2250.0,North,32.1,0.0,0,0,0,0
2026-08-24,S02,P07,1,125.0,0.0,0,39.0,0,1.0,38.0,25,5,Personal Care,Antiseptic Soap,Dettol,125.0,95.0,730.0,SUP005,Delhi,Supermarket,16200,2250.0,North,32.1,0.0,0,0,0,0
2026-08-24,S02,P08,2,1040.0,0.0,0,11.0,0,2.0,9.0,20,4,Staples,Basmati Rice 5Kg,India Gate,520.0,415.0,365.0,SUP006,Delhi,Supermarket,16200,2250.0,North,32.1,0.0,0,0,0,0
2026-08-24,S02,P09,2,332.5,5.0,1,21.0,0,2.0,19.0,25,3,Staples,Sunflower Oil 1L,Fortune,175.0,140.0,270.0,SUP006,Delhi,Supermarket,16200,2250.0,North,32.1,0.0,0,0,0,0
2026-08-24,S02,P10,2,120.0,0.0,0,218.0,0,2.0,216.0,35,3,Snacks,Gold Biscuits,Parle,60.0,45.0,180.0,SUP_UNKNOWN,Delhi,Supermarket,16200,2250.0,North,32.1,0.0,0,0,0,0
2026-08-24,S03,P01,2,132.0,0.0,0,41.0,0,2.0,39.0,40,1,Dairy,Fresh Milk,Amul,66.0,52.0,3.0,SUP001,Bengaluru,Express,6400,2250.0,South,27.0,0.0,0,0,0,0
2026-08-24,S03,P02,2,550.0,0.0,0,19.0,60,2.0,77.0,25,3,Dairy,Butter,Amul,275.0,235.0,180.0,SUP001,Bengaluru,Express,6400,2250.0,South,27.0,0.0,0,0,0,0
2026-08-24,S03,P03,9,396.0,3.33,1,74.0,0,9.0,65.0,45,1,Bakery,Whole Wheat Bread,Britannia,45.0,34.0,6.0,SUP002,Bengaluru,Express,6400,2250.0,South,27.0,0.0,0,0,0,0
2026-08-24,S03,P04,4,720.0,0.0,0,94.0,0,4.0,90.0,30,2,Produce,Royal Gala Apples,Farmfresh,180.0,130.0,12.0,SUP003,Bengaluru,Express,6400,2250.0,South,27.0,0.0,0,0,0,0
2026-08-24,S03,P05,1,40.0,0.0,0,134.0,0,1.0,133.0,50,2,Produce,Organic Potatoes,Greenfields,40.0,25.0,12.0,SUP003,Bengaluru,Express,6400,2250.0,South,27.0,0.0,0,0,0,0
2026-08-24,S03,P06,4,1190.0,12.5,1,23.0,0,4.0,19.0,20,4,Beverages,Tea Gold,Tata,340.0,270.0,365.0,SUP004,Bengaluru,Express,6400,2250.0,South,27.0,0.0,0,0,0,0
2026-08-24,S03,P07,0,0.0,0.0,0,36.0,0,0.0,36.0,25,5,Personal Care,Antiseptic Soap,Dettol,125.0,95.0,730.0,SUP005,Bengaluru,Express,6400,2250.0,South,27.0,0.0,0,0,0,0
2026-08-24,S03,P08,0,0.0,0.0,0,53.0,0,0.0,53.0,20,4,Staples,Basmati Rice 5Kg,India Gate,520.0,415.0,365.0,SUP006,Bengaluru,Express,6400,2250.0,South,27.0,0.0,0,0,0,0
2026-08-24,S03,P09,0,0.0,0.0,0,28.0,0,0.0,28.0,25,3,Staples,Sunflower Oil 1L,Fortune,175.0,140.0,270.0,SUP006,Bengaluru,Express,6400,2250.0,South,27.0,0.0,0,0,0,0
2026-08-24,S03,P10,2,105.0,12.5,1,34.0,0,2.0,32.0,35,3,Snacks,Gold Biscuits,Parle,60.0,45.0,180.0,SUP_UNKNOWN,Bengaluru,Express,6400,2250.0,South,27.0,0.0,0,0,0,0
2026-08-24,S04,P01,2,132.0,0.0,0,47.0,0,2.0,45.0,40,1,Dairy,Fresh Milk,Amul,66.0,52.0,3.0,SUP001,Kolkata,Supermarket,14800,1850.0,East,29.8,0.0,0,0,0,0
2026-08-24,S04,P02,0,0.0,0.0,0,28.0,0,0.0,28.0,25,3,Dairy,Butter,Amul,275.0,235.0,180.0,SUP001,Kolkata,Supermarket,14800,1850.0,East,29.8,0.0,0,0,0,0
2026-08-24,S04,P03,8,360.0,0.0,0,57.0,0,8.0,49.0,45,1,Bakery,Whole Wheat Bread,Britannia,45.0,34.0,6.0,SUP002,Kolkata,Supermarket,14800,1850.0,East,29.8,0.0,0,0,0,0
2026-08-24,S04,P04,2,360.0,0.0,0,52.0,0,2.0,50.0,30,2,Produce,Royal Gala Apples,Farmfresh,180.0,130.0,12.0,SUP003,Kolkata,Supermarket,14800,1850.0,East,29.8,0.0,0,0,0,0
2026-08-24,S04,P05,2,64.0,20.0,1,86.0,0,2.0,84.0,50,2,Produce,Organic Potatoes,Greenfields,40.0,25.0,12.0,SUP003,Kolkata,Supermarket,14800,1850.0,East,29.8,0.0,0,0,0,0
2026-08-24,S04,P06,3,1020.0,0.0,0,49.0,0,3.0,46.0,20,4,Beverages,Tea Gold,Tata,340.0,270.0,365.0,SUP004,Kolkata,Supermarket,14800,1850.0,East,29.8,0.0,0,0,0,0
2026-08-24,S04,P07,0,0.0,0.0,0,10.0,60,0.0,70.0,25,5,Personal Care,Antiseptic Soap,Dettol,125.0,95.0,730.0,SUP005,Kolkata,Supermarket,14800,1850.0,East,29.8,0.0,0,0,0,0
2026-08-24,S04,P08,5,2210.0,15.0,1,45.0,0,5.0,40.0,20,4,Staples,Basmati Rice 5Kg,India Gate,520.0,415.0,365.0,SUP006,Kolkata,Supermarket,14800,1850.0,East,29.8,0.0,0,0,0,0
2026-08-24,S04,P09,1,175.0,0.0,0,65.0,0,1.0,64.0,25,3,Staples,Sunflower Oil 1L,Fortune,175.0,140.0,270.0,SUP006,Kolkata,Supermarket,14800,1850.0,East,29.8,0.0,0,0,0,0
2026-08-24,S04,P10,4,216.0,8.33,1,80.0,0,4.0,76.0,35,3,Snacks,Gold Biscuits,Parle,60.0,45.0,180.0,SUP_UNKNOWN,Kolkata,Supermarket,14800,1850.0,East,29.8,0.0,0,0,0,0
2026-08-25,S01,P01,24,1534.5,5.0,1,66.0,0,24.0,42.0,40,1,Dairy,Fresh Milk,Amul,66.0,52.0,3.0,SUP001,Mumbai,Hypermarket,28500,3400.0,West,28.0,0.0,0,0,0,0
2026-08-25,S01,P02,6,1457.5,12.5,1,4.0,60,6.0,58.0,25,3,Dairy,Butter,Amul,275.0,235.0,180.0,SUP001,Mumbai,Hypermarket,28500,3400.0,West,28.0,0.0,0,0,0,0
2026-08-25,S01,P03,12,526.5,2.5,1,81.0,0,12.0,69.0,45,1,Bakery,Whole Wheat Bread,Britannia,45.0,34.0,6.0,SUP002,Mumbai,Hypermarket,28500,3400.0,West,28.0,0.0,0,0,0,0
2026-08-25,S01,P04,5,801.0,11.25,1,25.0,0,5.0,20.0,30,2,Produce,Royal Gala Apples,Farmfresh,180.0,130.0,12.0,SUP003,Mumbai,Hypermarket,28500,3400.0,West,28.0,0.0,0,0,0,0
2026-08-25,S01,P05,1,30.0,25.0,1,369.0,0,1.0,368.0,50,2,Produce,Organic Potatoes,Greenfields,40.0,25.0,12.0,SUP003,Mumbai,Hypermarket,28500,3400.0,West,28.0,0.0,0,0,0,0
2026-08-25,S01,P06,5,1649.0,5.0,1,20.0,0,5.0,15.0,20,4,Beverages,Tea Gold,Tata,340.0,270.0,365.0,SUP004,Mumbai,Hypermarket,28500,3400.0,West,28.0,0.0,0,0,0,0
2026-08-25,S01,P07,3,350.0,6.67,1,60.0,0,5.0,55.0,25,5,Personal Care,Antiseptic Soap,Dettol,125.0,95.0,730.0,SUP005,Mumbai,Hypermarket,28500,3400.0,West,28.0,0.0,0,0,0,0
2026-08-25,S01,P08,3,1560.0,0.0,0,22.0,0,3.0,19.0,20,4,Staples,Basmati Rice 5Kg,India Gate,520.0,415.0,365.0,SUP006,Mumbai,Hypermarket,28500,3400.0,West,28.0,0.0,0,0,0,0
2026-08-25,S01,P09,0,0.0,0.0,0,57.0,0,0.0,57.0,25,3,Staples,Sunflower Oil 1L,Fortune,175.0,140.0,270.0,SUP006,Mumbai,Hypermarket,28500,3400.0,West,28.0,0.0,0,0,0,0
2026-08-25,S01,P10,4,240.0,0.0,0,81.0,0,4.0,77.0,35,3,Snacks,Gold Biscuits,Parle,60.0,45.0,180.0,SUP_UNKNOWN,Mumbai,Hypermarket,28500,3400.0,West,28.0,0.0,0,0,0,0
2026-08-25,S02,P01,11,686.4,5.0,1,69.0,0,12.0,57.0,40,1,Dairy,Fresh Milk,Amul,66.0,52.0,3.0,SUP001,Delhi,Supermarket,16200,2250.0,North,32.2,0.0,0,0,0,0
2026-08-25,S02,P02,14,3492.5,6.0,1,46.0,0,14.0,32.0,25,3,Dairy,Butter,Amul,275.0,235.0,180.0,SUP001,Delhi,Supermarket,16200,2250.0,North,32.2,0.0,0,0,0,0
2026-08-25,S02,P03,7,288.0,6.67,1,107.0,0,7.0,100.0,45,1,Bakery,Whole Wheat Bread,Britannia,45.0,34.0,6.0,SUP002,Delhi,Supermarket,16200,2250.0,North,32.2,0.0,0,0,0,0
2026-08-25,S02,P04,3,531.0,1.67,1,39.0,0,3.0,36.0,30,2,Produce,Royal Gala Apples,Farmfresh,180.0,130.0,12.0,SUP003,Delhi,Supermarket,16200,2250.0,North,32.2,0.0,0,0,0,0
2026-08-25,S02,P05,12,472.0,1.67,1,128.0,0,12.0,116.0,50,2,Produce,Organic Potatoes,Greenfields,40.0,25.0,12.0,SUP003,Delhi,Supermarket,16200,2250.0,North,32.2,0.0,0,0,0,0
2026-08-25,S02,P06,8,2380.0,8.0,1,14.0,0,8.0,6.0,20,4,Beverages,Tea Gold,Tata,340.0,270.0,365.0,SUP004,Delhi,Supermarket,16200,2250.0,North,32.2,0.0,0,0,0,0
2026-08-25,S02,P07,4,500.0,0.0,0,38.0,0,4.0,34.0,25,5,Personal Care,Antiseptic Soap,Dettol,125.0,95.0,730.0,SUP005,Delhi,Supermarket,16200,2250.0,North,32.2,0.0,0,0,0,0
2026-08-25,S02,P08,2,1040.0,0.0,0,9.0,45,2.0,52.0,20,4,Staples,Basmati Rice 5Kg,India Gate,520.0,415.0,365.0,SUP006,Delhi,Supermarket,16200,2250.0,North,32.2,0.0,0,0,0,0
2026-08-25,S02,P09,2,332.5,5.0,1,19.0,0,2.0,17.0,25,3,Staples,Sunflower Oil 1L,Fortune,175.0,140.0,270.0,SUP006,Delhi,Supermarket,16200,2250.0,North,32.2,0.0,0,0,0,0
2026-08-25,S02,P10,7,420.0,0.0,0,216.0,80,7.0,289.0,35,3,Snacks,Gold Biscuits,Parle,60.0,45.0,180.0,SUP_UNKNOWN,Delhi,Supermarket,16200,2250.0,North,32.2,0.0,0,0,0,0
2026-08-25,S03,P01,1,66.0,0.0,0,39.0,100,1.0,138.0,40,1,Dairy,Fresh Milk,Amul,66.0,52.0,3.0,SUP001,Bengaluru,Express,6400,2250.0,South,28.7,76.8,0,0,0,0
2026-08-25,S03,P02,0,0.0,0.0,0,77.0,0,0.0,77.0,25,3,Dairy,Butter,Amul,275.0,235.0,180.0,SUP001,Bengaluru,Express,6400,2250.0,South,28.7,76.8,0,0,0,0
2026-08-25,S03,P03,3,130.5,3.33,1,65.0,0,3.0,62.0,45,1,Bakery,Whole Wheat Bread,Britannia,45.0,34.0,6.0,SUP002,Bengaluru,Express,6400,2250.0,South,28.7,76.8,0,0,0,0
2026-08-25,S03,P04,0,0.0,0.0,0,90.0,0,0.0,90.0,30,2,Produce,Royal Gala Apples,Farmfresh,180.0,130.0,12.0,SUP003,Bengaluru,Express,6400,2250.0,South,28.7,76.8,0,0,0,0
2026-08-25,S03,P05,0,0.0,0.0,0,133.0,0,0.0,133.0,50,2,Produce,Organic Potatoes,Greenfields,40.0,25.0,12.0,SUP003,Bengaluru,Express,6400,2250.0,South,28.7,76.8,0,0,0,0
2026-08-25,S03,P06,1,340.0,0.0,0,19.0,0,1.0,18.0,20,4,Beverages,Tea Gold,Tata,340.0,270.0,365.0,SUP004,Bengaluru,Express,6400,2250.0,South,28.7,76.8,0,0,0,0
2026-08-25,S03,P07,0,0.0,0.0,0,36.0,0,0.0,36.0,25,5,Personal Care,Antiseptic Soap,Dettol,125.0,95.0,730.0,SUP005,Bengaluru,Express,6400,2250.0,South,28.7,76.8,0,0,0,0
2026-08-25,S03,P08,0,0.0,0.0,0,53.0,0,0.0,53.0,20,4,Staples,Basmati Rice 5Kg,India Gate,520.0,415.0,365.0,SUP006,Bengaluru,Express,6400,2250.0,South,28.7,76.8,0,0,0,0
2026-08-25,S03,P09,0,0.0,0.0,0,28.0,0,0.0,28.0,25,3,Staples,Sunflower Oil 1L,Fortune,175.0,140.0,270.0,SUP006,Bengaluru,Express,6400,2250.0,South,28.7,76.8,0,0,0,0
2026-08-25,S03,P10,0,0.0,0.0,0,32.0,0,0.0,32.0,35,3,Snacks,Gold Biscuits,Parle,60.0,45.0,180.0,SUP_UNKNOWN,Bengaluru,Express,6400,2250.0,South,28.7,76.8,0,0,0,0
2026-08-25,S04,P01,4,257.4,3.33,1,45.0,0,4.0,41.0,40,1,Dairy,Fresh Milk,Amul,66.0,52.0,3.0,SUP001,Kolkata,Supermarket,14800,1850.0,East,29.9,40.9,0,0,0,0
2026-08-25,S04,P02,1,275.0,0.0,0,28.0,0,1.0,27.0,25,3,Dairy,Butter,Amul,275.0,235.0,180.0,SUP001,Kolkata,Supermarket,14800,1850.0,East,29.9,40.9,0,0,0,0
2026-08-25,S04,P03,11,479.25,2.5,1,49.0,0,11.0,38.0,45,1,Bakery,Whole Wheat Bread,Britannia,45.0,34.0,6.0,SUP002,Kolkata,Supermarket,14800,1850.0,East,29.9,40.9,0,0,0,0
2026-08-25,S04,P04,14,2358.0,5.0,1,50.0,0,14.0,36.0,30,2,Produce,Royal Gala Apples,Farmfresh,180.0,130.0,12.0,SUP003,Kolkata,Supermarket,14800,1850.0,East,29.9,40.9,0,0,0,0
2026-08-25,S04,P05,3,114.0,5.0,1,84.0,0,3.0,81.0,50,2,Produce,Organic Potatoes,Greenfields,40.0,25.0,12.0,SUP003,Kolkata,Supermarket,14800,1850.0,East,29.9,40.9,0,0,0,0
2026-08-25,S04,P06,1,272.0,20.0,1,46.0,0,1.0,45.0,20,4,Beverages,Tea Gold,Tata,340.0,270.0,365.0,SUP004,Kolkata,Supermarket,14800,1850.0,East,29.9,40.9,0,0,0,0
2026-08-25,S04,P07,0,0.0,0.0,0,70.0,0,0.0,70.0,25,5,Personal Care,Antiseptic Soap,Dettol,125.0,95.0,730.0,SUP005,Kolkata,Supermarket,14800,1850.0,East,29.9,40.9,0,0,0,0
2026-08-25,S04,P08,4,2080.0,0.0,0,40.0,0,4.0,36.0,20,4,Staples,Basmati Rice 5Kg,India Gate,520.0,415.0,365.0,SUP006,Kolkata,Supermarket,14800,1850.0,East,29.9,40.9,0,0,0,0
2026-08-25,S04,P09,3,525.0,0.0,0,64.0,0,3.0,61.0,25,3,Staples,Sunflower Oil 1L,Fortune,175.0,140.0,270.0,SUP006,Kolkata,Supermarket,14800,1850.0,East,29.9,40.9,0,0,0,0
2026-08-25,S04,P10,1,45.0,25.0,1,76.0,0,1.0,75.0,35,3,Snacks,Gold Biscuits,Parle,60.0,45.0,180.0,SUP_UNKNOWN,Kolkata,Supermarket,14800,1850.0,East,29.9,40.9,0,0,0,0
2026-08-26,S01,P01,20,1240.8,6.67,1,42.0,0,23.0,19.0,40,1,Dairy,Fresh Milk,Amul,66.0,52.0,3.0,SUP001,Mumbai,Hypermarket,28500,3400.0,West,31.8,65.2,0,0,0,0
2026-08-26,S01,P02,6,1650.0,0.0,0,58.0,0,6.0,52.0,25,3,Dairy,Butter,Amul,275.0,235.0,180.0,SUP001,Mumbai,Hypermarket,28500,3400.0,West,31.8,65.2,0,0,0,0
2026-08-26,S01,P03,25,1046.25,5.0,1,69.0,0,25.0,44.0,45,1,Bakery,Whole Wheat Bread,Britannia,45.0,34.0,6.0,SUP002,Mumbai,Hypermarket,28500,3400.0,West,31.8,65.2,0,0,0,0
2026-08-26,S01,P04,7,1224.0,3.33,1,20.0,70,7.0,83.0,30,2,Produce,Royal Gala Apples,Farmfresh,180.0,130.0,12.0,SUP003,Mumbai,Hypermarket,28500,3400.0,West,31.8,65.2,0,0,0,0
2026-08-26,S01,P05,10,366.0,6.0,1,368.0,120,10.0,478.0,50,2,Produce,Organic Potatoes,Greenfields,40.0,25.0,12.0,SUP003,Mumbai,Hypermarket,28500,3400.0,West,31.8,65.2,0,0,0,0
2026-08-26,S01,P06,8,2635.0,1.25,1,15.0,0,8.0,7.0,20,4,Beverages,Tea Gold,Tata,340.0,270.0,365.0,SUP004,Mumbai,Hypermarket,28500,3400.0,West,31.8,65.2,0,0,0,0
2026-08-26,S01,P07,4,500.0,0.0,0,55.0,0,4.0,51.0,25,5,Personal Care,Antiseptic Soap,Dettol,125.0,95.0,730.0,SUP005,Mumbai,Hypermarket,28500,3400.0,West,31.8,65.2,0,0,0,0
2026-08-26,S01,P08,6,2886.0,7.5,1,19.0,0,6.0,13.0,20,4,Staples,Basmati Rice 5Kg,India Gate,520.0,415.0,365.0,SUP006,Mumbai,Hypermarket,28500,3400.0,West,31.8,65.2,0,0,0,0
2026-08-26,S01,P09,4,700.0,0.0,0,57.0,0,4.0,53.0,25,3,Staples,Sunflower Oil 1L,Fortune,175.0,140.0,270.0,SUP006,Mumbai,Hypermarket,28500,3400.0,West,31.8,65.2,0,0,0,0
2026-08-26,S01,P10,3,180.0,0.0,0,77.0,0,3.0,74.0,35,3,Snacks,Gold Biscuits,Parle,60.0,45.0,180.0,SUP_UNKNOWN,Mumbai,Hypermarket,28500,3400.0,West,31.8,65.2,0,0,0,0
2026-08-26,S02,P01,15,924.0,5.45,1,57.0,0,15.0,42.0,40,1,Dairy,Fresh Milk,Amul,66.0,52.0,3.0,SUP001,Delhi,Supermarket,16200,2250.0,North,33.2,68.0,0,0,0,1
2026-08-26,S02,P02,6,1430.0,12.5,1,32.0,0,6.0,26.0,25,3,Dairy,Butter,Amul,275.0,235.0,180.0,SUP001,Delhi,Supermarket,16200,2250.0,North,33.2,68.0,0,0,0,1
2026-08-26,S02,P03,9,396.0,2.14,1,100.0,0,9.0,91.0,45,1,Bakery,Whole Wheat Bread,Britannia,45.0,34.0,6.0,SUP002,Delhi,Supermarket,16200,2250.0,North,33.2,68.0,0,0,0,1
2026-08-26,S02,P04,10,1746.0,5.0,1,36.0,0,10.0,26.0,30,2,Produce,Royal Gala Apples,Farmfresh,180.0,130.0,12.0,SUP003,Delhi,Supermarket,16200,2250.0,North,33.2,68.0,0,0,0,1
2026-08-26,S02,P05,9,344.0,5.0,1,116.0,0,9.0,107.0,50,2,Produce,Organic Potatoes,Greenfields,40.0,25.0,12.0,SUP003,Delhi,Supermarket,16200,2250.0,North,33.2,68.0,0,0,0,1
2026-08-26,S02,P06,2,646.0,5.0,1,6.0,0,2.0,4.0,20,4,Beverages,Tea Gold,Tata,340.0,270.0,365.0,SUP004,Delhi,Supermarket,16200,2250.0,North,33.2,68.0,0,0,0,1
2026-08-26,S02,P07,0,0.0,0.0,0,34.0,0,0.0,34.0,25,5,Personal Care,Antiseptic Soap,Dettol,125.0,95.0,730.0,SUP005,Delhi,Supermarket,16200,2250.0,North,33.2,68.0,0,0,0,1
2026-08-26,S02,P08,2,962.0,7.5,1,52.0,0,2.0,50.0,20,4,Staples,Basmati Rice 5Kg,India Gate,520.0,415.0,365.0,SUP006,Delhi,Supermarket,16200,2250.0,North,33.2,68.0,0,0,0,1
2026-08-26,S02,P09,1,175.0,0.0,0,17.0,55,1.0,71.0,25,3,Staples,Sunflower Oil 1L,Fortune,175.0,140.0,270.0,SUP006,Delhi,Supermarket,16200,2250.0,North,33.2,68.0,0,0,0,1
2026-08-26,S02,P10,0,0.0,0.0,0,70.0,0,0.0,70.0,35,3,Snacks,Gold Biscuits,Parle,60.0,45.0,180.0,SUP_UNKNOWN,Delhi,Supermarket,16200,2250.0,North,33.2,68.0,0,0,0,1
2026-08-26,S03,P01,6,392.7,1.67,1,138.0,0,6.0,132.0,40,1,Dairy,Fresh Milk,Amul,66.0,52.0,3.0,SUP001,Bengaluru,Express,6400,2250.0,South,27.0,0.0,0,0,0,0
2026-08-26,S03,P02,0,0.0,0.0,0,77.0,0,0.0,77.0,25,3,Dairy,Butter,Amul,275.0,235.0,180.0,SUP001,Bengaluru,Express,6400,2250.0,South,27.0,0.0,0,0,0,0
2026-08-26,S03,P03,4,175.5,1.67,1,62.0,0,4.0,58.0,45,1,Bakery,Whole Wheat Bread,Britannia,45.0,34.0,6.0,SUP002,Bengaluru,Express,6400,2250.0,South,27.0,0.0,0,0,0,0
2026-08-26,S03,P04,0,0.0,0.0,0,90.0,0,0.0,90.0,30,2,Produce,Royal Gala Apples,Farmfresh,180.0,130.0,12.0,SUP003,Bengaluru,Express,6400,2250.0,South,27.0,0.0,0,0,0,0
2026-08-26,S03,P05,5,200.0,0.0,0,133.0,0,5.0,128.0,50,2,Produce,Organic Potatoes,Greenfields,40.0,25.0,12.0,SUP003,Bengaluru,Express,6400,2250.0,South,27.0,0.0,0,0,0,0
2026-08-26,S03,P06,2,680.0,0.0,0,18.0,0,2.0,16.0,20,4,Beverages,Tea Gold,Tata,340.0,270.0,365.0,SUP004,Bengaluru,Express,6400,2250.0,South,27.0,0.0,0,0,0,0
2026-08-26,S03,P07,1,112.5,10.0,1,36.0,0,1.0,35.0,25,5,Personal Care,Antiseptic Soap,Dettol,125.0,95.0,730.0,SUP005,Bengaluru,Express,6400,2250.0,South,27.0,0.0,0,0,0,0
2026-08-26,S03,P08,1,494.0,5.0,1,53.0,0,1.0,52.0,20,4,Staples,Basmati Rice 5Kg,India Gate,520.0,415.0,365.0,SUP006,Bengaluru,Express,6400,2250.0,South,27.0,0.0,0,0,0,0
2026-08-26,S03,P09,500,87500.0,0.0,0,28.0,0,500.0,0.0,25,3,Staples,Sunflower Oil 1L,Fortune,175.0,140.0,270.0,SUP006,Bengaluru,Express,6400,2250.0,South,27.0,0.0,0,0,0,0
2026-08-26,S03,P10,3,144.0,20.0,1,32.0,80,3.0,109.0,35,3,Snacks,Gold Biscuits,Parle,60.0,45.0,180.0,SUP_UNKNOWN,Bengaluru,Express,6400,2250.0,South,27.0,0.0,0,0,0,0
2026-08-26,S04,P01,9,547.8,7.0,1,41.0,0,9.0,32.0,40,1,Dairy,Fresh Milk,Amul,66.0,52.0,3.0,SUP001,Kolkata,Supermarket,14800,1850.0,East,30.8,18.7,0,0,0,0
2026-08-26,S04,P02,8,2172.5,1.67,1,27.0,0,8.0,19.0,25,3,Dairy,Butter,Amul,275.0,235.0,180.0,SUP001,Kolkata,Supermarket,14800,1850.0,East,30.8,18.7,0,0,0,0
2026-08-26,S04,P03,9,303.75,4.17,1,38.0,90,9.0,119.0,45,1,Bakery,Whole Wheat Bread,Britannia,45.0,34.0,6.0,SUP002,Kolkata,Supermarket,14800,1850.0,East,30.8,18.7,0,0,0,0
2026-08-26,S04,P04,2,342.0,5.0,1,36.0,0,2.0,34.0,30,2,Produce,Royal Gala Apples,Farmfresh,180.0,130.0,12.0,SUP003,Kolkata,Supermarket,14800,1850.0,East,30.8,18.7,0,0,0,0
2026-08-26,S04,P05,4,144.0,8.33,1,81.0,0,4.0,77.0,50,2,Produce,Organic Potatoes,Greenfields,40.0,25.0,12.0,SUP003,Kolkata,Supermarket,14800,1850.0,East,30.8,18.7,0,0,0,0
2026-08-26,S04,P06,2,680.0,0.0,0,45.0,0,2.0,43.0,20,4,Beverages,Tea Gold,Tata,340.0,270.0,365.0,SUP004,Kolkata,Supermarket,14800,1850.0,East,30.8,18.7,0,0,0,0
2026-08-26,S04,P07,4,487.5,3.33,1,70.0,0,4.0,66.0,25,5,Personal Care,Antiseptic Soap,Dettol,125.0,95.0,730.0,SUP005,Kolkata,Supermarket,14800,1850.0,East,30.8,18.7,0,0,0,0
2026-08-26,S04,P08,0,0.0,0.0,0,36.0,0,0.0,36.0,20,4,Staples,Basmati Rice 5Kg,India Gate,520.0,415.0,365.0,SUP006,Kolkata,Supermarket,14800,1850.0,East,30.8,18.7,0,0,0,0
2026-08-26,S04,P09,2,350.0,0.0,0,61.0,0,2.0,59.0,25,3,Staples,Sunflower Oil 1L,Fortune,175.0,140.0,270.0,SUP006,Kolkata,Supermarket,14800,1850.0,East,30.8,18.7,0,0,0,0
2026-08-26,S04,P10,0,0.0,0.0,0,75.0,0,0.0,75.0,35,3,Snacks,Gold Biscuits,Parle,60.0,45.0,180.0,SUP_UNKNOWN,Kolkata,Supermarket,14800,1850.0,East,30.8,18.7,0,0,0,0
2026-08-27,S01,P01,19,1234.2,2.08,1,19.0,100,19.0,100.0,40,1,Dairy,Fresh Milk,Amul,66.0,52.0,3.0,SUP001,Mumbai,Hypermarket,28500,3400.0,West,31.7,0.0,0,0,0,0
2026-08-27,S01,P02,9,2461.25,1.0,1,52.0,0,10.0,42.0,25,3,Dairy,Butter,Amul,275.0,235.0,180.0,SUP001,Mumbai,Hypermarket,28500,3400.0,West,31.7,0.0,0,0,0,0
2026-08-27,S01,P03,14,594.0,6.0,1,44.0,90,14.0,120.0,45,1,Bakery,Whole Wheat Bread,Britannia,45.0,34.0,6.0,SUP002,Mumbai,Hypermarket,28500,3400.0,West,31.7,0.0,0,0,0,0
2026-08-27,S01,P04,4,702.0,2.5,1,83.0,0,4.0,79.0,30,2,Produce,Royal Gala Apples,Farmfresh,180.0,130.0,12.0,SUP003,Mumbai,Hypermarket,28500,3400.0,West,31.7,0.0,0,0,0,0
2026-08-27,S01,P05,15,588.0,2.14,1,478.0,0,15.0,463.0,50,2,Produce,Organic Potatoes,Greenfields,40.0,25.0,12.0,SUP003,Mumbai,Hypermarket,28500,3400.0,West,31.7,0.0,0,0,0,0
2026-08-27,S01,P06,5,1462.0,10.0,1,7.0,0,5.0,2.0,20,4,Beverages,Tea Gold,Tata,340.0,270.0,365.0,SUP004,Mumbai,Hypermarket,28500,3400.0,West,31.7,0.0,0,0,0,0
2026-08-27,S01,P07,2,250.0,0.0,0,51.0,0,2.0,49.0,25,5,Personal Care,Antiseptic Soap,Dettol,125.0,95.0,730.0,SUP005,Mumbai,Hypermarket,28500,3400.0,West,31.7,0.0,0,0,0,0
2026-08-27,S01,P08,0,0.0,0.0,0,13.0,0,0.0,13.0,20,4,Staples,Basmati Rice 5Kg,India Gate,520.0,415.0,365.0,SUP006,Mumbai,Hypermarket,28500,3400.0,West,31.7,0.0,0,0,0,0
2026-08-27,S01,P09,12,1898.75,9.38,1,53.0,0,12.0,41.0,25,3,Staples,Sunflower Oil 1L,Fortune,175.0,140.0,270.0,SUP006,Mumbai,Hypermarket,28500,3400.0,West,31.7,0.0,0,0,0,0
2026-08-27,S01,P10,6,336.0,6.25,1,74.0,0,6.0,68.0,35,3,Snacks,Gold Biscuits,Parle,60.0,45.0,180.0,SUP_UNKNOWN,Mumbai,Hypermarket,28500,3400.0,West,31.7,0.0,0,0,0,0
2026-08-27,S02,P01,4,257.4,2.5,1,42.0,0,4.0,38.0,40,1,Dairy,Fresh Milk,Amul,66.0,52.0,3.0,SUP001,Delhi,Supermarket,16200,2250.0,North,31.0,0.0,0,0,0,1
2026-08-27,S02,P02,5,1292.5,3.75,1,26.0,0,5.0,21.0,25,3,Dairy,Butter,Amul,275.0,235.0,180.0,SUP001,Delhi,Supermarket,16200,2250.0,North,31.0,0.0,0,0,0,1
2026-08-27,S02,P03,7,301.5,5.0,1,91.0,0,7.0,84.0,45,1,Bakery,Whole Wheat Bread,Britannia,45.0,34.0,6.0,SUP002,Delhi,Supermarket,16200,2250.0,North,31.0,0.0,0,0,0,1
2026-08-27,S02,P04,5,792.0,10.0,1,26.0,0,5.0,21.0,30,2,Produce,Royal Gala Apples,Farmfresh,180.0,130.0,12.0,SUP003,Delhi,Supermarket,16200,2250.0,North,31.0,0.0,0,0,0,1
2026-08-27,S02,P05,6,232.0,3.33,1,107.0,0,6.0,101.0,50,2,Produce,Organic Potatoes,Greenfields,40.0,25.0,12.0,SUP003,Delhi,Supermarket,16200,2250.0,North,31.0,0.0,0,0,0,1
2026-08-27,S02,P06,4,1360.0,0.0,0,4.0,50,4.0,50.0,20,4,Beverages,Tea Gold,Tata,340.0,270.0,365.0,SUP004,Delhi,Supermarket,16200,2250.0,North,31.0,0.0,0,0,0,1
2026-08-27,S02,P07,5,562.5,11.67,1,34.0,0,5.0,29.0,25,5,Personal Care,Antiseptic Soap,Dettol,125.0,95.0,730.0,SUP005,Delhi,Supermarket,16200,2250.0,North,31.0,0.0,0,0,0,1
2026-08-27,S02,P08,2,858.0,17.5,1,50.0,0,2.0,48.0,20,4,Staples,Basmati Rice 5Kg,India Gate,520.0,415.0,365.0,SUP006,Delhi,Supermarket,16200,2250.0,North,31.0,0.0,0,0,0,1
2026-08-27,S02,P09,0,0.0,0.0,0,71.0,0,0.0,71.0,25,3,Staples,Sunflower Oil 1L,Fortune,175.0,140.0,270.0,SUP006,Delhi,Supermarket,16200,2250.0,North,31.0,0.0,0,0,0,1
2026-08-27,S02,P10,4,234.0,1.67,1,70.0,0,4.0,66.0,35,3,Snacks,Gold Biscuits,Parle,60.0,45.0,180.0,SUP_UNKNOWN,Delhi,Supermarket,16200,2250.0,North,31.0,0.0,0,0,0,1
2026-08-27,S03,P01,4,264.0,0.0,0,132.0,0,4.0,128.0,40,1,Dairy,Fresh Milk,Amul,66.0,52.0,3.0,SUP001,Bengaluru,Express,6400,2250.0,South,25.1,0.0,0,0,0,0
2026-08-27,S03,P02,0,0.0,0.0,0,77.0,0,0.0,77.0,25,3,Dairy,Butter,Amul,275.0,235.0,180.0,SUP001,Bengaluru,Express,6400,2250.0,South,25.1,0.0,0,0,0,0
2026-08-27,S03,P03,9,373.5,8.0,1,58.0,0,9.0,49.0,45,1,Bakery,Whole Wheat Bread,Britannia,45.0,34.0,6.0,SUP002,Bengaluru,Express,6400,2250.0,South,25.1,0.0,0,0,0,0
2026-08-27,S03,P04,0,0.0,0.0,0,90.0,0,0.0,90.0,30,2,Produce,Royal Gala Apples,Farmfresh,180.0,130.0,12.0,SUP003,Bengaluru,Express,6400,2250.0,South,25.1,0.0,0,0,0,0
2026-08-27,S03,P05,5,198.0,2.5,1,128.0,0,5.0,123.0,50,2,Produce,Organic Potatoes,Greenfields,40.0,25.0,12.0,SUP003,Bengaluru,Express,6400,2250.0,South,25.1,0.0,0,0,0,0
2026-08-27,S03,P06,1,323.0,5.0,1,16.0,0,1.0,15.0,20,4,Beverages,Tea Gold,Tata,340.0,270.0,365.0,SUP004,Bengaluru,Express,6400,2250.0,South,25.1,0.0,0,0,0,0
2026-08-27,S03,P07,0,0.0,0.0,0,35.0,0,0.0,35.0,25,5,Personal Care,Antiseptic Soap,Dettol,125.0,95.0,730.0,SUP005,Bengaluru,Express,6400,2250.0,South,25.1,0.0,0,0,0,0
2026-08-27,S03,P08,0,0.0,0.0,0,52.0,0,0.0,52.0,20,4,Staples,Basmati Rice 5Kg,India Gate,520.0,415.0,365.0,SUP006,Bengaluru,Express,6400,2250.0,South,25.1,0.0,0,0,0,0
2026-08-27,S03,P09,3,490.0,5.0,1,0.0,0,3.0,0.0,25,3,Staples,Sunflower Oil 1L,Fortune,175.0,140.0,270.0,SUP006,Bengaluru,Express,6400,2250.0,South,25.1,0.0,0,0,0,0
2026-08-27,S03,P10,1,60.0,0.0,0,109.0,0,1.0,108.0,35,3,Snacks,Gold Biscuits,Parle,60.0,45.0,180.0,SUP_UNKNOWN,Bengaluru,Express,6400,2250.0,South,25.1,0.0,0,0,0,0
2026-08-27,S04,P01,3,191.4,5.0,1,32.0,100,3.0,129.0,40,1,Dairy,Fresh Milk,Amul,66.0,52.0,3.0,SUP001,Kolkata,Supermarket,14800,1850.0,East,31.0,18.7,0,0,0,0
2026-08-27,S04,P02,7,1856.25,1.67,1,19.0,0,7.0,12.0,25,3,Dairy,Butter,Amul,275.0,235.0,180.0,SUP001,Kolkata,Supermarket,14800,1850.0,East,31.0,18.7,0,0,0,0
2026-08-27,S04,P03,88,3768.75,5.0,1,119.0,0,88.0,31.0,45,1,Bakery,Whole Wheat Bread,Britannia,45.0,34.0,6.0,SUP002,Kolkata,Supermarket,14800,1850.0,East,31.0,18.7,0,0,0,0
2026-08-27,S04,P04,1,180.0,0.0,0,34.0,0,1.0,33.0,30,2,Produce,Royal Gala Apples,Farmfresh,180.0,130.0,12.0,SUP003,Kolkata,Supermarket,14800,1850.0,East,31.0,18.7,0,0,0,0
2026-08-27,S04,P05,7,262.0,8.75,1,77.0,0,7.0,70.0,50,2,Produce,Organic Potatoes,Greenfields,40.0,25.0,12.0,SUP003,Kolkata,Supermarket,14800,1850.0,East,31.0,18.7,0,0,0,0
2026-08-27,S04,P06,0,0.0,0.0,0,43.0,0,0.0,43.0,20,4,Beverages,Tea Gold,Tata,340.0,270.0,365.0,SUP004,Kolkata,Supermarket,14800,1850.0,East,31.0,18.7,0,0,0,0
2026-08-27,S04,P07,6,737.5,1.25,1,66.0,0,6.0,60.0,25,5,Personal Care,Antiseptic Soap,Dettol,125.0,95.0,730.0,SUP005,Kolkata,Supermarket,14800,1850.0,East,31.0,18.7,0,0,0,0
2026-08-27,S04,P08,3,1430.0,12.5,1,36.0,0,3.0,33.0,20,4,Staples,Basmati Rice 5Kg,India Gate,520.0,415.0,365.0,SUP006,Kolkata,Supermarket,14800,1850.0,East,31.0,18.7,0,0,0,0
2026-08-27,S04,P09,4,700.0,0.0,0,59.0,0,4.0,55.0,25,3,Staples,Sunflower Oil 1L,Fortune,175.0,140.0,270.0,SUP006,Kolkata,Supermarket,14800,1850.0,East,31.0,18.7,0,0,0,0
2026-08-27,S04,P10,3,180.0,0.0,0,75.0,0,3.0,72.0,35,3,Snacks,Gold Biscuits,Parle,60.0,45.0,180.0,SUP_UNKNOWN,Kolkata,Supermarket,14800,1850.0,East,31.0,18.7,0,0,0,0
2026-08-28,S01,P01,48,3102.0,2.88,1,100.0,0,49.0,51.0,40,1,Dairy,Fresh Milk,Amul,66.0,52.0,3.0,SUP001,Mumbai,Hypermarket,28500,3400.0,West,30.6,4.5,0,1,0,0
2026-08-28,S01,P02,7,1842.5,4.0,1,42.0,0,7.0,35.0,25,3,Dairy,Butter,Amul,275.0,235.0,180.0,SUP001,Mumbai,Hypermarket,28500,3400.0,West,30.6,4.5,0,1,0,0
2026-08-28,S01,P03,34,1435.5,6.76,1,120.0,0,34.0,86.0,45,1,Bakery,Whole Wheat Bread,Britannia,45.0,34.0,6.0,SUP002,Mumbai,Hypermarket,28500,3400.0,West,30.6,4.5,0,1,0,0
2026-08-28,S01,P04,14,2367.0,6.25,1,79.0,0,14.0,65.0,30,2,Produce,Royal Gala Apples,Farmfresh,180.0,130.0,12.0,SUP003,Mumbai,Hypermarket,28500,3400.0,West,30.6,4.5,0,1,0,0
2026-08-28,S01,P05,31,1156.0,5.62,1,463.0,120,31.0,552.0,50,2,Produce,Organic Potatoes,Greenfields,40.0,25.0,12.0,SUP003,Mumbai,Hypermarket,28500,3400.0,West,30.6,4.5,0,1,0,0
2026-08-28,S01,P06,9,3009.0,2.5,1,2.0,50,9.0,43.0,20,4,Beverages,Tea Gold,Tata,340.0,270.0,365.0,SUP004,Mumbai,Hypermarket,28500,3400.0,West,30.6,4.5,0,1,0,0
2026-08-28,S01,P07,5,625.0,0.0,0,49.0,0,5.0,44.0,25,5,Personal Care,Antiseptic Soap,Dettol,125.0,95.0,730.0,SUP005,Mumbai,Hypermarket,28500,3400.0,West,30.6,4.5,0,1,0,0
2026-08-28,S01,P08,5,2340.0,8.33,1,13.0,0,5.0,8.0,20,4,Staples,Basmati Rice 5Kg,India Gate,520.0,415.0,365.0,SUP006,Mumbai,Hypermarket,28500,3400.0,West,30.6,4.5,0,1,0,0
2026-08-28,S01,P09,3,472.5,7.5,1,41.0,0,3.0,38.0,25,3,Staples,Sunflower Oil 1L,Fortune,175.0,140.0,270.0,SUP006,Mumbai,Hypermarket,28500,3400.0,West,30.6,4.5,0,1,0,0
2026-08-28,S01,P10,3,174.0,5.0,1,68.0,0,3.0,65.0,35,3,Snacks,Gold Biscuits,Parle,60.0,45.0,180.0,SUP_UNKNOWN,Mumbai,Hypermarket,28500,3400.0,West,30.6,4.5,0,1,0,0
2026-08-28,S02,P01,20,1254.0,4.23,1,38.0,100,20.0,118.0,40,1,Dairy,Fresh Milk,Amul,66.0,52.0,3.0,SUP001,Delhi,Supermarket,16200,2250.0,North,35.6,50.3,0,1,0,0
2026-08-28,S02,P02,5,1347.5,5.0,1,21.0,0,5.0,16.0,25,3,Dairy,Butter,Amul,275.0,235.0,180.0,SUP001,Delhi,Supermarket,16200,2250.0,North,35.6,50.3,0,1,0,0
2026-08-28,S02,P03,28,1215.0,3.57,1,84.0,0,28.0,56.0,45,1,Bakery,Whole Wheat Bread,Britannia,45.0,34.0,6.0,SUP002,Delhi,Supermarket,16200,2250.0,North,35.6,50.3,0,1,0,0
2026-08-28,S02,P04,10,1602.0,10.0,1,21.0,70,10.0,81.0,30,2,Produce,Royal Gala Apples,Farmfresh,180.0,130.0,12.0,SUP003,Delhi,Supermarket,16200,2250.0,North,35.6,50.3,0,1,0,0
2026-08-28,S02,P05,8,306.0,4.17,1,101.0,0,8.0,93.0,50,2,Produce,Organic Potatoes,Greenfields,40.0,25.0,12.0,SUP003,Delhi,Supermarket,16200,2250.0,North,35.6,50.3,0,1,0,0
2026-08-28,S02,P06,10,3298.0,2.0,1,50.0,0,10.0,40.0,20,4,Beverages,Tea Gold,Tata,340.0,270.0,365.0,SUP004,Delhi,Supermarket,16200,2250.0,North,35.6,50.3,0,1,0,0
2026-08-28,S02,P07,0,0.0,0.0,0,29.0,0,0.0,29.0,25,5,Personal Care,Antiseptic Soap,Dettol,125.0,95.0,730.0,SUP005,Delhi,Supermarket,16200,2250.0,North,35.6,50.3,0,1,0,0
2026-08-28,S02,P08,4,2002.0,5.0,1,48.0,0,4.0,44.0,20,4,Staples,Basmati Rice 5Kg,India Gate,520.0,415.0,365.0,SUP006,Delhi,Supermarket,16200,2250.0,North,35.6,50.3,0,1,0,0
2026-08-28,S02,P09,3,525.0,0.0,0,71.0,0,3.0,68.0,25,3,Staples,Sunflower Oil 1L,Fortune,175.0,140.0,270.0,SUP006,Delhi,Supermarket,16200,2250.0,North,35.6,50.3,0,1,0,0
2026-08-28,S02,P10,8,420.0,10.0,1,66.0,0,8.0,58.0,35,3,Snacks,Gold Biscuits,Parle,60.0,45.0,180.0,SUP_UNKNOWN,Delhi,Supermarket,16200,2250.0,North,35.6,50.3,0,1,0,0
2026-08-28,S03,P01,4,254.1,5.0,1,128.0,0,4.0,124.0,40,1,Dairy,Fresh Milk,Amul,66.0,52.0,3.0,SUP001,Bengaluru,Express,6400,2250.0,South,28.5,0.0,0,1,0,0
2026-08-28,S03,P02,2,550.0,0.0,0,77.0,0,2.0,75.0,25,3,Dairy,Butter,Amul,275.0,235.0,180.0,SUP001,Bengaluru,Express,6400,2250.0,South,28.5,0.0,0,1,0,0
2026-08-28,S03,P03,7,290.25,6.0,1,49.0,0,7.0,42.0,45,1,Bakery,Whole Wheat Bread,Britannia,45.0,34.0,6.0,SUP002,Bengaluru,Express,6400,2250.0,South,28.5,0.0,0,1,0,0
2026-08-28,S03,P04,5,900.0,0.0,0,90.0,0,5.0,85.0,30,2,Produce,Royal Gala Apples,Farmfresh,180.0,130.0,12.0,SUP003,Bengaluru,Express,6400,2250.0,South,28.5,0.0,0,1,0,0
2026-08-28,S03,P05,3,116.0,2.5,1,123.0,0,3.0,120.0,50,2,Produce,Organic Potatoes,Greenfields,40.0,25.0,12.0,SUP003,Bengaluru,Express,6400,2250.0,South,28.5,0.0,0,1,0,0
2026-08-28,S03,P06,0,0.0,0.0,0,15.0,50,0.0,65.0,20,4,Beverages,Tea Gold,Tata,340.0,270.0,365.0,SUP004,Bengaluru,Express,6400,2250.0,South,28.5,0.0,0,1,0,0
2026-08-28,S03,P07,6,731.25,7.5,1,35.0,0,6.0,29.0,25,5,Personal Care,Antiseptic Soap,Dettol,125.0,95.0,730.0,SUP005,Bengaluru,Express,6400,2250.0,South,28.5,0.0,0,1,0,0
2026-08-28,S03,P08,0,0.0,0.0,0,52.0,0,0.0,52.0,20,4,Staples,Basmati Rice 5Kg,India Gate,520.0,415.0,365.0,SUP006,Bengaluru,Express,6400,2250.0,South,28.5,0.0,0,1,0,0
2026-08-28,S03,P09,2,350.0,0.0,0,0.0,0,2.0,0.0,25,3,Staples,Sunflower Oil 1L,Fortune,175.0,140.0,270.0,SUP006,Bengaluru,Express,6400,2250.0,South,28.5,0.0,0,1,0,0
2026-08-28,S03,P10,3,162.0,7.5,1,108.0,0,3.0,105.0,35,3,Snacks,Gold Biscuits,Parle,60.0,45.0,180.0,SUP_UNKNOWN,Bengaluru,Express,6400,2250.0,South,28.5,0.0,0,1,0,0
2026-08-28,S04,P01,11,699.6,3.57,1,129.0,0,11.0,118.0,40,1,Dairy,Fresh Milk,Amul,66.0,52.0,3.0,SUP001,Kolkata,Supermarket,14800,1850.0,East,30.1,0.0,0,1,0,0
2026-08-28,S04,P02,4,1017.5,5.0,1,12.0,0,4.0,8.0,25,3,Dairy,Butter,Amul,275.0,235.0,180.0,SUP001,Kolkata,Supermarket,14800,1850.0,East,30.1,0.0,0,1,0,0
2026-08-28,S04,P03,12,495.0,7.5,1,31.0,90,12.0,109.0,45,1,Bakery,Whole Wheat Bread,Britannia,45.0,34.0,6.0,SUP002,Kolkata,Supermarket,14800,1850.0,East,30.1,0.0,0,1,0,0
2026-08-28,S04,P04,3,504.0,6.67,1,33.0,0,3.0,30.0,30,2,Produce,Royal Gala Apples,Farmfresh,180.0,130.0,12.0,SUP003,Kolkata,Supermarket,14800,1850.0,East,30.1,0.0,0,1,0,0
2026-08-28,S04,P05,8,304.0,6.0,1,70.0,0,8.0,62.0,50,2,Produce,Organic Potatoes,Greenfields,40.0,25.0,12.0,SUP003,Kolkata,Supermarket,14800,1850.0,East,30.1,0.0,0,1,0,0
2026-08-28,S04,P06,1,272.0,20.0,1,43.0,0,1.0,42.0,20,4,Beverages,Tea Gold,Tata,340.0,270.0,365.0,SUP004,Kolkata,Supermarket,14800,1850.0,East,30.1,0.0,0,1,0,0
2026-08-28,S04,P07,5,568.75,8.33,1,60.0,0,5.0,55.0,25,5,Personal Care,Antiseptic Soap,Dettol,125.0,95.0,730.0,SUP005,Kolkata,Supermarket,14800,1850.0,East,30.1,0.0,0,1,0,0
2026-08-28,S04,P08,0,0.0,0.0,0,33.0,0,0.0,33.0,20,4,Staples,Basmati Rice 5Kg,India Gate,520.0,415.0,365.0,SUP006,Kolkata,Supermarket,14800,1850.0,East,30.1,0.0,0,1,0,0
2026-08-28,S04,P09,4,656.25,6.25,1,55.0,0,4.0,51.0,25,3,Staples,Sunflower Oil 1L,Fortune,175.0,140.0,270.0,SUP006,Kolkata,Supermarket,14800,1850.0,East,30.1,0.0,0,1,0,0
2026-08-28,S04,P10,3,162.0,10.0,1,72.0,0,3.0,69.0,35,3,Snacks,Gold Biscuits,Parle,60.0,45.0,180.0,SUP_UNKNOWN,Kolkata,Supermarket,14800,1850.0,East,30.1,0.0,0,1,0,0
2026-08-29,S01,P01,20,1277.1,3.64,1,51.0,0,20.0,31.0,40,1,Dairy,Fresh Milk,Amul,66.0,52.0,3.0,SUP001,Mumbai,Hypermarket,28500,3400.0,West,25.8,0.0,0,0,1,1
2026-08-29,S01,P02,4,1072.5,3.33,1,35.0,0,4.0,31.0,25,3,Dairy,Butter,Amul,275.0,235.0,180.0,SUP001,Mumbai,Hypermarket,28500,3400.0,West,25.8,0.0,0,0,1,1
2026-08-29,S01,P03,15,668.25,1.67,1,86.0,0,15.0,71.0,45,1,Bakery,Whole Wheat Bread,Britannia,45.0,34.0,6.0,SUP002,Mumbai,Hypermarket,28500,3400.0,West,25.8,0.0,0,0,1,1
2026-08-29,S01,P04,5,765.0,13.33,1,65.0,0,5.0,60.0,30,2,Produce,Royal Gala Apples,Farmfresh,180.0,130.0,12.0,SUP003,Mumbai,Hypermarket,28500,3400.0,West,25.8,0.0,0,0,1,1
2026-08-29,S01,P05,18,708.0,3.0,1,552.0,0,18.0,534.0,50,2,Produce,Organic Potatoes,Greenfields,40.0,25.0,12.0,SUP003,Mumbai,Hypermarket,28500,3400.0,West,25.8,0.0,0,0,1,1
2026-08-29,S01,P06,7,2261.0,8.75,1,43.0,0,7.0,36.0,20,4,Beverages,Tea Gold,Tata,340.0,270.0,365.0,SUP004,Mumbai,Hypermarket,28500,3400.0,West,25.8,0.0,0,0,1,1
2026-08-29,S01,P07,1,93.75,25.0,1,44.0,0,1.0,43.0,25,5,Personal Care,Antiseptic Soap,Dettol,125.0,95.0,730.0,SUP005,Mumbai,Hypermarket,28500,3400.0,West,25.8,0.0,0,0,1,1
2026-08-29,S01,P08,2,962.0,7.5,1,8.0,45,4.0,49.0,20,4,Staples,Basmati Rice 5Kg,India Gate,520.0,415.0,365.0,SUP006,Mumbai,Hypermarket,28500,3400.0,West,25.8,0.0,0,0,1,1
2026-08-29,S01,P09,4,682.5,1.67,1,38.0,0,4.0,34.0,25,3,Staples,Sunflower Oil 1L,Fortune,175.0,140.0,270.0,SUP006,Mumbai,Hypermarket,28500,3400.0,West,25.8,0.0,0,0,1,1
2026-08-29,S01,P10,6,354.0,1.67,1,65.0,0,6.0,59.0,35,3,Snacks,Gold Biscuits,Parle,60.0,45.0,180.0,SUP_UNKNOWN,Mumbai,Hypermarket,28500,3400.0,West,25.8,0.0,0,0,1,1
2026-08-29,S02,P01,16,1042.8,1.5,1,118.0,0,16.0,102.0,40,1,Dairy,Fresh Milk,Amul,66.0,52.0,3.0,SUP001,Delhi,Supermarket,16200,2250.0,North,36.0,0.0,0,0,1,1
2026-08-29,S02,P02,10,2626.25,6.0,1,16.0,0,10.0,6.0,25,3,Dairy,Butter,Amul,275.0,235.0,180.0,SUP001,Delhi,Supermarket,16200,2250.0,North,36.0,0.0,0,0,1,1
2026-08-29,S02,P03,11,465.75,7.22,1,56.0,0,11.0,45.0,45,1,Bakery,Whole Wheat Bread,Britannia,45.0,34.0,6.0,SUP002,Delhi,Supermarket,16200,2250.0,North,36.0,0.0,0,0,1,1
2026-08-29,S02,P04,6,972.0,9.0,1,81.0,0,6.0,75.0,30,2,Produce,Royal Gala Apples,Farmfresh,180.0,130.0,12.0,SUP003,Delhi,Supermarket,16200,2250.0,North,36.0,0.0,0,0,1,1
2026-08-29,S02,P05,13,466.0,9.0,1,93.0,0,13.0,80.0,50,2,Produce,Organic Potatoes,Greenfields,40.0,25.0,12.0,SUP003,Delhi,Supermarket,16200,2250.0,North,36.0,0.0,0,0,1,1
2026-08-29,S02,P06,5,1666.0,2.5,1,40.0,0,5.0,35.0,20,4,Beverages,Tea Gold,Tata,340.0,270.0,365.0,SUP004,Delhi,Supermarket,16200,2250.0,North,36.0,0.0,0,0,1,1
2026-08-29,S02,P07,1,125.0,0.0,0,29.0,0,1.0,28.0,25,5,Personal Care,Antiseptic Soap,Dettol,125.0,95.0,730.0,SUP005,Delhi,Supermarket,16200,2250.0,North,36.0,0.0,0,0,1,1
2026-08-29,S02,P08,2,988.0,5.0,1,44.0,0,2.0,42.0,20,4,Staples,Basmati Rice 5Kg,India Gate,520.0,415.0,365.0,SUP006,Delhi,Supermarket,16200,2250.0,North,36.0,0.0,0,0,1,1
2026-08-29,S02,P09,7,1093.75,11.0,1,68.0,0,7.0,61.0,25,3,Staples,Sunflower Oil 1L,Fortune,175.0,140.0,270.0,SUP006,Delhi,Supermarket,16200,2250.0,North,36.0,0.0,0,0,1,1
2026-08-29,S02,P10,8,435.0,5.0,1,58.0,0,8.0,50.0,35,3,Snacks,Gold Biscuits,Parle,60.0,45.0,180.0,SUP_UNKNOWN,Delhi,Supermarket,16200,2250.0,North,36.0,0.0,0,0,1,1
2026-08-29,S03,P01,6,392.7,2.5,1,124.0,0,6.0,118.0,40,1,Dairy,Fresh Milk,Amul,66.0,52.0,3.0,SUP001,Bengaluru,Express,6400,2250.0,South,25.2,5.5,0,0,1,0
2026-08-29,S03,P02,4,1100.0,0.0,0,75.0,0,4.0,71.0,25,3,Dairy,Butter,Amul,275.0,235.0,180.0,SUP001,Bengaluru,Express,6400,2250.0,South,25.2,5.5,0,0,1,0
2026-08-29,S03,P03,5,218.25,1.67,1,42.0,90,5.0,127.0,45,1,Bakery,Whole Wheat Bread,Britannia,45.0,34.0,6.0,SUP002,Bengaluru,Express,6400,2250.0,South,25.2,5.5,0,0,1,0
2026-08-29,S03,P04,3,486.0,10.0,1,85.0,0,3.0,82.0,30,2,Produce,Royal Gala Apples,Farmfresh,180.0,130.0,12.0,SUP003,Bengaluru,Express,6400,2250.0,South,25.2,5.5,0,0,1,0
2026-08-29,S03,P05,4,158.0,1.25,1,120.0,0,4.0,116.0,50,2,Produce,Organic Potatoes,Greenfields,40.0,25.0,12.0,SUP003,Bengaluru,Express,6400,2250.0,South,25.2,5.5,0,0,1,0
2026-08-29,S03,P06,3,986.0,5.0,1,65.0,0,3.0,62.0,20,4,Beverages,Tea Gold,Tata,340.0,270.0,365.0,SUP004,Bengaluru,Express,6400,2250.0,South,25.2,5.5,0,0,1,0
2026-08-29,S03,P07,0,0.0,0.0,0,29.0,0,0.0,29.0,25,5,Personal Care,Antiseptic Soap,Dettol,125.0,95.0,730.0,SUP005,Bengaluru,Express,6400,2250.0,South,25.2,5.5,0,0,1,0
2026-08-29,S03,P08,3,1430.0,7.5,1,52.0,0,3.0,49.0,20,4,Staples,Basmati Rice 5Kg,India Gate,520.0,415.0,365.0,SUP006,Bengaluru,Express,6400,2250.0,South,25.2,5.5,0,0,1,0
2026-08-29,S03,P09,6,1050.0,0.0,0,0.0,55,6.0,49.0,25,3,Staples,Sunflower Oil 1L,Fortune,175.0,140.0,270.0,SUP006,Bengaluru,Express,6400,2250.0,South,25.2,5.5,0,0,1,0
2026-08-29,S03,P10,0,0.0,0.0,0,105.0,0,0.0,105.0,35,3,Snacks,Gold Biscuits,Parle,60.0,45.0,180.0,SUP_UNKNOWN,Bengaluru,Express,6400,2250.0,South,25.2,5.5,0,0,1,0
2026-08-29,S04,P01,9,557.7,6.43,1,118.0,0,13.0,105.0,40,1,Dairy,Fresh Milk,Amul,66.0,52.0,3.0,SUP001,Kolkata,Supermarket,14800,1850.0,East,30.9,0.0,0,0,1,0
2026-08-29,S04,P02,11,2763.75,7.5,1,8.0,60,11.0,57.0,25,3,Dairy,Butter,Amul,275.0,235.0,180.0,SUP001,Kolkata,Supermarket,14800,1850.0,East,30.9,0.0,0,0,1,0
2026-08-29,S04,P03,12,477.0,12.0,1,109.0,0,12.0,97.0,45,1,Bakery,Whole Wheat Bread,Britannia,45.0,34.0,6.0,SUP002,Kolkata,Supermarket,14800,1850.0,East,30.9,0.0,0,0,1,0
2026-08-29,S04,P04,4,702.0,1.67,1,30.0,0,4.0,26.0,30,2,Produce,Royal Gala Apples,Farmfresh,180.0,130.0,12.0,SUP003,Kolkata,Supermarket,14800,1850.0,East,30.9,0.0,0,0,1,0
2026-08-29,S04,P05,5,192.0,2.5,1,62.0,0,5.0,57.0,50,2,Produce,Organic Potatoes,Greenfields,40.0,25.0,12.0,SUP003,Kolkata,Supermarket,14800,1850.0,East,30.9,0.0,0,0,1,0
2026-08-29,S04,P06,7,2380.0,0.0,0,42.0,0,7.0,35.0,20,4,Beverages,Tea Gold,Tata,340.0,270.0,365.0,SUP004,Kolkata,Supermarket,14800,1850.0,East,30.9,0.0,0,0,1,0
2026-08-29,S04,P07,3,375.0,0.0,0,55.0,0,3.0,52.0,25,5,Personal Care,Antiseptic Soap,Dettol,125.0,95.0,730.0,SUP005,Kolkata,Supermarket,14800,1850.0,East,30.9,0.0,0,0,1,0
2026-08-29,S04,P08,0,0.0,0.0,0,33.0,0,0.0,33.0,20,4,Staples,Basmati Rice 5Kg,India Gate,520.0,415.0,365.0,SUP006,Kolkata,Supermarket,14800,1850.0,East,30.9,0.0,0,0,1,0
2026-08-29,S04,P09,4,647.5,6.67,1,51.0,0,4.0,47.0,25,3,Staples,Sunflower Oil 1L,Fortune,175.0,140.0,270.0,SUP006,Kolkata,Supermarket,14800,1850.0,East,30.9,0.0,0,0,1,0
2026-08-29,S04,P10,4,210.0,12.5,1,69.0,0,4.0,65.0,35,3,Snacks,Gold Biscuits,Parle,60.0,45.0,180.0,SUP_UNKNOWN,Kolkata,Supermarket,14800,1850.0,East,30.9,0.0,0,0,1,0
2026-08-30,S01,P01,28,1752.3,5.42,1,31.0,100,28.0,103.0,40,1,Dairy,Fresh Milk,Amul,66.0,52.0,3.0,SUP001,Mumbai,Hypermarket,28500,3400.0,West,29.3,58.8,0,0,1,0
2026-08-30,S01,P02,14,3753.75,2.86,1,31.0,0,14.0,17.0,25,3,Dairy,Butter,Amul,275.0,235.0,180.0,SUP001,Mumbai,Hypermarket,28500,3400.0,West,29.3,58.8,0,0,1,0
2026-08-30,S01,P03,18,767.25,4.55,1,71.0,0,18.0,53.0,45,1,Bakery,Whole Wheat Bread,Britannia,45.0,34.0,6.0,SUP002,Mumbai,Hypermarket,28500,3400.0,West,29.3,58.8,0,0,1,0
2026-08-30,S01,P04,2,360.0,0.0,0,60.0,0,2.0,58.0,30,2,Produce,Royal Gala Apples,Farmfresh,180.0,130.0,12.0,SUP003,Mumbai,Hypermarket,28500,3400.0,West,29.3,58.8,0,0,1,0
2026-08-30,S01,P05,16,606.0,5.5,1,534.0,120,16.0,638.0,50,2,Produce,Organic Potatoes,Greenfields,40.0,25.0,12.0,SUP003,Mumbai,Hypermarket,28500,3400.0,West,29.3,58.8,0,0,1,0
2026-08-30,S01,P06,1,340.0,0.0,0,36.0,0,1.0,35.0,20,4,Beverages,Tea Gold,Tata,340.0,270.0,365.0,SUP004,Mumbai,Hypermarket,28500,3400.0,West,29.3,58.8,0,0,1,0
2026-08-30,S01,P07,12,1350.0,10.83,1,43.0,0,14.0,29.0,25,5,Personal Care,Antiseptic Soap,Dettol,125.0,95.0,730.0,SUP005,Mumbai,Hypermarket,28500,3400.0,West,29.3,58.8,0,0,1,0
2026-08-30,S01,P08,6,3120.0,0.0,0,49.0,0,6.0,43.0,20,4,Staples,Basmati Rice 5Kg,India Gate,520.0,415.0,365.0,SUP006,Mumbai,Hypermarket,28500,3400.0,West,29.3,58.8,0,0,1,0
2026-08-30,S01,P09,14,2266.25,4.29,1,34.0,0,14.0,20.0,25,3,Staples,Sunflower Oil 1L,Fortune,175.0,140.0,270.0,SUP006,Mumbai,Hypermarket,28500,3400.0,West,29.3,58.8,0,0,1,0
2026-08-30,S01,P10,6,342.0,7.5,1,59.0,0,6.0,53.0,35,3,Snacks,Gold Biscuits,Parle,60.0,45.0,180.0,SUP_UNKNOWN,Mumbai,Hypermarket,28500,3400.0,West,29.3,58.8,0,0,1,0
2026-08-30,S02,P01,24,1501.5,6.54,1,102.0,0,26.0,76.0,40,1,Dairy,Fresh Milk,Amul,66.0,52.0,3.0,SUP001,Delhi,Supermarket,16200,2250.0,North,33.9,0.0,0,0,1,1
2026-08-30,S02,P02,4,1100.0,0.0,0,6.0,60,4.0,62.0,25,3,Dairy,Butter,Amul,275.0,235.0,180.0,SUP001,Delhi,Supermarket,16200,2250.0,North,33.9,0.0,0,0,1,1
2026-08-30,S02,P03,20,834.75,6.67,1,45.0,90,20.0,115.0,45,1,Bakery,Whole Wheat Bread,Britannia,45.0,34.0,6.0,SUP002,Delhi,Supermarket,16200,2250.0,North,33.9,0.0,0,0,1,1
2026-08-30,S02,P04,12,2025.0,5.71,1,75.0,0,13.0,62.0,30,2,Produce,Royal Gala Apples,Farmfresh,180.0,130.0,12.0,SUP003,Delhi,Supermarket,16200,2250.0,North,33.9,0.0,0,0,1,1
2026-08-30,S02,P05,16,564.0,10.0,1,80.0,0,16.0,64.0,50,2,Produce,Organic Potatoes,Greenfields,40.0,25.0,12.0,SUP003,Delhi,Supermarket,16200,2250.0,North,33.9,0.0,0,0,1,1
2026-08-30,S02,P06,5,1649.0,3.33,1,35.0,0,5.0,30.0,20,4,Beverages,Tea Gold,Tata,340.0,270.0,365.0,SUP004,Delhi,Supermarket,16200,2250.0,North,33.9,0.0,0,0,1,1
2026-08-30,S02,P07,7,862.5,2.5,1,28.0,0,7.0,21.0,25,5,Personal Care,Antiseptic Soap,Dettol,125.0,95.0,730.0,SUP005,Delhi,Supermarket,16200,2250.0,North,33.9,0.0,0,0,1,1
2026-08-30,S02,P08,2,1014.0,2.5,1,42.0,0,2.0,40.0,20,4,Staples,Basmati Rice 5Kg,India Gate,520.0,415.0,365.0,SUP006,Delhi,Supermarket,16200,2250.0,North,33.9,0.0,0,0,1,1
2026-08-30,S02,P09,2,350.0,0.0,0,61.0,0,2.0,59.0,25,3,Staples,Sunflower Oil 1L,Fortune,175.0,140.0,270.0,SUP006,Delhi,Supermarket,16200,2250.0,North,33.9,0.0,0,0,1,1
2026-08-30,S02,P10,5,276.0,7.5,1,50.0,0,5.0,45.0,35,3,Snacks,Gold Biscuits,Parle,60.0,45.0,180.0,SUP_UNKNOWN,Delhi,Supermarket,16200,2250.0,North,33.9,0.0,0,0,1,1
2026-08-30,S03,P01,9,554.4,7.0,1,118.0,0,9.0,109.0,40,1,Dairy,Fresh Milk,Amul,66.0,52.0,3.0,SUP001,Bengaluru,Express,6400,2250.0,South,26.5,0.0,0,0,1,1
2026-08-30,S03,P02,2,550.0,0.0,0,71.0,0,2.0,69.0,25,3,Dairy,Butter,Amul,275.0,235.0,180.0,SUP001,Bengaluru,Express,6400,2250.0,South,26.5,0.0,0,0,1,1
2026-08-30,S03,P03,15,630.0,7.5,1,127.0,0,15.0,112.0,45,1,Bakery,Whole Wheat Bread,Britannia,45.0,34.0,6.0,SUP002,Bengaluru,Express,6400,2250.0,South,26.5,0.0,0,0,1,1
2026-08-30,S03,P04,0,0.0,0.0,0,82.0,0,0.0,82.0,30,2,Produce,Royal Gala Apples,Farmfresh,180.0,130.0,12.0,SUP003,Bengaluru,Express,6400,2250.0,South,26.5,0.0,0,0,1,1
2026-08-30,S03,P05,4,160.0,0.0,0,116.0,0,4.0,112.0,50,2,Produce,Organic Potatoes,Greenfields,40.0,25.0,12.0,SUP003,Bengaluru,Express,6400,2250.0,South,26.5,0.0,0,0,1,1
2026-08-30,S03,P06,1,306.0,10.0,1,62.0,0,1.0,61.0,20,4,Beverages,Tea Gold,Tata,340.0,270.0,365.0,SUP004,Bengaluru,Express,6400,2250.0,South,26.5,0.0,0,0,1,1
2026-08-30,S03,P07,5,625.0,0.0,0,29.0,0,5.0,24.0,25,5,Personal Care,Antiseptic Soap,Dettol,125.0,95.0,730.0,SUP005,Bengaluru,Express,6400,2250.0,South,26.5,0.0,0,0,1,1
2026-08-30,S03,P08,1,520.0,0.0,0,49.0,0,1.0,48.0,20,4,Staples,Basmati Rice 5Kg,India Gate,520.0,415.0,365.0,SUP006,Bengaluru,Express,6400,2250.0,South,26.5,0.0,0,0,1,1
2026-08-30,S03,P09,8,1400.0,0.0,0,49.0,0,8.0,41.0,25,3,Staples,Sunflower Oil 1L,Fortune,175.0,140.0,270.0,SUP006,Bengaluru,Express,6400,2250.0,South,26.5,0.0,0,0,1,1
2026-08-30,S03,P10,0,0.0,0.0,0,105.0,0,0.0,105.0,35,3,Snacks,Gold Biscuits,Parle,60.0,45.0,180.0,SUP_UNKNOWN,Bengaluru,Express,6400,2250.0,South,26.5,0.0,0,0,1,1
2026-08-30,S04,P01,5,293.7,10.0,1,105.0,0,5.0,100.0,40,1,Dairy,Fresh Milk,Amul,66.0,52.0,3.0,SUP001,Kolkata,Supermarket,14800,1850.0,East,32.8,99.5,0,0,1,0
2026-08-30,S04,P02,6,1595.0,1.67,1,57.0,0,6.0,51.0,25,3,Dairy,Butter,Amul,275.0,235.0,180.0,SUP001,Kolkata,Supermarket,14800,1850.0,East,32.8,99.5,0,0,1,0
2026-08-30,S04,P03,18,769.5,5.56,1,97.0,0,18.0,79.0,45,1,Bakery,Whole Wheat Bread,Britannia,45.0,34.0,6.0,SUP002,Kolkata,Supermarket,14800,1850.0,East,32.8,99.5,0,0,1,0
2026-08-30,S04,P04,8,1377.0,3.75,1,26.0,70,8.0,88.0,30,2,Produce,Royal Gala Apples,Farmfresh,180.0,130.0,12.0,SUP003,Kolkata,Supermarket,14800,1850.0,East,32.8,99.5,0,0,1,0
2026-08-30,S04,P05,3,112.0,6.67,1,57.0,0,3.0,54.0,50,2,Produce,Organic Potatoes,Greenfields,40.0,25.0,12.0,SUP003,Kolkata,Supermarket,14800,1850.0,East,32.8,99.5,0,0,1,0
2026-08-30,S04,P06,0,0.0,0.0,0,35.0,0,0.0,35.0,20,4,Beverages,Tea Gold,Tata,340.0,270.0,365.0,SUP004,Kolkata,Supermarket,14800,1850.0,East,32.8,99.5,0,0,1,0
2026-08-30,S04,P07,5,537.5,12.5,1,52.0,0,5.0,47.0,25,5,Personal Care,Antiseptic Soap,Dettol,125.0,95.0,730.0,SUP005,Kolkata,Supermarket,14800,1850.0,East,32.8,99.5,0,0,1,0
2026-08-30,S04,P08,3,1404.0,7.5,1,33.0,0,3.0,30.0,20,4,Staples,Basmati Rice 5Kg,India Gate,520.0,415.0,365.0,SUP006,Kolkata,Supermarket,14800,1850.0,East,32.8,99.5,0,0,1,0
2026-08-30,S04,P09,5,848.75,3.0,1,47.0,0,5.0,42.0,25,3,Staples,Sunflower Oil 1L,Fortune,175.0,140.0,270.0,SUP006,Kolkata,Supermarket,14800,1850.0,East,32.8,99.5,0,0,1,0
2026-08-30,S04,P10,8,480.0,0.0,0,65.0,0,8.0,57.0,35,3,Snacks,Gold Biscuits,Parle,60.0,45.0,180.0,SUP_UNKNOWN,Kolkata,Supermarket,14800,1850.0,East,32.8,99.5,0,0,1,0
2026-08-31,S01,P01,21,1343.1,3.61,1,103.0,0,21.0,82.0,40,1,Dairy,Fresh Milk,Amul,66.0,52.0,3.0,SUP001,Mumbai,Hypermarket,28500,3400.0,West,32.1,29.7,0,0,0,0
2026-08-31,S01,P02,6,1636.25,1.25,1,17.0,0,6.0,11.0,25,3,Dairy,Butter,Amul,275.0,235.0,180.0,SUP001,Mumbai,Hypermarket,28500,3400.0,West,32.1,29.7,0,0,0,0
2026-08-31,S01,P03,14,618.75,2.5,1,53.0,0,14.0,39.0,45,1,Bakery,Whole Wheat Bread,Britannia,45.0,34.0,6.0,SUP002,Mumbai,Hypermarket,28500,3400.0,West,32.1,29.7,0,0,0,0
2026-08-31,S01,P04,15,2592.0,4.38,1,58.0,0,15.0,43.0,30,2,Produce,Royal Gala Apples,Farmfresh,180.0,130.0,12.0,SUP003,Mumbai,Hypermarket,28500,3400.0,West,32.1,29.7,0,0,0,0
2026-08-31,S01,P05,9,350.0,4.17,1,28.0,0,9.0,19.0,50,2,Produce,Organic Potatoes,Greenfields,40.0,25.0,12.0,SUP003,Mumbai,Hypermarket,28500,3400.0,West,32.1,29.7,0,0,0,0
2026-08-31,S01,P06,3,918.0,10.0,1,35.0,0,3.0,32.0,20,4,Beverages,Tea Gold,Tata,340.0,270.0,365.0,SUP004,Mumbai,Hypermarket,28500,3400.0,West,32.1,29.7,0,0,0,0
2026-08-31,S01,P07,4,500.0,0.0,0,29.0,0,4.0,25.0,25,5,Personal Care,Antiseptic Soap,Dettol,125.0,95.0,730.0,SUP005,Mumbai,Hypermarket,28500,3400.0,West,32.1,29.7,0,0,0,0
2026-08-31,S01,P08,506,262964.0,3.33,1,43.0,0,506.0,0.0,20,4,Staples,Basmati Rice 5Kg,India Gate,520.0,415.0,365.0,SUP006,Mumbai,Hypermarket,28500,3400.0,West,32.1,29.7,0,0,0,0
2026-08-31,S01,P09,1,175.0,0.0,0,20.0,0,1.0,19.0,25,3,Staples,Sunflower Oil 1L,Fortune,175.0,140.0,270.0,SUP006,Mumbai,Hypermarket,28500,3400.0,West,32.1,29.7,0,0,0,0
2026-08-31,S01,P10,3,153.0,15.0,1,53.0,0,3.0,50.0,35,3,Snacks,Gold Biscuits,Parle,60.0,45.0,180.0,SUP_UNKNOWN,Mumbai,Hypermarket,28500,3400.0,West,32.1,29.7,0,0,0,0
2026-08-31,S02,P01,9,577.5,3.57,1,76.0,0,11.0,65.0,40,1,Dairy,Fresh Milk,Amul,66.0,52.0,3.0,SUP001,Delhi,Supermarket,16200,2250.0,North,34.9,0.0,0,0,0,1
2026-08-31,S02,P02,3,797.5,3.33,1,62.0,0,3.0,59.0,25,3,Dairy,Butter,Amul,275.0,235.0,180.0,SUP001,Delhi,Supermarket,16200,2250.0,North,34.9,0.0,0,0,0,1
2026-08-31,S02,P03,5,225.0,0.0,0,115.0,0,5.0,110.0,45,1,Bakery,Whole Wheat Bread,Britannia,45.0,34.0,6.0,SUP002,Delhi,Supermarket,16200,2250.0,North,34.9,0.0,0,0,0,1
2026-08-31,S02,P04,0,0.0,0.0,0,62.0,0,0.0,62.0,30,2,Produce,Royal Gala Apples,Farmfresh,180.0,130.0,12.0,SUP003,Delhi,Supermarket,16200,2250.0,North,34.9,0.0,0,0,0,1
2026-08-31,S02,P05,8,278.0,13.75,1,64.0,0,8.0,56.0,50,2,Produce,Organic Potatoes,Greenfields,40.0,25.0,12.0,SUP003,Delhi,Supermarket,16200,2250.0,North,34.9,0.0,0,0,0,1
2026-08-31,S02,P06,5,1700.0,0.0,0,30.0,0,5.0,25.0,20,4,Beverages,Tea Gold,Tata,340.0,270.0,365.0,SUP004,Delhi,Supermarket,16200,2250.0,North,34.9,0.0,0,0,0,1
2026-08-31,S02,P07,0,0.0,0.0,0,21.0,0,0.0,21.0,25,5,Personal Care,Antiseptic Soap,Dettol,125.0,95.0,730.0,SUP005,Delhi,Supermarket,16200,2250.0,North,34.9,0.0,0,0,0,1
2026-08-31,S02,P08,0,0.0,0.0,0,40.0,0,0.0,40.0,20,4,Staples,Basmati Rice 5Kg,India Gate,520.0,415.0,365.0,SUP006,Delhi,Supermarket,16200,2250.0,North,34.9,0.0,0,0,0,1
2026-08-31,S02,P09,1,166.25,5.0,1,59.0,0,1.0,58.0,25,3,Staples,Sunflower Oil 1L,Fortune,175.0,140.0,270.0,SUP006,Delhi,Supermarket,16200,2250.0,North,34.9,0.0,0,0,0,1
2026-08-31,S02,P10,5,285.0,8.33,1,45.0,0,5.0,40.0,35,3,Snacks,Gold Biscuits,Parle,60.0,45.0,180.0,SUP_UNKNOWN,Delhi,Supermarket,16200,2250.0,North,34.9,0.0,0,0,0,1
2026-08-31,S03,P01,11,699.6,5.0,1,109.0,0,11.0,98.0,40,1,Dairy,Fresh Milk,Amul,66.0,52.0,3.0,SUP001,Bengaluru,Express,6400,2250.0,South,26.2,0.0,0,0,0,0
2026-08-31,S03,P02,0,0.0,0.0,0,69.0,0,0.0,69.0,25,3,Dairy,Butter,Amul,275.0,235.0,180.0,SUP001,Bengaluru,Express,6400,2250.0,South,26.2,0.0,0,0,0,0
2026-08-31,S03,P03,1,45.0,0.0,0,112.0,0,1.0,111.0,45,1,Bakery,Whole Wheat Bread,Britannia,45.0,34.0,6.0,SUP002,Bengaluru,Express,6400,2250.0,South,26.2,0.0,0,0,0,0
2026-08-31,S03,P04,1,180.0,0.0,0,82.0,0,1.0,81.0,30,2,Produce,Royal Gala Apples,Farmfresh,180.0,130.0,12.0,SUP003,Bengaluru,Express,6400,2250.0,South,26.2,0.0,0,0,0,0
2026-08-31,S03,P05,9,322.0,7.0,1,112.0,0,9.0,103.0,50,2,Produce,Organic Potatoes,Greenfields,40.0,25.0,12.0,SUP003,Bengaluru,Express,6400,2250.0,South,26.2,0.0,0,0,0,0
2026-08-31,S03,P06,0,0.0,0.0,0,61.0,0,0.0,61.0,20,4,Beverages,Tea Gold,Tata,340.0,270.0,365.0,SUP004,Bengaluru,Express,6400,2250.0,South,26.2,0.0,0,0,0,0
2026-08-31,S03,P07,0,0.0,0.0,0,24.0,0,0.0,24.0,25,5,Personal Care,Antiseptic Soap,Dettol,125.0,95.0,730.0,SUP005,Bengaluru,Express,6400,2250.0,South,26.2,0.0,0,0,0,0
2026-08-31,S03,P08,0,0.0,0.0,0,48.0,0,0.0,48.0,20,4,Staples,Basmati Rice 5Kg,India Gate,520.0,415.0,365.0,SUP006,Bengaluru,Express,6400,2250.0,South,26.2,0.0,0,0,0,0
2026-08-31,S03,P09,0,0.0,0.0,0,41.0,0,0.0,41.0,25,3,Staples,Sunflower Oil 1L,Fortune,175.0,140.0,270.0,SUP006,Bengaluru,Express,6400,2250.0,South,26.2,0.0,0,0,0,0
2026-08-31,S03,P10,1,57.0,5.0,1,105.0,0,1.0,104.0,35,3,Snacks,Gold Biscuits,Parle,60.0,45.0,180.0,SUP_UNKNOWN,Bengaluru,Express,6400,2250.0,South,26.2,0.0,0,0,0,0
2026-08-31,S04,P01,10,656.7,0.83,1,100.0,0,10.0,90.0,40,1,Dairy,Fresh Milk,Amul,66.0,52.0,3.0,SUP001,Kolkata,Supermarket,14800,1850.0,East,32.8,19.4,0,0,0,0
2026-08-31,S04,P02,3,783.75,5.0,1,51.0,0,3.0,48.0,25,3,Dairy,Butter,Amul,275.0,235.0,180.0,SUP001,Kolkata,Supermarket,14800,1850.0,East,32.8,19.4,0,0,0,0
2026-08-31,S04,P03,8,342.0,4.0,1,79.0,0,8.0,71.0,45,1,Bakery,Whole Wheat Bread,Britannia,45.0,34.0,6.0,SUP002,Kolkata,Supermarket,14800,1850.0,East,32.8,19.4,0,0,0,0
2026-08-31,S04,P04,5,873.0,5.0,1,88.0,0,5.0,83.0,30,2,Produce,Royal Gala Apples,Farmfresh,180.0,130.0,12.0,SUP003,Kolkata,Supermarket,14800,1850.0,East,32.8,19.4,0,0,0,0
2026-08-31,S04,P05,5,196.0,3.33,1,54.0,0,5.0,49.0,50,2,Produce,Organic Potatoes,Greenfields,40.0,25.0,12.0,SUP003,Kolkata,Supermarket,14800,1850.0,East,32.8,19.4,0,0,0,0
2026-08-31,S04,P06,6,2006.0,3.33,1,35.0,0,6.0,29.0,20,4,Beverages,Tea Gold,Tata,340.0,270.0,365.0,SUP004,Kolkata,Supermarket,14800,1850.0,East,32.8,19.4,0,0,0,0
2026-08-31,S04,P07,0,0.0,0.0,0,47.0,0,0.0,47.0,25,5,Personal Care,Antiseptic Soap,Dettol,125.0,95.0,730.0,SUP005,Kolkata,Supermarket,14800,1850.0,East,32.8,19.4,0,0,0,0
2026-08-31,S04,P08,3,1560.0,0.0,0,30.0,0,3.0,27.0,20,4,Staples,Basmati Rice 5Kg,India Gate,520.0,415.0,365.0,SUP006,Kolkata,Supermarket,14800,1850.0,East,32.8,19.4,0,0,0,0
2026-08-31,S04,P09,0,0.0,0.0,0,42.0,0,0.0,42.0,25,3,Staples,Sunflower Oil 1L,Fortune,175.0,140.0,270.0,SUP006,Kolkata,Supermarket,14800,1850.0,East,32.8,19.4,0,0,0,0
2026-08-31,S04,P10,0,0.0,0.0,0,57.0,0,0.0,57.0,35,3,Snacks,Gold Biscuits,Parle,60.0,45.0,180.0,SUP_UNKNOWN,Kolkata,Supermarket,14800,1850.0,East,32.8,19.4,0,0,0,0
