date,store_id,product_id,total_units_sold,total_revenue,avg_discount,promo_active,opening,received,sold,closing,reorder_lvl,lead_days,category,sub_category,brand,mrp,cost_price,shelf_life_days,supplier_id,city,store_type,floor_area_sqft,avg_daily_customers,region,temp_c,rain_mm,holiday,festival,weekend,local_event,day_of_week,is_weekend,month,lag_1_demand,lag_7_demand,rolling_mean_7_demand,days_of_inventory,reorder_gap,next_7_day_demand,stockout_flag
2026-08-08,S01,P01,23,1475.1,4.09,1,43.0,0,23.0,20.0,40,1,Dairy,Fresh Milk,Amul,66.0,52.0,3.0,SUP001,Mumbai,Hypermarket,28500,3400.0,West,32.0,0.0,0,0,1,0,5,1,8,11.0,25.0,20.571428571428573,0.97,-20.0,141.0,0
2026-08-09,S01,P01,23,1386.0,7.69,1,20.0,100,23.0,97.0,40,1,Dairy,Fresh Milk,Amul,66.0,52.0,3.0,SUP001,Mumbai,Hypermarket,28500,3400.0,West,29.2,36.0,0,0,1,0,6,1,8,23.0,31.0,20.285714285714285,4.78,57.0,155.0,0
2026-08-10,S01,P01,16,993.3,5.91,1,97.0,0,16.0,81.0,40,1,Dairy,Fresh Milk,Amul,66.0,52.0,3.0,SUP001,Mumbai,Hypermarket,28500,3400.0,West,30.4,6.4,0,0,0,0,0,0,8,23.0,16.0,19.142857142857142,4.23,41.0,156.0,0
2026-08-11,S01,P01,18,1122.0,5.36,1,81.0,0,18.0,63.0,40,1,Dairy,Fresh Milk,Amul,66.0,52.0,3.0,SUP001,Mumbai,Hypermarket,28500,3400.0,West,27.7,27.0,0,0,0,0,1,0,8,16.0,21.0,19.142857142857142,3.29,23.0,150.0,0
2026-08-12,S01,P01,29,1762.2,6.15,1,63.0,0,29.0,34.0,40,1,Dairy,Fresh Milk,Amul,66.0,52.0,3.0,SUP001,Mumbai,Hypermarket,28500,3400.0,West,28.1,0.0,0,0,0,0,2,0,8,18.0,20.0,18.714285714285715,1.82,-6.0,140.0,0
2026-08-13,S01,P01,7,432.3,7.5,1,34.0,100,7.0,127.0,40,1,Dairy,Fresh Milk,Amul,66.0,52.0,3.0,SUP001,Mumbai,Hypermarket,28500,3400.0,West,27.3,65.7,0,0,0,0,3,0,8,29.0,20.0,20.0,6.35,87.0,139.0,0
2026-08-14,S01,P01,10,660.0,0.0,0,127.0,0,11.0,116.0,40,1,Dairy,Fresh Milk,Amul,66.0,52.0,3.0,SUP001,Mumbai,Hypermarket,28500,3400.0,West,31.4,36.9,0,0,0,0,4,0,8,7.0,11.0,18.142857142857142,6.39,76.0,144.0,0
2026-08-15,S01,P01,38,2316.6,5.68,1,116.0,0,38.0,78.0,40,1,Dairy,Fresh Milk,Amul,66.0,52.0,3.0,SUP001,Mumbai,Hypermarket,28500,3400.0,West,29.4,0.0,1,1,1,0,5,1,8,10.0,23.0,18.0,4.33,38.0,255.0,0
2026-08-16,S01,P01,37,2379.3,7.29,1,78.0,0,37.0,41.0,40,1,Dairy,Fresh Milk,Amul,66.0,52.0,3.0,SUP001,Mumbai,Hypermarket,28500,3400.0,West,29.1,75.8,0,0,1,0,6,1,8,38.0,23.0,20.142857142857142,2.04,1.0,260.0,0
2026-08-17,S01,P01,17,1049.4,8.12,1,41.0,0,17.0,24.0,40,1,Dairy,Fresh Milk,Amul,66.0,52.0,3.0,SUP001,Mumbai,Hypermarket,28500,3400.0,West,30.6,28.7,0,0,0,0,0,0,8,37.0,16.0,22.142857142857142,1.08,-16.0,256.0,0
2026-08-18,S01,P01,12,742.5,3.57,1,24.0,100,13.0,111.0,40,1,Dairy,Fresh Milk,Amul,66.0,52.0,3.0,SUP001,Mumbai,Hypermarket,28500,3400.0,West,30.4,0.0,0,0,0,0,1,0,8,17.0,18.0,22.285714285714285,4.98,71.0,268.0,0
2026-08-19,S01,P01,19,1247.4,1.0,1,111.0,0,19.0,92.0,40,1,Dairy,Fresh Milk,Amul,66.0,52.0,3.0,SUP001,Mumbai,Hypermarket,28500,3400.0,West,30.7,3.1,0,0,0,0,2,0,8,12.0,29.0,21.428571428571427,4.29,52.0,269.0,0
2026-08-20,S01,P01,6,343.2,16.67,1,92.0,0,6.0,86.0,40,1,Dairy,Fresh Milk,Amul,66.0,52.0,3.0,SUP001,Mumbai,Hypermarket,28500,3400.0,West,32.0,0.0,0,0,0,0,3,0,8,19.0,7.0,20.0,4.3,46.0,282.0,0
2026-08-21,S01,P01,15,897.6,9.5,1,86.0,0,15.0,71.0,40,1,Dairy,Fresh Milk,Amul,66.0,52.0,3.0,SUP001,Mumbai,Hypermarket,28500,3400.0,West,28.9,24.3,0,0,0,0,4,0,8,6.0,10.0,19.857142857142858,3.58,31.0,315.0,0
2026-08-22,S01,P01,149,9764.7,3.41,1,71.0,0,149.0,0.0,40,1,Dairy,Fresh Milk,Amul,66.0,52.0,3.0,SUP001,Mumbai,Hypermarket,28500,3400.0,West,29.1,20.9,0,0,1,0,5,1,8,15.0,38.0,20.571428571428573,0.0,-40.0,186.0,1
2026-08-23,S01,P01,42,2659.8,4.25,1,0.0,100,42.0,58.0,40,1,Dairy,Fresh Milk,Amul,66.0,52.0,3.0,SUP001,Mumbai,Hypermarket,28500,3400.0,West,29.1,80.9,0,0,1,0,6,1,8,149.0,37.0,36.42857142857143,1.59,18.0,172.0,0
2026-08-24,S01,P01,13,693.0,5.0,1,58.0,100,14.0,144.0,40,1,Dairy,Fresh Milk,Amul,66.0,52.0,3.0,SUP001,Mumbai,Hypermarket,28500,3400.0,West,30.0,12.8,0,0,0,0,0,0,8,42.0,17.0,37.142857142857146,3.88,104.0,180.0,0
2026-08-08,S01,P02,91,21697.5,6.11,1,25.0,0,91.0,0.0,25,3,Dairy,Butter,Amul,275.0,235.0,180.0,SUP001,Mumbai,Hypermarket,28500,3400.0,West,32.0,0.0,0,0,1,0,5,1,8,11.0,7.0,6.428571428571429,0.0,-25.0,43.0,1
2026-08-09,S01,P02,10,2681.25,2.5,1,0.0,0,10.0,0.0,25,3,Dairy,Butter,Amul,275.0,235.0,180.0,SUP001,Mumbai,Hypermarket,28500,3400.0,West,29.2,36.0,0,0,1,0,6,1,8,91.0,10.0,18.428571428571427,0.0,-25.0,41.0,1
2026-08-10,S01,P02,2,522.5,5.0,1,0.0,60,2.0,58.0,25,3,Dairy,Butter,Amul,275.0,235.0,180.0,SUP001,Mumbai,Hypermarket,28500,3400.0,West,30.4,6.4,0,0,0,0,0,0,8,10.0,4.0,18.428571428571427,3.15,33.0,41.0,0
2026-08-11,S01,P02,5,1278.75,5.0,1,58.0,0,5.0,53.0,25,3,Dairy,Butter,Amul,275.0,235.0,180.0,SUP001,Mumbai,Hypermarket,28500,3400.0,West,27.7,27.0,0,0,0,0,1,0,8,2.0,7.0,18.142857142857142,2.92,28.0,41.0,0
2026-08-12,S01,P02,2,550.0,0.0,0,53.0,0,2.0,51.0,25,3,Dairy,Butter,Amul,275.0,235.0,180.0,SUP001,Mumbai,Hypermarket,28500,3400.0,West,28.1,0.0,0,0,0,0,2,0,8,5.0,2.0,17.857142857142858,2.86,26.0,40.0,0
2026-08-13,S01,P02,6,1498.75,7.5,1,51.0,60,6.0,105.0,25,3,Dairy,Butter,Amul,275.0,235.0,180.0,SUP001,Mumbai,Hypermarket,28500,3400.0,West,27.3,65.7,0,0,0,0,3,0,8,2.0,4.0,17.857142857142858,5.88,80.0,43.0,0
2026-08-14,S01,P02,8,1980.0,8.0,1,29.0,0,8.0,21.0,25,3,Dairy,Butter,Amul,275.0,235.0,180.0,SUP001,Mumbai,Hypermarket,28500,3400.0,West,31.4,36.9,0,0,0,0,4,0,8,6.0,11.0,18.142857142857142,1.16,-4.0,46.0,0
2026-08-15,S01,P02,10,2653.75,3.89,1,21.0,0,10.0,11.0,25,3,Dairy,Butter,Amul,275.0,235.0,180.0,SUP001,Mumbai,Hypermarket,28500,3400.0,West,29.4,0.0,1,1,1,0,5,1,8,8.0,91.0,17.714285714285715,0.62,-14.0,48.0,0
2026-08-16,S01,P02,8,2172.5,0.83,1,11.0,0,8.0,3.0,25,3,Dairy,Butter,Amul,275.0,235.0,180.0,SUP001,Mumbai,Hypermarket,28500,3400.0,West,29.1,75.8,0,0,1,0,6,1,8,10.0,10.0,6.142857142857143,0.49,-22.0,48.0,0
2026-08-17,S01,P02,2,550.0,0.0,0,3.0,60,2.0,61.0,25,3,Dairy,Butter,Amul,275.0,235.0,180.0,SUP001,Mumbai,Hypermarket,28500,3400.0,West,30.6,28.7,0,0,0,0,0,0,8,8.0,2.0,5.857142857142857,10.41,36.0,57.0,0
2026-08-18,S01,P02,5,1375.0,0.0,0,61.0,0,5.0,56.0,25,3,Dairy,Butter,Amul,275.0,235.0,180.0,SUP001,Mumbai,Hypermarket,28500,3400.0,West,30.4,0.0,0,0,0,0,1,0,8,2.0,5.0,5.857142857142857,9.56,31.0,58.0,0
2026-08-19,S01,P02,1,261.25,5.0,1,56.0,0,1.0,55.0,25,3,Dairy,Butter,Amul,275.0,235.0,180.0,SUP001,Mumbai,Hypermarket,28500,3400.0,West,30.7,3.1,0,0,0,0,2,0,8,5.0,2.0,5.857142857142857,9.39,30.0,63.0,0
2026-08-20,S01,P02,9,2447.5,2.0,1,55.0,0,9.0,46.0,25,3,Dairy,Butter,Amul,275.0,235.0,180.0,SUP001,Mumbai,Hypermarket,28500,3400.0,West,32.0,0.0,0,0,0,0,3,0,8,1.0,6.0,5.714285714285714,8.05,21.0,63.0,0
2026-08-21,S01,P02,11,2860.0,4.0,1,46.0,0,11.0,35.0,25,3,Dairy,Butter,Amul,275.0,235.0,180.0,SUP001,Mumbai,Hypermarket,28500,3400.0,West,28.9,24.3,0,0,0,0,4,0,8,9.0,8.0,6.142857142857143,5.7,10.0,59.0,0
2026-08-22,S01,P02,12,3162.5,7.14,1,35.0,0,12.0,23.0,25,3,Dairy,Butter,Amul,275.0,235.0,180.0,SUP001,Mumbai,Hypermarket,28500,3400.0,West,29.1,20.9,0,0,1,0,5,1,8,11.0,10.0,6.571428571428571,3.5,-2.0,51.0,0
2026-08-23,S01,P02,8,2186.25,1.0,1,23.0,0,8.0,15.0,25,3,Dairy,Butter,Amul,275.0,235.0,180.0,SUP001,Mumbai,Hypermarket,28500,3400.0,West,29.1,80.9,0,0,1,0,6,1,8,12.0,8.0,6.857142857142857,2.19,-10.0,57.0,0
2026-08-24,S01,P02,11,2997.5,1.0,1,15.0,0,11.0,4.0,25,3,Dairy,Butter,Amul,275.0,235.0,180.0,SUP001,Mumbai,Hypermarket,28500,3400.0,West,30.0,12.8,0,0,0,0,0,0,8,8.0,2.0,6.857142857142857,0.58,-21.0,52.0,0
2026-08-08,S01,P03,22,929.25,6.25,1,61.0,0,22.0,39.0,45,1,Bakery,Whole Wheat Bread,Britannia,45.0,34.0,6.0,SUP002,Mumbai,Hypermarket,28500,3400.0,West,32.0,0.0,0,0,1,0,5,1,8,14.0,93.0,28.285714285714285,1.38,-6.0,148.0,0
2026-08-09,S01,P03,19,807.75,5.0,1,39.0,90,19.0,110.0,45,1,Bakery,Whole Wheat Bread,Britannia,45.0,34.0,6.0,SUP002,Mumbai,Hypermarket,28500,3400.0,West,29.2,36.0,0,0,1,0,6,1,8,22.0,26.0,18.142857142857142,6.06,65.0,149.0,0
2026-08-10,S01,P03,16,697.5,5.0,1,110.0,0,16.0,94.0,45,1,Bakery,Whole Wheat Bread,Britannia,45.0,34.0,6.0,SUP002,Mumbai,Hypermarket,28500,3400.0,West,30.4,6.4,0,0,0,0,0,0,8,19.0,15.0,17.142857142857142,5.48,49.0,151.0,0
2026-08-11,S01,P03,21,902.25,5.0,1,94.0,0,21.0,73.0,45,1,Bakery,Whole Wheat Bread,Britannia,45.0,34.0,6.0,SUP002,Mumbai,Hypermarket,28500,3400.0,West,27.7,27.0,0,0,0,0,1,0,8,16.0,22.0,17.285714285714285,4.22,28.0,138.0,0
2026-08-12,S01,P03,11,486.0,4.0,1,73.0,0,11.0,62.0,45,1,Bakery,Whole Wheat Bread,Britannia,45.0,34.0,6.0,SUP002,Mumbai,Hypermarket,28500,3400.0,West,28.1,0.0,0,0,0,0,2,0,8,21.0,13.0,17.142857142857142,3.62,17.0,158.0,0
2026-08-13,S01,P03,18,789.75,3.18,1,62.0,0,18.0,44.0,45,1,Bakery,Whole Wheat Bread,Britannia,45.0,34.0,6.0,SUP002,Mumbai,Hypermarket,28500,3400.0,West,27.3,65.7,0,0,0,0,3,0,8,11.0,15.0,16.857142857142858,2.61,-1.0,156.0,0
2026-08-14,S01,P03,18,762.75,5.0,1,44.0,90,18.0,116.0,45,1,Bakery,Whole Wheat Bread,Britannia,45.0,34.0,6.0,SUP002,Mumbai,Hypermarket,28500,3400.0,West,31.4,36.9,0,0,0,0,4,0,8,18.0,14.0,17.285714285714285,6.71,71.0,150.0,0
2026-08-15,S01,P03,45,1894.5,5.83,1,116.0,0,45.0,71.0,45,1,Bakery,Whole Wheat Bread,Britannia,45.0,34.0,6.0,SUP002,Mumbai,Hypermarket,28500,3400.0,West,29.4,0.0,1,1,1,0,5,1,8,18.0,22.0,17.857142857142858,3.98,26.0,137.0,0
2026-08-16,S01,P03,20,846.0,5.0,1,71.0,0,20.0,51.0,45,1,Bakery,Whole Wheat Bread,Britannia,45.0,34.0,6.0,SUP002,Mumbai,Hypermarket,28500,3400.0,West,29.1,75.8,0,0,1,0,6,1,8,45.0,19.0,21.142857142857142,2.41,6.0,135.0,0
2026-08-17,S01,P03,18,753.75,7.5,1,51.0,0,19.0,32.0,45,1,Bakery,Whole Wheat Bread,Britannia,45.0,34.0,6.0,SUP002,Mumbai,Hypermarket,28500,3400.0,West,30.6,28.7,0,0,0,0,0,0,8,20.0,16.0,21.285714285714285,1.5,-13.0,131.0,0
2026-08-18,S01,P03,8,339.75,6.25,1,32.0,90,8.0,114.0,45,1,Bakery,Whole Wheat Bread,Britannia,45.0,34.0,6.0,SUP002,Mumbai,Hypermarket,28500,3400.0,West,30.4,0.0,0,0,0,0,1,0,8,18.0,21.0,21.571428571428573,5.28,69.0,135.0,0
2026-08-19,S01,P03,31,1336.5,4.33,1,114.0,0,31.0,83.0,45,1,Bakery,Whole Wheat Bread,Britannia,45.0,34.0,6.0,SUP002,Mumbai,Hypermarket,28500,3400.0,West,30.7,3.1,0,0,0,0,2,0,8,8.0,11.0,19.714285714285715,4.21,38.0,129.0,0
2026-08-20,S01,P03,16,688.5,5.0,1,83.0,0,16.0,67.0,45,1,Bakery,Whole Wheat Bread,Britannia,45.0,34.0,6.0,SUP002,Mumbai,Hypermarket,28500,3400.0,West,32.0,0.0,0,0,0,0,3,0,8,31.0,18.0,22.571428571428573,2.97,22.0,127.0,0
2026-08-21,S01,P03,12,522.0,2.5,1,67.0,0,12.0,55.0,45,1,Bakery,Whole Wheat Bread,Britannia,45.0,34.0,6.0,SUP002,Mumbai,Hypermarket,28500,3400.0,West,28.9,24.3,0,0,0,0,4,0,8,16.0,18.0,22.285714285714285,2.47,10.0,149.0,0
2026-08-22,S01,P03,32,1401.75,3.24,1,55.0,0,32.0,23.0,45,1,Bakery,Whole Wheat Bread,Britannia,45.0,34.0,6.0,SUP002,Mumbai,Hypermarket,28500,3400.0,West,29.1,20.9,0,0,1,0,5,1,8,12.0,45.0,21.428571428571427,1.07,-22.0,132.0,0
2026-08-23,S01,P03,18,789.75,2.92,1,23.0,90,18.0,95.0,45,1,Bakery,Whole Wheat Bread,Britannia,45.0,34.0,6.0,SUP002,Mumbai,Hypermarket,28500,3400.0,West,29.1,80.9,0,0,1,0,6,1,8,32.0,20.0,19.571428571428573,4.85,50.0,132.0,0
2026-08-24,S01,P03,14,546.75,20.56,1,95.0,0,14.0,81.0,45,1,Bakery,Whole Wheat Bread,Britannia,45.0,34.0,6.0,SUP002,Mumbai,Hypermarket,28500,3400.0,West,30.0,12.8,0,0,0,0,0,0,8,18.0,18.0,19.285714285714285,4.2,36.0,132.0,0
2026-08-08,S01,P04,257,43911.0,6.67,1,81.0,0,257.0,0.0,30,2,Produce,Royal Gala Apples,Farmfresh,180.0,130.0,12.0,SUP003,Mumbai,Hypermarket,28500,3400.0,West,32.0,0.0,0,0,1,0,5,1,8,15.0,12.0,7.714285714285714,0.0,-30.0,66.0,1
2026-08-09,S01,P04,8,1260.0,8.33,1,0.0,0,8.0,0.0,30,2,Produce,Royal Gala Apples,Farmfresh,180.0,130.0,12.0,SUP003,Mumbai,Hypermarket,28500,3400.0,West,29.2,36.0,0,0,1,0,6,1,8,257.0,1.0,42.714285714285715,0.0,-30.0,68.0,1
2026-08-10,S01,P04,11,1764.0,8.0,1,0.0,70,11.0,59.0,30,2,Produce,Royal Gala Apples,Farmfresh,180.0,130.0,12.0,SUP003,Mumbai,Hypermarket,28500,3400.0,West,30.4,6.4,0,0,0,0,0,0,8,8.0,6.0,43.714285714285715,1.35,29.0,65.0,0
2026-08-11,S01,P04,1,171.0,5.0,1,59.0,0,1.0,58.0,30,2,Produce,Royal Gala Apples,Farmfresh,180.0,130.0,12.0,SUP003,Mumbai,Hypermarket,28500,3400.0,West,27.7,27.0,0,0,0,0,1,0,8,11.0,14.0,44.42857142857143,1.31,28.0,70.0,0
2026-08-12,S01,P04,7,1233.0,3.0,1,58.0,70,7.0,121.0,30,2,Produce,Royal Gala Apples,Farmfresh,180.0,130.0,12.0,SUP003,Mumbai,Hypermarket,28500,3400.0,West,28.1,0.0,0,0,0,0,2,0,8,1.0,2.0,42.57142857142857,2.84,91.0,83.0,0
2026-08-13,S01,P04,12,1989.0,5.71,1,121.0,0,12.0,109.0,30,2,Produce,Royal Gala Apples,Farmfresh,180.0,130.0,12.0,SUP003,Mumbai,Hypermarket,28500,3400.0,West,27.3,65.7,0,0,0,0,3,0,8,7.0,4.0,43.285714285714285,2.52,79.0,79.0,0
2026-08-14,S01,P04,12,2061.0,5.83,1,109.0,70,12.0,167.0,30,2,Produce,Royal Gala Apples,Farmfresh,180.0,130.0,12.0,SUP003,Mumbai,Hypermarket,28500,3400.0,West,31.4,36.9,0,0,0,0,4,0,8,12.0,15.0,44.42857142857143,3.76,137.0,78.0,0
2026-08-15,S01,P04,15,2664.0,1.25,1,167.0,0,15.0,152.0,30,2,Produce,Royal Gala Apples,Farmfresh,180.0,130.0,12.0,SUP003,Mumbai,Hypermarket,28500,3400.0,West,29.4,0.0,1,1,1,0,5,1,8,12.0,257.0,44.0,3.45,122.0,66.0,0
2026-08-16,S01,P04,10,1800.0,0.0,0,152.0,70,10.0,212.0,30,2,Produce,Royal Gala Apples,Farmfresh,180.0,130.0,12.0,SUP003,Mumbai,Hypermarket,28500,3400.0,West,29.1,75.8,0,0,1,0,6,1,8,15.0,8.0,9.428571428571429,22.48,182.0,65.0,0
2026-08-17,S01,P04,8,1314.0,8.0,1,28.0,0,8.0,20.0,30,2,Produce,Royal Gala Apples,Farmfresh,180.0,130.0,12.0,SUP003,Mumbai,Hypermarket,28500,3400.0,West,30.6,28.7,0,0,0,0,0,0,8,10.0,11.0,9.714285714285714,2.06,-10.0,64.0,0
2026-08-18,S01,P04,6,1080.0,0.0,0,20.0,70,6.0,84.0,30,2,Produce,Royal Gala Apples,Farmfresh,180.0,130.0,12.0,SUP003,Mumbai,Hypermarket,28500,3400.0,West,30.4,0.0,0,0,0,0,1,0,8,8.0,1.0,9.285714285714286,9.05,54.0,63.0,0
2026-08-19,S01,P04,20,3510.0,2.73,1,84.0,0,20.0,64.0,30,2,Produce,Royal Gala Apples,Farmfresh,180.0,130.0,12.0,SUP003,Mumbai,Hypermarket,28500,3400.0,West,30.7,3.1,0,0,0,0,2,0,8,6.0,7.0,10.0,6.4,34.0,50.0,0
2026-08-20,S01,P04,8,1404.0,5.0,1,64.0,0,8.0,56.0,30,2,Produce,Royal Gala Apples,Farmfresh,180.0,130.0,12.0,SUP003,Mumbai,Hypermarket,28500,3400.0,West,32.0,0.0,0,0,0,0,3,0,8,20.0,12.0,11.857142857142858,4.72,26.0,46.0,0
2026-08-21,S01,P04,11,1746.0,9.38,1,56.0,0,11.0,45.0,30,2,Produce,Royal Gala Apples,Farmfresh,180.0,130.0,12.0,SUP003,Mumbai,Hypermarket,28500,3400.0,West,28.9,24.3,0,0,0,0,4,0,8,8.0,12.0,11.285714285714286,3.99,15.0,49.0,0
2026-08-22,S01,P04,3,540.0,0.0,0,45.0,0,4.0,41.0,30,2,Produce,Royal Gala Apples,Farmfresh,180.0,130.0,12.0,SUP003,Mumbai,Hypermarket,28500,3400.0,West,29.1,20.9,0,0,1,0,5,1,8,11.0,15.0,11.142857142857142,3.68,11.0,51.0,0
2026-08-23,S01,P04,9,1557.0,3.0,1,41.0,0,9.0,32.0,30,2,Produce,Royal Gala Apples,Farmfresh,180.0,130.0,12.0,SUP003,Mumbai,Hypermarket,28500,3400.0,West,29.1,80.9,0,0,1,0,6,1,8,3.0,10.0,9.428571428571429,3.39,2.0,44.0,0
2026-08-24,S01,P04,7,1206.0,3.75,1,32.0,0,7.0,25.0,30,2,Produce,Royal Gala Apples,Farmfresh,180.0,130.0,12.0,SUP003,Mumbai,Hypermarket,28500,3400.0,West,30.0,12.8,0,0,0,0,0,0,8,9.0,8.0,9.285714285714286,2.69,-5.0,52.0,0
2026-08-08,S01,P05,519,18704.0,5.45,1,67.0,0,519.0,0.0,50,2,Produce,Organic Potatoes,Greenfields,40.0,25.0,12.0,SUP003,Mumbai,Hypermarket,28500,3400.0,West,32.0,0.0,0,0,1,0,5,1,8,11.0,9.0,23.285714285714285,0.0,-50.0,108.0,1
2026-08-09,S01,P05,21,776.0,10.45,1,0.0,0,21.0,0.0,50,2,Produce,Organic Potatoes,Greenfields,40.0,25.0,12.0,SUP003,Mumbai,Hypermarket,28500,3400.0,West,29.2,36.0,0,0,1,0,6,1,8,519.0,29.0,96.14285714285714,0.0,-50.0,609.0,1
2026-08-10,S01,P05,5,200.0,0.0,0,0.0,120,5.0,115.0,50,2,Produce,Organic Potatoes,Greenfields,40.0,25.0,12.0,SUP003,Mumbai,Hypermarket,28500,3400.0,West,30.4,6.4,0,0,0,0,0,0,8,21.0,14.0,95.0,1.21,65.0,612.0,0
2026-08-11,S01,P05,12,438.0,5.0,1,115.0,0,12.0,103.0,50,2,Produce,Organic Potatoes,Greenfields,40.0,25.0,12.0,SUP003,Mumbai,Hypermarket,28500,3400.0,West,27.7,27.0,0,0,0,0,1,0,8,5.0,11.0,93.71428571428571,1.1,53.0,606.0,0
2026-08-12,S01,P05,4,156.0,2.5,1,103.0,120,4.0,219.0,50,2,Produce,Organic Potatoes,Greenfields,40.0,25.0,12.0,SUP003,Mumbai,Hypermarket,28500,3400.0,West,28.1,0.0,0,0,0,0,2,0,8,12.0,5.0,93.85714285714286,2.33,169.0,622.0,0
2026-08-13,S01,P05,24,888.0,8.89,1,219.0,0,24.0,195.0,50,2,Produce,Organic Potatoes,Greenfields,40.0,25.0,12.0,SUP003,Mumbai,Hypermarket,28500,3400.0,West,27.3,65.7,0,0,0,0,3,0,8,4.0,84.0,93.71428571428571,2.08,145.0,618.0,0
2026-08-14,S01,P05,9,332.0,6.67,1,195.0,120,9.0,306.0,50,2,Produce,Organic Potatoes,Greenfields,40.0,25.0,12.0,SUP003,Mumbai,Hypermarket,28500,3400.0,West,31.4,36.9,0,0,0,0,4,0,8,24.0,11.0,85.14285714285714,3.59,256.0,624.0,0
2026-08-15,S01,P05,33,1254.0,4.33,1,306.0,0,33.0,273.0,50,2,Produce,Organic Potatoes,Greenfields,40.0,25.0,12.0,SUP003,Mumbai,Hypermarket,28500,3400.0,West,29.4,0.0,1,1,1,0,5,1,8,9.0,519.0,84.85714285714286,3.22,223.0,604.0,0
2026-08-16,S01,P05,522,16852.0,5.0,1,273.0,120,522.0,0.0,50,2,Produce,Organic Potatoes,Greenfields,40.0,25.0,12.0,SUP003,Mumbai,Hypermarket,28500,3400.0,West,29.1,75.8,0,0,1,0,6,1,8,33.0,21.0,15.428571428571429,0.0,-50.0,99.0,1
2026-08-17,S01,P05,8,304.0,5.0,1,0.0,0,8.0,0.0,50,2,Produce,Organic Potatoes,Greenfields,40.0,25.0,12.0,SUP003,Mumbai,Hypermarket,28500,3400.0,West,30.6,28.7,0,0,0,0,0,0,8,522.0,5.0,87.0,0.0,-50.0,111.0,1
2026-08-18,S01,P05,6,222.0,6.0,1,0.0,120,6.0,114.0,50,2,Produce,Organic Potatoes,Greenfields,40.0,25.0,12.0,SUP003,Mumbai,Hypermarket,28500,3400.0,West,30.4,0.0,0,0,0,0,1,0,8,8.0,12.0,87.42857142857143,1.3,64.0,106.0,0
2026-08-19,S01,P05,20,768.0,13.33,1,114.0,0,20.0,94.0,50,2,Produce,Organic Potatoes,Greenfields,40.0,25.0,12.0,SUP003,Mumbai,Hypermarket,28500,3400.0,West,30.7,3.1,0,0,0,0,2,0,8,6.0,4.0,86.57142857142857,1.09,44.0,96.0,0
2026-08-20,S01,P05,20,778.0,5.0,1,94.0,120,20.0,194.0,50,2,Produce,Organic Potatoes,Greenfields,40.0,25.0,12.0,SUP003,Mumbai,Hypermarket,28500,3400.0,West,32.0,0.0,0,0,0,0,3,0,8,20.0,24.0,88.85714285714286,2.18,144.0,91.0,0
2026-08-21,S01,P05,15,560.0,6.5,1,194.0,0,15.0,179.0,50,2,Produce,Organic Potatoes,Greenfields,40.0,25.0,12.0,SUP003,Mumbai,Hypermarket,28500,3400.0,West,28.9,24.3,0,0,0,0,4,0,8,20.0,9.0,88.28571428571429,2.03,129.0,107.0,0
2026-08-22,S01,P05,13,496.0,4.5,1,179.0,120,13.0,286.0,50,2,Produce,Organic Potatoes,Greenfields,40.0,25.0,12.0,SUP003,Mumbai,Hypermarket,28500,3400.0,West,29.1,20.9,0,0,1,0,5,1,8,15.0,33.0,89.14285714285714,3.21,236.0,112.0,0
2026-08-23,S01,P05,17,648.0,4.55,1,286.0,0,17.0,269.0,50,2,Produce,Organic Potatoes,Greenfields,40.0,25.0,12.0,SUP003,Mumbai,Hypermarket,28500,3400.0,West,29.1,80.9,0,0,1,0,6,1,8,13.0,522.0,86.28571428571429,3.12,219.0,111.0,0
2026-08-24,S01,P05,20,746.0,5.42,1,269.0,120,20.0,369.0,50,2,Produce,Organic Potatoes,Greenfields,40.0,25.0,12.0,SUP003,Mumbai,Hypermarket,28500,3400.0,West,30.0,12.8,0,0,0,0,0,0,8,17.0,8.0,14.142857142857142,26.09,319.0,100.0,0
2026-08-08,S01,P06,11,3621.0,3.75,1,15.0,0,11.0,4.0,20,4,Beverages,Tea Gold,Tata,340.0,270.0,365.0,SUP004,Mumbai,Hypermarket,28500,3400.0,West,32.0,0.0,0,0,1,0,5,1,8,4.0,2.0,5.714285714285714,0.7,-16.0,31.0,0
2026-08-09,S01,P06,10,3145.0,5.83,1,4.0,0,10.0,0.0,20,4,Beverages,Tea Gold,Tata,340.0,270.0,365.0,SUP004,Mumbai,Hypermarket,28500,3400.0,West,29.2,36.0,0,0,1,0,6,1,8,11.0,7.0,7.0,0.0,-20.0,29.0,1
2026-08-10,S01,P06,2,663.0,2.5,1,0.0,50,2.0,48.0,20,4,Beverages,Tea Gold,Tata,340.0,270.0,365.0,SUP004,Mumbai,Hypermarket,28500,3400.0,West,30.4,6.4,0,0,0,0,0,0,8,10.0,6.0,7.428571428571429,6.46,28.0,27.0,0
2026-08-11,S01,P06,2,612.0,10.0,1,42.0,0,2.0,40.0,20,4,Beverages,Tea Gold,Tata,340.0,270.0,365.0,SUP004,Mumbai,Hypermarket,28500,3400.0,West,27.7,27.0,0,0,0,0,1,0,8,2.0,7.0,6.857142857142857,5.83,20.0,30.0,0
2026-08-12,S01,P06,3,1020.0,0.0,0,40.0,0,3.0,37.0,20,4,Beverages,Tea Gold,Tata,340.0,270.0,365.0,SUP004,Mumbai,Hypermarket,28500,3400.0,West,28.1,0.0,0,0,0,0,2,0,8,2.0,9.0,6.142857142857143,6.02,17.0,37.0,0
2026-08-13,S01,P06,4,1275.0,6.25,1,37.0,0,4.0,33.0,20,4,Beverages,Tea Gold,Tata,340.0,270.0,365.0,SUP004,Mumbai,Hypermarket,28500,3400.0,West,27.3,65.7,0,0,0,0,3,0,8,3.0,5.0,5.285714285714286,6.24,13.0,39.0,0
2026-08-14,S01,P06,5,1479.0,15.0,1,33.0,0,5.0,28.0,20,4,Beverages,Tea Gold,Tata,340.0,270.0,365.0,SUP004,Mumbai,Hypermarket,28500,3400.0,West,31.4,36.9,0,0,0,0,4,0,8,4.0,4.0,5.142857142857143,5.44,8.0,38.0,0
2026-08-15,S01,P06,5,1547.0,10.0,1,28.0,0,5.0,23.0,20,4,Beverages,Tea Gold,Tata,340.0,270.0,365.0,SUP004,Mumbai,Hypermarket,28500,3400.0,West,29.4,0.0,1,1,1,0,5,1,8,5.0,11.0,5.285714285714286,4.35,3.0,39.0,0
2026-08-16,S01,P06,8,2550.0,5.0,1,23.0,0,8.0,15.0,20,4,Beverages,Tea Gold,Tata,340.0,270.0,365.0,SUP004,Mumbai,Hypermarket,28500,3400.0,West,29.1,75.8,0,0,1,0,6,1,8,5.0,10.0,4.428571428571429,3.39,-5.0,40.0,0
2026-08-17,S01,P06,0,0.0,0.0,0,15.0,0,0.0,15.0,20,4,Beverages,Tea Gold,Tata,340.0,270.0,365.0,SUP004,Mumbai,Hypermarket,28500,3400.0,West,30.6,28.7,0,0,0,0,0,0,8,8.0,2.0,4.142857142857143,3.62,-5.0,45.0,0
2026-08-18,S01,P06,5,1700.0,0.0,0,15.0,0,5.0,10.0,20,4,Beverages,Tea Gold,Tata,340.0,270.0,365.0,SUP004,Mumbai,Hypermarket,28500,3400.0,West,30.4,0.0,0,0,0,0,1,0,8,0.0,2.0,3.857142857142857,2.59,-10.0,45.0,0
2026-08-19,S01,P06,10,3179.0,8.33,1,10.0,0,10.0,0.0,20,4,Beverages,Tea Gold,Tata,340.0,270.0,365.0,SUP004,Mumbai,Hypermarket,28500,3400.0,West,30.7,3.1,0,0,0,0,2,0,8,5.0,3.0,4.285714285714286,0.0,-20.0,43.0,1
2026-08-20,S01,P06,6,1904.0,8.75,1,0.0,50,6.0,44.0,20,4,Beverages,Tea Gold,Tata,340.0,270.0,365.0,SUP004,Mumbai,Hypermarket,28500,3400.0,West,32.0,0.0,0,0,0,0,3,0,8,10.0,4.0,5.285714285714286,8.32,24.0,42.0,0
2026-08-21,S01,P06,4,1309.0,2.5,1,44.0,0,4.0,40.0,20,4,Beverages,Tea Gold,Tata,340.0,270.0,365.0,SUP004,Mumbai,Hypermarket,28500,3400.0,West,28.9,24.3,0,0,0,0,4,0,8,6.0,5.0,5.571428571428571,7.18,20.0,47.0,0
2026-08-22,S01,P06,6,1989.0,1.67,1,40.0,0,6.0,34.0,20,4,Beverages,Tea Gold,Tata,340.0,270.0,365.0,SUP004,Mumbai,Hypermarket,28500,3400.0,West,29.1,20.9,0,0,1,0,5,1,8,4.0,5.0,5.428571428571429,6.26,14.0,48.0,0
2026-08-23,S01,P06,9,2924.0,5.0,1,34.0,0,9.0,25.0,20,4,Beverages,Tea Gold,Tata,340.0,270.0,365.0,SUP004,Mumbai,Hypermarket,28500,3400.0,West,29.1,80.9,0,0,1,0,6,1,8,6.0,8.0,5.571428571428571,4.49,5.0,40.0,0
2026-08-24,S01,P06,5,1649.0,5.0,1,25.0,0,5.0,20.0,20,4,Beverages,Tea Gold,Tata,340.0,270.0,365.0,SUP004,Mumbai,Hypermarket,28500,3400.0,West,30.0,12.8,0,0,0,0,0,0,8,9.0,0.0,5.714285714285714,3.5,0.0,38.0,0
2026-08-08,S01,P07,5,581.25,6.25,1,25.0,0,5.0,20.0,25,5,Personal Care,Antiseptic Soap,Dettol,125.0,95.0,730.0,SUP005,Mumbai,Hypermarket,28500,3400.0,West,32.0,0.0,0,0,1,0,5,1,8,0.0,10.0,5.0,4.0,-5.0,51.0,0
2026-08-09,S01,P07,4,493.75,1.67,1,20.0,0,4.0,16.0,25,5,Personal Care,Antiseptic Soap,Dettol,125.0,95.0,730.0,SUP005,Mumbai,Hypermarket,28500,3400.0,West,29.2,36.0,0,0,1,0,6,1,8,5.0,11.0,4.285714285714286,3.73,-9.0,47.0,0
2026-08-10,S01,P07,5,587.5,5.0,1,16.0,0,5.0,11.0,25,5,Personal Care,Antiseptic Soap,Dettol,125.0,95.0,730.0,SUP005,Mumbai,Hypermarket,28500,3400.0,West,30.4,6.4,0,0,0,0,0,0,8,4.0,9.0,3.2857142857142856,3.35,-14.0,44.0,0
2026-08-11,S01,P07,10,1106.25,8.33,1,11.0,60,10.0,61.0,25,5,Personal Care,Antiseptic Soap,Dettol,125.0,95.0,730.0,SUP005,Mumbai,Hypermarket,28500,3400.0,West,27.7,27.0,0,0,0,0,1,0,8,5.0,2.0,2.7142857142857144,22.47,36.0,34.0,0
2026-08-12,S01,P07,18,2156.25,4.29,1,61.0,0,18.0,43.0,25,5,Personal Care,Antiseptic Soap,Dettol,125.0,95.0,730.0,SUP005,Mumbai,Hypermarket,28500,3400.0,West,28.1,0.0,0,0,0,0,2,0,8,10.0,1.0,3.857142857142857,11.15,18.0,22.0,0
2026-08-13,S01,P07,0,0.0,0.0,0,43.0,0,0.0,43.0,25,5,Personal Care,Antiseptic Soap,Dettol,125.0,95.0,730.0,SUP005,Mumbai,Hypermarket,28500,3400.0,West,27.3,65.7,0,0,0,0,3,0,8,18.0,2.0,6.285714285714286,6.84,18.0,25.0,0
2026-08-14,S01,P07,5,618.75,1.67,1,43.0,0,5.0,38.0,25,5,Personal Care,Antiseptic Soap,Dettol,125.0,95.0,730.0,SUP005,Mumbai,Hypermarket,28500,3400.0,West,31.4,36.9,0,0,0,0,4,0,8,0.0,0.0,6.0,6.33,13.0,26.0,0
2026-08-15,S01,P07,9,943.75,15.0,1,38.0,0,9.0,29.0,25,5,Personal Care,Antiseptic Soap,Dettol,125.0,95.0,730.0,SUP005,Mumbai,Hypermarket,28500,3400.0,West,29.4,0.0,1,1,1,0,5,1,8,5.0,5.0,6.714285714285714,4.32,4.0,22.0,0
2026-08-16,S01,P07,0,0.0,0.0,0,29.0,0,0.0,29.0,25,5,Personal Care,Antiseptic Soap,Dettol,125.0,95.0,730.0,SUP005,Mumbai,Hypermarket,28500,3400.0,West,29.1,75.8,0,0,1,0,6,1,8,9.0,4.0,7.285714285714286,3.98,4.0,28.0,0
2026-08-17,S01,P07,2,250.0,0.0,0,29.0,0,2.0,27.0,25,5,Personal Care,Antiseptic Soap,Dettol,125.0,95.0,730.0,SUP005,Mumbai,Hypermarket,28500,3400.0,West,30.6,28.7,0,0,0,0,0,0,8,0.0,5.0,6.714285714285714,4.02,2.0,27.0,0
2026-08-18,S01,P07,0,0.0,0.0,0,27.0,0,0.0,27.0,25,5,Personal Care,Antiseptic Soap,Dettol,125.0,95.0,730.0,SUP005,Mumbai,Hypermarket,28500,3400.0,West,30.4,0.0,0,0,0,0,1,0,8,2.0,10.0,6.285714285714286,4.3,2.0,30.0,0
2026-08-19,S01,P07,6,700.0,6.67,1,27.0,0,6.0,21.0,25,5,Personal Care,Antiseptic Soap,Dettol,125.0,95.0,730.0,SUP005,Mumbai,Hypermarket,28500,3400.0,West,30.7,3.1,0,0,0,0,2,0,8,0.0,18.0,4.857142857142857,4.32,-4.0,28.0,0
2026-08-20,S01,P07,3,362.5,3.33,1,21.0,0,3.0,18.0,25,5,Personal Care,Antiseptic Soap,Dettol,125.0,95.0,730.0,SUP005,Mumbai,Hypermarket,28500,3400.0,West,32.0,0.0,0,0,0,0,3,0,8,6.0,0.0,3.142857142857143,5.73,-7.0,27.0,0
2026-08-21,S01,P07,6,656.25,7.5,1,18.0,0,6.0,12.0,25,5,Personal Care,Antiseptic Soap,Dettol,125.0,95.0,730.0,SUP005,Mumbai,Hypermarket,28500,3400.0,West,28.9,24.3,0,0,0,0,4,0,8,3.0,5.0,3.5714285714285716,3.36,-13.0,26.0,0
2026-08-22,S01,P07,5,606.25,3.0,1,12.0,0,5.0,7.0,25,5,Personal Care,Antiseptic Soap,Dettol,125.0,95.0,730.0,SUP005,Mumbai,Hypermarket,28500,3400.0,West,29.1,20.9,0,0,1,0,5,1,8,6.0,9.0,3.7142857142857144,1.88,-18.0,22.0,0
2026-08-23,S01,P07,6,700.0,5.0,1,7.0,0,6.0,1.0,25,5,Personal Care,Antiseptic Soap,Dettol,125.0,95.0,730.0,SUP005,Mumbai,Hypermarket,28500,3400.0,West,29.1,80.9,0,0,1,0,6,1,8,5.0,0.0,3.142857142857143,0.32,-24.0,28.0,0
2026-08-24,S01,P07,1,125.0,0.0,0,1.0,60,1.0,60.0,25,5,Personal Care,Antiseptic Soap,Dettol,125.0,95.0,730.0,SUP005,Mumbai,Hypermarket,28500,3400.0,West,30.0,12.8,0,0,0,0,0,0,8,6.0,2.0,4.0,15.0,35.0,31.0,0
2026-08-08,S01,P08,4,1768.0,11.67,1,0.0,0,4.0,0.0,20,4,Staples,Basmati Rice 5Kg,India Gate,520.0,415.0,365.0,SUP006,Mumbai,Hypermarket,28500,3400.0,West,32.0,0.0,0,0,1,0,5,1,8,3.0,9.0,7.571428571428571,0.0,-20.0,29.0,1
2026-08-09,S01,P08,4,1976.0,5.0,1,0.0,45,4.0,41.0,20,4,Staples,Basmati Rice 5Kg,India Gate,520.0,415.0,365.0,SUP006,Mumbai,Hypermarket,28500,3400.0,West,29.2,36.0,0,0,1,0,6,1,8,4.0,5.0,6.857142857142857,5.98,21.0,28.0,0
2026-08-10,S01,P08,5,2444.0,7.5,1,34.0,0,5.0,29.0,20,4,Staples,Basmati Rice 5Kg,India Gate,520.0,415.0,365.0,SUP006,Mumbai,Hypermarket,28500,3400.0,West,30.4,6.4,0,0,0,0,0,0,8,4.0,7.0,6.714285714285714,4.32,9.0,23.0,0
2026-08-11,S01,P08,6,3068.0,3.33,1,29.0,0,6.0,23.0,20,4,Staples,Basmati Rice 5Kg,India Gate,520.0,415.0,365.0,SUP006,Mumbai,Hypermarket,28500,3400.0,West,27.7,27.0,0,0,0,0,1,0,8,5.0,5.0,6.428571428571429,3.58,3.0,25.0,0
2026-08-12,S01,P08,2,988.0,5.0,1,23.0,0,2.0,21.0,20,4,Staples,Basmati Rice 5Kg,India Gate,520.0,415.0,365.0,SUP006,Mumbai,Hypermarket,28500,3400.0,West,28.1,0.0,0,0,0,0,2,0,8,6.0,7.0,6.571428571428571,3.2,1.0,24.0,0
2026-08-13,S01,P08,5,2600.0,0.0,0,21.0,0,5.0,16.0,20,4,Staples,Basmati Rice 5Kg,India Gate,520.0,415.0,365.0,SUP006,Mumbai,Hypermarket,28500,3400.0,West,27.3,65.7,0,0,0,0,3,0,8,2.0,17.0,5.857142857142857,2.73,-4.0,19.0,0
2026-08-14,S01,P08,3,1560.0,0.0,0,16.0,0,3.0,13.0,20,4,Staples,Basmati Rice 5Kg,India Gate,520.0,415.0,365.0,SUP006,Mumbai,Hypermarket,28500,3400.0,West,31.4,36.9,0,0,0,0,4,0,8,5.0,3.0,4.142857142857143,3.14,-7.0,17.0,0
2026-08-15,S01,P08,4,2002.0,2.5,1,13.0,0,4.0,9.0,20,4,Staples,Basmati Rice 5Kg,India Gate,520.0,415.0,365.0,SUP006,Mumbai,Hypermarket,28500,3400.0,West,29.4,0.0,1,1,1,0,5,1,8,3.0,4.0,4.142857142857143,2.17,-11.0,21.0,0
2026-08-16,S01,P08,3,1404.0,7.5,1,9.0,0,3.0,6.0,20,4,Staples,Basmati Rice 5Kg,India Gate,520.0,415.0,365.0,SUP006,Mumbai,Hypermarket,28500,3400.0,West,29.1,75.8,0,0,1,0,6,1,8,4.0,4.0,4.142857142857143,1.45,-14.0,20.0,0
2026-08-17,S01,P08,0,0.0,0.0,0,6.0,45,0.0,51.0,20,4,Staples,Basmati Rice 5Kg,India Gate,520.0,415.0,365.0,SUP006,Mumbai,Hypermarket,28500,3400.0,West,30.6,28.7,0,0,0,0,0,0,8,3.0,5.0,4.0,12.75,31.0,29.0,0
2026-08-18,S01,P08,8,3926.0,9.0,1,51.0,0,8.0,43.0,20,4,Staples,Basmati Rice 5Kg,India Gate,520.0,415.0,365.0,SUP006,Mumbai,Hypermarket,28500,3400.0,West,30.4,0.0,0,0,0,0,1,0,8,0.0,6.0,3.2857142857142856,13.09,23.0,24.0,0
2026-08-19,S01,P08,1,520.0,0.0,0,43.0,0,1.0,42.0,20,4,Staples,Basmati Rice 5Kg,India Gate,520.0,415.0,365.0,SUP006,Mumbai,Hypermarket,28500,3400.0,West,30.7,3.1,0,0,0,0,2,0,8,8.0,2.0,3.5714285714285716,11.76,22.0,29.0,0
2026-08-20,S01,P08,0,0.0,0.0,0,42.0,0,0.0,42.0,20,4,Staples,Basmati Rice 5Kg,India Gate,520.0,415.0,365.0,SUP006,Mumbai,Hypermarket,28500,3400.0,West,32.0,0.0,0,0,0,0,3,0,8,1.0,5.0,3.4285714285714284,12.25,22.0,29.0,0
2026-08-21,S01,P08,1,468.0,10.0,1,42.0,0,1.0,41.0,20,4,Staples,Basmati Rice 5Kg,India Gate,520.0,415.0,365.0,SUP006,Mumbai,Hypermarket,28500,3400.0,West,28.9,24.3,0,0,0,0,4,0,8,0.0,3.0,2.7142857142857144,15.11,21.0,33.0,0
2026-08-22,S01,P08,8,3822.0,8.33,1,41.0,0,8.0,33.0,20,4,Staples,Basmati Rice 5Kg,India Gate,520.0,415.0,365.0,SUP006,Mumbai,Hypermarket,28500,3400.0,West,29.1,20.9,0,0,1,0,5,1,8,1.0,4.0,2.4285714285714284,13.59,13.0,27.0,0
2026-08-23,S01,P08,2,1040.0,0.0,0,33.0,0,2.0,31.0,20,4,Staples,Basmati Rice 5Kg,India Gate,520.0,415.0,365.0,SUP006,Mumbai,Hypermarket,28500,3400.0,West,29.1,80.9,0,0,1,0,6,1,8,8.0,3.0,3.0,10.33,11.0,31.0,0
2026-08-24,S01,P08,9,4628.0,2.0,1,31.0,0,9.0,22.0,20,4,Staples,Basmati Rice 5Kg,India Gate,520.0,415.0,365.0,SUP006,Mumbai,Hypermarket,28500,3400.0,West,30.0,12.8,0,0,0,0,0,0,8,2.0,0.0,2.857142857142857,7.7,2.0,528.0,0
2026-08-08,S01,P09,3,525.0,0.0,0,36.0,0,3.0,33.0,25,3,Staples,Sunflower Oil 1L,Fortune,175.0,140.0,270.0,SUP006,Mumbai,Hypermarket,28500,3400.0,West,32.0,0.0,0,0,1,0,5,1,8,2.0,7.0,3.4285714285714284,9.62,8.0,46.0,0
2026-08-09,S01,P09,9,1513.75,3.33,1,33.0,0,10.0,23.0,25,3,Staples,Sunflower Oil 1L,Fortune,175.0,140.0,270.0,SUP006,Mumbai,Hypermarket,28500,3400.0,West,29.2,36.0,0,0,1,0,6,1,8,3.0,7.0,2.857142857142857,8.05,-2.0,40.0,0
2026-08-10,S01,P09,0,0.0,0.0,0,23.0,0,0.0,23.0,25,3,Staples,Sunflower Oil 1L,Fortune,175.0,140.0,270.0,SUP006,Mumbai,Hypermarket,28500,3400.0,West,30.4,6.4,0,0,0,0,0,0,8,9.0,3.0,3.142857142857143,7.32,-2.0,49.0,0
2026-08-11,S01,P09,4,665.0,6.67,1,23.0,0,4.0,19.0,25,3,Staples,Sunflower Oil 1L,Fortune,175.0,140.0,270.0,SUP006,Mumbai,Hypermarket,28500,3400.0,West,27.7,27.0,0,0,0,0,1,0,8,0.0,1.0,2.7142857142857144,7.0,-6.0,47.0,0
2026-08-12,S01,P09,2,350.0,0.0,0,19.0,55,2.0,72.0,25,3,Staples,Sunflower Oil 1L,Fortune,175.0,140.0,270.0,SUP006,Mumbai,Hypermarket,28500,3400.0,West,28.1,0.0,0,0,0,0,2,0,8,4.0,2.0,3.142857142857143,22.91,47.0,45.0,0
2026-08-13,S01,P09,4,656.25,8.33,1,72.0,0,4.0,68.0,25,3,Staples,Sunflower Oil 1L,Fortune,175.0,140.0,270.0,SUP006,Mumbai,Hypermarket,28500,3400.0,West,27.3,65.7,0,0,0,0,3,0,8,2.0,2.0,3.142857142857143,21.64,43.0,46.0,0
2026-08-14,S01,P09,12,1995.0,6.0,1,68.0,0,12.0,56.0,25,3,Staples,Sunflower Oil 1L,Fortune,175.0,140.0,270.0,SUP006,Mumbai,Hypermarket,28500,3400.0,West,31.4,36.9,0,0,0,0,4,0,8,4.0,2.0,3.4285714285714284,16.33,31.0,34.0,0
2026-08-15,S01,P09,15,2441.25,8.12,1,56.0,0,15.0,41.0,25,3,Staples,Sunflower Oil 1L,Fortune,175.0,140.0,270.0,SUP006,Mumbai,Hypermarket,28500,3400.0,West,29.4,0.0,1,1,1,0,5,1,8,12.0,3.0,4.857142857142857,8.44,16.0,28.0,0
2026-08-16,S01,P09,3,498.75,5.0,1,41.0,0,3.0,38.0,25,3,Staples,Sunflower Oil 1L,Fortune,175.0,140.0,270.0,SUP006,Mumbai,Hypermarket,28500,3400.0,West,29.1,75.8,0,0,1,0,6,1,8,15.0,9.0,6.571428571428571,5.78,13.0,33.0,0
2026-08-17,S01,P09,9,1365.0,10.0,1,38.0,0,9.0,29.0,25,3,Staples,Sunflower Oil 1L,Fortune,175.0,140.0,270.0,SUP006,Mumbai,Hypermarket,28500,3400.0,West,30.6,28.7,0,0,0,0,0,0,8,3.0,0.0,5.714285714285714,5.08,4.0,27.0,0
2026-08-18,S01,P09,2,350.0,0.0,0,29.0,0,2.0,27.0,25,3,Staples,Sunflower Oil 1L,Fortune,175.0,140.0,270.0,SUP006,Mumbai,Hypermarket,28500,3400.0,West,30.4,0.0,0,0,0,0,1,0,8,9.0,4.0,7.0,3.86,2.0,25.0,0
2026-08-19,S01,P09,0,0.0,0.0,0,27.0,0,0.0,27.0,25,3,Staples,Sunflower Oil 1L,Fortune,175.0,140.0,270.0,SUP006,Mumbai,Hypermarket,28500,3400.0,West,30.7,3.1,0,0,0,0,2,0,8,2.0,2.0,6.714285714285714,4.02,2.0,29.0,0
2026-08-20,S01,P09,5,805.0,5.0,1,27.0,0,5.0,22.0,25,3,Staples,Sunflower Oil 1L,Fortune,175.0,140.0,270.0,SUP006,Mumbai,Hypermarket,28500,3400.0,West,32.0,0.0,0,0,0,0,3,0,8,0.0,4.0,6.428571428571429,3.42,-3.0,36.0,0
2026-08-21,S01,P09,0,0.0,0.0,0,22.0,0,0.0,22.0,25,3,Staples,Sunflower Oil 1L,Fortune,175.0,140.0,270.0,SUP006,Mumbai,Hypermarket,28500,3400.0,West,28.9,24.3,0,0,0,0,4,0,8,5.0,12.0,6.571428571428571,3.35,-3.0,39.0,0
2026-08-22,S01,P09,9,1548.75,1.25,1,22.0,0,9.0,13.0,25,3,Staples,Sunflower Oil 1L,Fortune,175.0,140.0,270.0,SUP006,Mumbai,Hypermarket,28500,3400.0,West,29.1,20.9,0,0,1,0,5,1,8,0.0,15.0,4.857142857142857,2.68,-12.0,34.0,0
2026-08-23,S01,P09,8,1356.25,3.0,1,13.0,55,8.0,60.0,25,3,Staples,Sunflower Oil 1L,Fortune,175.0,140.0,270.0,SUP006,Mumbai,Hypermarket,28500,3400.0,West,29.1,80.9,0,0,1,0,6,1,8,9.0,3.0,4.0,15.0,35.0,40.0,0
2026-08-24,S01,P09,3,446.25,15.0,1,60.0,0,3.0,57.0,25,3,Staples,Sunflower Oil 1L,Fortune,175.0,140.0,270.0,SUP006,Mumbai,Hypermarket,28500,3400.0,West,30.0,12.8,0,0,0,0,0,0,8,8.0,9.0,4.714285714285714,12.09,32.0,38.0,0
2026-08-08,S01,P10,15,852.0,7.5,1,32.0,0,15.0,17.0,35,3,Snacks,Gold Biscuits,Parle,60.0,45.0,180.0,SUP_UNKNOWN,Mumbai,Hypermarket,28500,3400.0,West,32.0,0.0,0,0,1,0,5,1,8,2.0,10.0,6.142857142857143,2.77,-18.0,39.0,0
2026-08-09,S01,P10,1,54.0,10.0,1,17.0,80,1.0,96.0,35,3,Snacks,Gold Biscuits,Parle,60.0,45.0,180.0,SUP_UNKNOWN,Mumbai,Hypermarket,28500,3400.0,West,29.2,36.0,0,0,1,0,6,1,8,15.0,4.0,6.857142857142857,14.0,61.0,39.0,0
2026-08-10,S01,P10,0,0.0,0.0,0,96.0,0,0.0,96.0,35,3,Snacks,Gold Biscuits,Parle,60.0,45.0,180.0,SUP_UNKNOWN,Mumbai,Hypermarket,28500,3400.0,West,30.4,6.4,0,0,0,0,0,0,8,1.0,3.0,6.428571428571429,14.93,61.0,41.0,0
2026-08-11,S01,P10,7,384.0,10.0,1,96.0,0,7.0,89.0,35,3,Snacks,Gold Biscuits,Parle,60.0,45.0,180.0,SUP_UNKNOWN,Mumbai,Hypermarket,28500,3400.0,West,27.7,27.0,0,0,0,0,1,0,8,0.0,7.0,6.0,14.83,54.0,37.0,0
2026-08-12,S01,P10,8,450.0,5.0,1,89.0,0,8.0,81.0,35,3,Snacks,Gold Biscuits,Parle,60.0,45.0,180.0,SUP_UNKNOWN,Mumbai,Hypermarket,28500,3400.0,West,28.1,0.0,0,0,0,0,2,0,8,7.0,11.0,6.0,13.5,46.0,31.0,0
2026-08-13,S01,P10,7,405.0,3.75,1,81.0,0,7.0,74.0,35,3,Snacks,Gold Biscuits,Parle,60.0,45.0,180.0,SUP_UNKNOWN,Mumbai,Hypermarket,28500,3400.0,West,27.3,65.7,0,0,0,0,3,0,8,8.0,6.0,5.571428571428571,13.28,39.0,36.0,0
2026-08-14,S01,P10,5,279.0,8.75,1,74.0,0,5.0,69.0,35,3,Snacks,Gold Biscuits,Parle,60.0,45.0,180.0,SUP_UNKNOWN,Mumbai,Hypermarket,28500,3400.0,West,31.4,36.9,0,0,0,0,4,0,8,7.0,2.0,5.714285714285714,12.08,34.0,37.0,0
2026-08-15,S01,P10,11,633.0,3.75,1,69.0,0,11.0,58.0,35,3,Snacks,Gold Biscuits,Parle,60.0,45.0,180.0,SUP_UNKNOWN,Mumbai,Hypermarket,28500,3400.0,West,29.4,0.0,1,1,1,0,5,1,8,5.0,15.0,6.142857142857143,9.44,23.0,36.0,0
2026-08-16,S01,P10,1,60.0,0.0,0,58.0,0,1.0,57.0,35,3,Snacks,Gold Biscuits,Parle,60.0,45.0,180.0,SUP_UNKNOWN,Mumbai,Hypermarket,28500,3400.0,West,29.1,75.8,0,0,1,0,6,1,8,11.0,1.0,5.571428571428571,10.23,22.0,46.0,0
2026-08-17,S01,P10,2,114.0,5.0,1,57.0,0,2.0,55.0,35,3,Snacks,Gold Biscuits,Parle,60.0,45.0,180.0,SUP_UNKNOWN,Mumbai,Hypermarket,28500,3400.0,West,30.6,28.7,0,0,0,0,0,0,8,1.0,0.0,5.571428571428571,9.87,20.0,52.0,0
2026-08-18,S01,P10,3,177.0,1.67,1,55.0,0,3.0,52.0,35,3,Snacks,Gold Biscuits,Parle,60.0,45.0,180.0,SUP_UNKNOWN,Mumbai,Hypermarket,28500,3400.0,West,30.4,0.0,0,0,0,0,1,0,8,2.0,7.0,5.857142857142857,8.88,17.0,53.0,0
2026-08-19,S01,P10,2,108.0,10.0,1,52.0,0,2.0,50.0,35,3,Snacks,Gold Biscuits,Parle,60.0,45.0,180.0,SUP_UNKNOWN,Mumbai,Hypermarket,28500,3400.0,West,30.7,3.1,0,0,0,0,2,0,8,3.0,8.0,5.285714285714286,9.46,15.0,54.0,0
2026-08-20,S01,P10,12,705.0,2.5,1,50.0,0,12.0,38.0,35,3,Snacks,Gold Biscuits,Parle,60.0,45.0,180.0,SUP_UNKNOWN,Mumbai,Hypermarket,28500,3400.0,West,32.0,0.0,0,0,0,0,3,0,8,2.0,7.0,4.428571428571429,8.58,3.0,48.0,0
2026-08-21,S01,P10,6,357.0,1.67,1,38.0,0,6.0,32.0,35,3,Snacks,Gold Biscuits,Parle,60.0,45.0,180.0,SUP_UNKNOWN,Mumbai,Hypermarket,28500,3400.0,West,28.9,24.3,0,0,0,0,4,0,8,12.0,5.0,5.142857142857143,6.22,-3.0,45.0,0
2026-08-22,S01,P10,10,555.0,25.0,1,32.0,0,12.0,20.0,35,3,Snacks,Gold Biscuits,Parle,60.0,45.0,180.0,SUP_UNKNOWN,Mumbai,Hypermarket,28500,3400.0,West,29.1,20.9,0,0,1,0,5,1,8,6.0,11.0,5.285714285714286,3.78,-15.0,41.0,0
2026-08-23,S01,P10,11,642.0,4.0,1,20.0,0,11.0,9.0,35,3,Snacks,Gold Biscuits,Parle,60.0,45.0,180.0,SUP_UNKNOWN,Mumbai,Hypermarket,28500,3400.0,West,29.1,80.9,0,0,1,0,6,1,8,10.0,1.0,5.142857142857143,1.75,-26.0,36.0,0
2026-08-24,S01,P10,8,447.0,6.0,1,9.0,80,8.0,81.0,35,3,Snacks,Gold Biscuits,Parle,60.0,45.0,180.0,SUP_UNKNOWN,Mumbai,Hypermarket,28500,3400.0,West,30.0,12.8,0,0,0,0,0,0,8,11.0,2.0,6.571428571428571,12.33,46.0,31.0,0
2026-08-08,S02,P01,14,877.8,4.29,1,67.0,0,14.0,53.0,40,1,Dairy,Fresh Milk,Amul,66.0,52.0,3.0,SUP001,Delhi,Supermarket,16200,2250.0,North,33.5,9.2,0,0,1,0,5,1,8,13.0,23.0,17.571428571428573,3.02,13.0,214.0,0
2026-08-09,S02,P01,26,1626.9,5.0,1,53.0,0,26.0,27.0,40,1,Dairy,Fresh Milk,Amul,66.0,52.0,3.0,SUP001,Delhi,Supermarket,16200,2250.0,North,33.9,0.0,0,0,1,0,6,1,8,14.0,33.0,16.285714285714285,1.66,-13.0,213.0,0
2026-08-10,S02,P01,19,1174.8,5.42,1,27.0,100,19.0,108.0,40,1,Dairy,Fresh Milk,Amul,66.0,52.0,3.0,SUP001,Delhi,Supermarket,16200,2250.0,North,33.9,0.0,0,0,0,0,0,0,8,26.0,13.0,15.285714285714286,7.07,68.0,200.0,0
2026-08-11,S02,P01,12,732.6,5.83,1,108.0,0,12.0,96.0,40,1,Dairy,Fresh Milk,Amul,66.0,52.0,3.0,SUP001,Delhi,Supermarket,16200,2250.0,North,32.2,22.1,0,0,0,0,1,0,8,19.0,20.0,16.142857142857142,5.95,56.0,209.0,0
2026-08-12,S02,P01,26,1620.3,3.46,1,96.0,0,26.0,70.0,40,1,Dairy,Fresh Milk,Amul,66.0,52.0,3.0,SUP001,Delhi,Supermarket,16200,2250.0,North,32.6,32.2,0,0,0,0,2,0,8,12.0,6.0,15.0,4.67,30.0,197.0,0
2026-08-13,S02,P01,27,1699.5,6.0,1,70.0,0,27.0,43.0,40,1,Dairy,Fresh Milk,Amul,66.0,52.0,3.0,SUP001,Delhi,Supermarket,16200,2250.0,North,30.8,0.0,0,0,0,0,3,0,8,26.0,15.0,17.857142857142858,2.41,3.0,191.0,0
2026-08-14,S02,P01,7,455.4,1.67,1,43.0,0,7.0,36.0,40,1,Dairy,Fresh Milk,Amul,66.0,52.0,3.0,SUP001,Delhi,Supermarket,16200,2250.0,North,15.0,40.4,0,0,0,0,4,0,8,27.0,13.0,19.571428571428573,1.84,-4.0,191.0,0
2026-08-15,S02,P01,97,5563.8,6.56,1,36.0,100,97.0,39.0,40,1,Dairy,Fresh Milk,Amul,66.0,52.0,3.0,SUP001,Delhi,Supermarket,16200,2250.0,North,33.8,0.0,1,1,1,0,5,1,8,7.0,14.0,18.714285714285715,2.08,-1.0,113.0,0
2026-08-16,S02,P01,25,1587.3,11.07,1,39.0,100,25.0,114.0,40,1,Dairy,Fresh Milk,Amul,66.0,52.0,3.0,SUP001,Delhi,Supermarket,16200,2250.0,North,34.5,0.0,0,0,1,0,6,1,8,97.0,26.0,30.571428571428573,3.73,74.0,232.0,0
2026-08-17,S02,P01,6,389.4,2.0,1,114.0,0,6.0,108.0,40,1,Dairy,Fresh Milk,Amul,66.0,52.0,3.0,SUP001,Delhi,Supermarket,16200,2250.0,North,36.4,22.5,0,0,0,0,0,0,8,25.0,19.0,30.428571428571427,3.55,68.0,239.0,0
2026-08-18,S02,P01,21,1306.8,5.0,1,108.0,0,21.0,87.0,40,1,Dairy,Fresh Milk,Amul,66.0,52.0,3.0,SUP001,Delhi,Supermarket,16200,2250.0,North,40.1,0.0,0,0,0,0,1,0,8,6.0,12.0,28.571428571428573,3.04,47.0,229.0,0
2026-08-19,S02,P01,14,874.5,6.0,1,87.0,0,14.0,73.0,40,1,Dairy,Fresh Milk,Amul,66.0,52.0,3.0,SUP001,Delhi,Supermarket,16200,2250.0,North,30.3,5.8,0,0,0,0,2,0,8,21.0,26.0,29.857142857142858,2.44,33.0,230.0,0
2026-08-20,S02,P01,21,1323.3,5.83,1,73.0,0,21.0,52.0,40,1,Dairy,Fresh Milk,Amul,66.0,52.0,3.0,SUP001,Delhi,Supermarket,16200,2250.0,North,34.7,46.4,0,0,0,0,3,0,8,14.0,27.0,28.142857142857142,1.85,12.0,213.0,0
2026-08-21,S02,P01,7,442.2,5.0,1,52.0,0,7.0,45.0,40,1,Dairy,Fresh Milk,Amul,66.0,52.0,3.0,SUP001,Delhi,Supermarket,16200,2250.0,North,32.6,0.0,0,0,0,0,4,0,8,21.0,7.0,27.285714285714285,1.65,5.0,226.0,0
2026-08-22,S02,P01,19,1184.7,5.0,1,45.0,0,19.0,26.0,40,1,Dairy,Fresh Milk,Amul,66.0,52.0,3.0,SUP001,Delhi,Supermarket,16200,2250.0,North,36.6,17.9,0,0,1,0,5,1,8,7.0,97.0,27.285714285714285,0.95,-14.0,223.0,0
2026-08-23,S02,P01,144,9441.3,4.69,1,26.0,100,144.0,0.0,40,1,Dairy,Fresh Milk,Amul,66.0,52.0,3.0,SUP001,Delhi,Supermarket,16200,2250.0,North,33.3,0.0,0,0,1,0,6,1,8,19.0,25.0,16.142857142857142,0.0,-40.0,103.0,1
2026-08-24,S02,P01,13,821.7,4.55,1,0.0,100,13.0,87.0,40,1,Dairy,Fresh Milk,Amul,66.0,52.0,3.0,SUP001,Delhi,Supermarket,16200,2250.0,North,32.1,0.0,0,0,0,0,0,0,8,144.0,6.0,33.142857142857146,2.62,47.0,99.0,0
2026-08-08,S02,P02,4,948.75,13.75,1,15.0,0,4.0,11.0,25,3,Dairy,Butter,Amul,275.0,235.0,180.0,SUP001,Delhi,Supermarket,16200,2250.0,North,33.5,9.2,0,0,1,0,5,1,8,5.0,8.0,7.714285714285714,1.43,-14.0,26.0,0
2026-08-09,S02,P02,2,495.0,10.0,1,11.0,60,2.0,69.0,25,3,Dairy,Butter,Amul,275.0,235.0,180.0,SUP001,Delhi,Supermarket,16200,2250.0,North,33.9,0.0,0,0,1,0,6,1,8,4.0,11.0,7.142857142857143,9.66,44.0,30.0,0
2026-08-10,S02,P02,2,550.0,0.0,0,69.0,0,2.0,67.0,25,3,Dairy,Butter,Amul,275.0,235.0,180.0,SUP001,Delhi,Supermarket,16200,2250.0,North,33.9,0.0,0,0,0,0,0,0,8,2.0,3.0,5.857142857142857,11.44,42.0,32.0,0
2026-08-11,S02,P02,2,536.25,2.5,1,67.0,0,2.0,65.0,25,3,Dairy,Butter,Amul,275.0,235.0,180.0,SUP001,Delhi,Supermarket,16200,2250.0,North,32.2,22.1,0,0,0,0,1,0,8,2.0,8.0,5.714285714285714,11.38,40.0,38.0,0
2026-08-12,S02,P02,5,1237.5,7.5,1,65.0,0,5.0,60.0,25,3,Dairy,Butter,Amul,275.0,235.0,180.0,SUP001,Delhi,Supermarket,16200,2250.0,North,32.6,32.2,0,0,0,0,2,0,8,2.0,10.0,4.857142857142857,12.35,35.0,41.0,0
2026-08-13,S02,P02,4,1100.0,0.0,0,60.0,0,4.0,56.0,25,3,Dairy,Butter,Amul,275.0,235.0,180.0,SUP001,Delhi,Supermarket,16200,2250.0,North,30.8,0.0,0,0,0,0,3,0,8,5.0,9.0,4.142857142857143,13.52,31.0,39.0,0
2026-08-14,S02,P02,5,1265.0,5.0,1,56.0,0,5.0,51.0,25,3,Dairy,Butter,Amul,275.0,235.0,180.0,SUP001,Delhi,Supermarket,16200,2250.0,North,15.0,40.4,0,0,0,0,4,0,8,4.0,5.0,3.4285714285714284,14.88,26.0,42.0,0
2026-08-15,S02,P02,6,1608.75,2.0,1,51.0,0,6.0,45.0,25,3,Dairy,Butter,Amul,275.0,235.0,180.0,SUP001,Delhi,Supermarket,16200,2250.0,North,33.8,0.0,1,1,1,0,5,1,8,5.0,4.0,3.4285714285714284,13.12,20.0,47.0,0
2026-08-16,S02,P02,6,1498.75,10.0,1,45.0,0,6.0,39.0,25,3,Dairy,Butter,Amul,275.0,235.0,180.0,SUP001,Delhi,Supermarket,16200,2250.0,North,34.5,0.0,0,0,1,0,6,1,8,6.0,2.0,3.7142857142857144,10.5,14.0,47.0,0
2026-08-17,S02,P02,4,962.5,15.0,1,39.0,0,4.0,35.0,25,3,Dairy,Butter,Amul,275.0,235.0,180.0,SUP001,Delhi,Supermarket,16200,2250.0,North,36.4,22.5,0,0,0,0,0,0,8,6.0,2.0,4.285714285714286,8.17,10.0,49.0,0
2026-08-18,S02,P02,8,2021.25,6.25,1,35.0,0,8.0,27.0,25,3,Dairy,Butter,Amul,275.0,235.0,180.0,SUP001,Delhi,Supermarket,16200,2250.0,North,40.1,0.0,0,0,0,0,1,0,8,4.0,2.0,4.571428571428571,5.91,2.0,55.0,0
2026-08-19,S02,P02,8,1925.0,6.25,1,27.0,0,8.0,19.0,25,3,Dairy,Butter,Amul,275.0,235.0,180.0,SUP001,Delhi,Supermarket,16200,2250.0,North,30.3,5.8,0,0,0,0,2,0,8,8.0,5.0,5.428571428571429,3.5,-6.0,53.0,0
2026-08-20,S02,P02,2,467.5,15.0,1,19.0,0,2.0,17.0,25,3,Dairy,Butter,Amul,275.0,235.0,180.0,SUP001,Delhi,Supermarket,16200,2250.0,North,34.7,46.4,0,0,0,0,3,0,8,8.0,4.0,5.857142857142857,2.9,-8.0,56.0,0
2026-08-21,S02,P02,8,2117.5,5.0,1,17.0,0,8.0,9.0,25,3,Dairy,Butter,Amul,275.0,235.0,180.0,SUP001,Delhi,Supermarket,16200,2250.0,North,32.6,0.0,0,0,0,0,4,0,8,2.0,5.0,5.571428571428571,1.62,-16.0,53.0,0
2026-08-22,S02,P02,11,2942.5,2.5,1,9.0,60,11.0,58.0,25,3,Dairy,Butter,Amul,275.0,235.0,180.0,SUP001,Delhi,Supermarket,16200,2250.0,North,36.6,17.9,0,0,1,0,5,1,8,8.0,6.0,6.0,9.67,33.0,52.0,0
2026-08-23,S02,P02,6,1608.75,3.75,1,58.0,0,6.0,52.0,25,3,Dairy,Butter,Amul,275.0,235.0,180.0,SUP001,Delhi,Supermarket,16200,2250.0,North,33.3,0.0,0,0,1,0,6,1,8,11.0,6.0,6.714285714285714,7.74,27.0,50.0,0
2026-08-24,S02,P02,6,1567.5,5.0,1,52.0,0,6.0,46.0,25,3,Dairy,Butter,Amul,275.0,235.0,180.0,SUP001,Delhi,Supermarket,16200,2250.0,North,32.1,0.0,0,0,0,0,0,0,8,6.0,4.0,6.714285714285714,6.85,21.0,47.0,0
2026-08-08,S02,P03,19,821.25,2.78,1,72.0,0,19.0,53.0,45,1,Bakery,Whole Wheat Bread,Britannia,45.0,34.0,6.0,SUP002,Delhi,Supermarket,16200,2250.0,North,33.5,9.2,0,0,1,0,5,1,8,9.0,25.0,14.0,3.79,8.0,99.0,0
2026-08-09,S02,P03,15,643.5,5.71,1,53.0,0,15.0,38.0,45,1,Bakery,Whole Wheat Bread,Britannia,45.0,34.0,6.0,SUP002,Delhi,Supermarket,16200,2250.0,North,33.9,0.0,0,0,1,0,6,1,8,19.0,29.0,13.142857142857142,2.89,-7.0,103.0,0
2026-08-10,S02,P03,8,308.25,11.0,1,38.0,90,8.0,120.0,45,1,Bakery,Whole Wheat Bread,Britannia,45.0,34.0,6.0,SUP002,Delhi,Supermarket,16200,2250.0,North,33.9,0.0,0,0,0,0,0,0,8,15.0,9.0,11.142857142857142,10.77,75.0,105.0,0
2026-08-11,S02,P03,23,981.0,5.0,1,120.0,0,23.0,97.0,45,1,Bakery,Whole Wheat Bread,Britannia,45.0,34.0,6.0,SUP002,Delhi,Supermarket,16200,2250.0,North,32.2,22.1,0,0,0,0,1,0,8,8.0,5.0,11.0,8.82,52.0,93.0,0
2026-08-12,S02,P03,5,225.0,0.0,0,97.0,0,5.0,92.0,45,1,Bakery,Whole Wheat Bread,Britannia,45.0,34.0,6.0,SUP002,Delhi,Supermarket,16200,2250.0,North,32.6,32.2,0,0,0,0,2,0,8,23.0,11.0,13.571428571428571,6.78,47.0,97.0,0
2026-08-13,S02,P03,14,618.75,1.0,1,92.0,0,14.0,78.0,45,1,Bakery,Whole Wheat Bread,Britannia,45.0,34.0,6.0,SUP002,Delhi,Supermarket,16200,2250.0,North,30.8,0.0,0,0,0,0,3,0,8,5.0,10.0,12.714285714285714,6.13,33.0,105.0,0
2026-08-14,S02,P03,6,261.0,3.75,1,78.0,0,6.0,72.0,45,1,Bakery,Whole Wheat Bread,Britannia,45.0,34.0,6.0,SUP002,Delhi,Supermarket,16200,2250.0,North,15.0,40.4,0,0,0,0,4,0,8,14.0,9.0,13.285714285714286,5.42,27.0,109.0,0
2026-08-15,S02,P03,28,1181.25,7.33,1,72.0,0,28.0,44.0,45,1,Bakery,Whole Wheat Bread,Britannia,45.0,34.0,6.0,SUP002,Delhi,Supermarket,16200,2250.0,North,33.8,0.0,1,1,1,0,5,1,8,6.0,19.0,12.857142857142858,3.42,-1.0,100.0,0
2026-08-16,S02,P03,19,801.0,6.88,1,44.0,90,19.0,115.0,45,1,Bakery,Whole Wheat Bread,Britannia,45.0,34.0,6.0,SUP002,Delhi,Supermarket,16200,2250.0,North,34.5,0.0,0,0,1,0,6,1,8,28.0,15.0,14.142857142857142,8.13,70.0,95.0,0
2026-08-17,S02,P03,10,418.5,6.67,1,115.0,0,10.0,105.0,45,1,Bakery,Whole Wheat Bread,Britannia,45.0,34.0,6.0,SUP002,Delhi,Supermarket,16200,2250.0,North,36.4,22.5,0,0,0,0,0,0,8,19.0,8.0,14.714285714285714,7.14,60.0,88.0,0
2026-08-18,S02,P03,11,479.25,3.57,1,105.0,0,11.0,94.0,45,1,Bakery,Whole Wheat Bread,Britannia,45.0,34.0,6.0,SUP002,Delhi,Supermarket,16200,2250.0,North,40.1,0.0,0,0,0,0,1,0,8,10.0,23.0,15.0,6.27,49.0,84.0,0
2026-08-19,S02,P03,9,378.0,7.5,1,94.0,0,9.0,85.0,45,1,Bakery,Whole Wheat Bread,Britannia,45.0,34.0,6.0,SUP002,Delhi,Supermarket,16200,2250.0,North,30.3,5.8,0,0,0,0,2,0,8,11.0,5.0,13.285714285714286,6.4,40.0,84.0,0
2026-08-20,S02,P03,22,969.75,2.92,1,85.0,0,22.0,63.0,45,1,Bakery,Whole Wheat Bread,Britannia,45.0,34.0,6.0,SUP002,Delhi,Supermarket,16200,2250.0,North,34.7,46.4,0,0,0,0,3,0,8,9.0,14.0,13.857142857142858,4.55,18.0,69.0,0
2026-08-21,S02,P03,10,443.25,3.0,1,63.0,0,10.0,53.0,45,1,Bakery,Whole Wheat Bread,Britannia,45.0,34.0,6.0,SUP002,Delhi,Supermarket,16200,2250.0,North,32.6,0.0,0,0,0,0,4,0,8,22.0,6.0,15.0,3.53,8.0,87.0,0
2026-08-22,S02,P03,19,814.5,5.42,1,53.0,0,19.0,34.0,45,1,Bakery,Whole Wheat Bread,Britannia,45.0,34.0,6.0,SUP002,Delhi,Supermarket,16200,2250.0,North,36.6,17.9,0,0,1,0,5,1,8,10.0,28.0,15.571428571428571,2.18,-11.0,79.0,0
2026-08-23,S02,P03,14,605.25,3.12,1,34.0,90,14.0,110.0,45,1,Bakery,Whole Wheat Bread,Britannia,45.0,34.0,6.0,SUP002,Delhi,Supermarket,16200,2250.0,North,33.3,0.0,0,0,1,0,6,1,8,19.0,19.0,14.285714285714286,7.7,65.0,85.0,0
2026-08-24,S02,P03,3,135.0,0.0,0,110.0,0,3.0,107.0,45,1,Bakery,Whole Wheat Bread,Britannia,45.0,34.0,6.0,SUP002,Delhi,Supermarket,16200,2250.0,North,32.1,0.0,0,0,0,0,0,0,8,14.0,10.0,13.571428571428571,7.88,62.0,87.0,0
2026-08-08,S02,P04,0,0.0,0.0,0,83.0,0,0.0,83.0,30,2,Produce,Royal Gala Apples,Farmfresh,180.0,130.0,12.0,SUP003,Delhi,Supermarket,16200,2250.0,North,33.5,9.2,0,0,1,0,5,1,8,9.0,5.0,7.428571428571429,11.17,53.0,41.0,0
2026-08-09,S02,P04,2,360.0,0.0,0,83.0,0,2.0,81.0,30,2,Produce,Royal Gala Apples,Farmfresh,180.0,130.0,12.0,SUP003,Delhi,Supermarket,16200,2250.0,North,33.9,0.0,0,0,1,0,6,1,8,0.0,9.0,6.714285714285714,12.06,51.0,47.0,0
2026-08-10,S02,P04,4,630.0,13.33,1,81.0,0,4.0,77.0,30,2,Produce,Royal Gala Apples,Farmfresh,180.0,130.0,12.0,SUP003,Delhi,Supermarket,16200,2250.0,North,33.9,0.0,0,0,0,0,0,0,8,2.0,5.0,5.714285714285714,13.48,47.0,47.0,0
2026-08-11,S02,P04,3,468.0,10.0,1,77.0,0,3.0,74.0,30,2,Produce,Royal Gala Apples,Farmfresh,180.0,130.0,12.0,SUP003,Delhi,Supermarket,16200,2250.0,North,32.2,22.1,0,0,0,0,1,0,8,4.0,8.0,5.571428571428571,13.28,44.0,51.0,0
2026-08-12,S02,P04,5,864.0,3.33,1,74.0,0,5.0,69.0,30,2,Produce,Royal Gala Apples,Farmfresh,180.0,130.0,12.0,SUP003,Delhi,Supermarket,16200,2250.0,North,32.6,32.2,0,0,0,0,2,0,8,3.0,11.0,4.857142857142857,14.21,39.0,50.0,0
2026-08-13,S02,P04,12,1935.0,13.75,1,69.0,0,12.0,57.0,30,2,Produce,Royal Gala Apples,Farmfresh,180.0,130.0,12.0,SUP003,Delhi,Supermarket,16200,2250.0,North,30.8,0.0,0,0,0,0,3,0,8,5.0,5.0,4.0,14.25,27.0,47.0,0
2026-08-14,S02,P04,6,1053.0,3.75,1,57.0,0,6.0,51.0,30,2,Produce,Royal Gala Apples,Farmfresh,180.0,130.0,12.0,SUP003,Delhi,Supermarket,16200,2250.0,North,15.0,40.4,0,0,0,0,4,0,8,12.0,9.0,5.0,10.2,21.0,55.0,0
2026-08-15,S02,P04,9,1512.0,4.29,1,51.0,0,9.0,42.0,30,2,Produce,Royal Gala Apples,Farmfresh,180.0,130.0,12.0,SUP003,Delhi,Supermarket,16200,2250.0,North,33.8,0.0,1,1,1,0,5,1,8,6.0,0.0,4.571428571428571,9.19,12.0,49.0,0
2026-08-16,S02,P04,8,1368.0,5.0,1,42.0,0,10.0,32.0,30,2,Produce,Royal Gala Apples,Farmfresh,180.0,130.0,12.0,SUP003,Delhi,Supermarket,16200,2250.0,North,34.5,0.0,0,0,1,0,6,1,8,9.0,2.0,5.857142857142857,5.46,2.0,56.0,0
2026-08-17,S02,P04,4,711.0,1.25,1,32.0,0,4.0,28.0,30,2,Produce,Royal Gala Apples,Farmfresh,180.0,130.0,12.0,SUP003,Delhi,Supermarket,16200,2250.0,North,36.4,22.5,0,0,0,0,0,0,8,8.0,4.0,6.714285714285714,4.17,-2.0,59.0,0
2026-08-18,S02,P04,7,1188.0,5.0,1,28.0,0,7.0,21.0,30,2,Produce,Royal Gala Apples,Farmfresh,180.0,130.0,12.0,SUP003,Delhi,Supermarket,16200,2250.0,North,40.1,0.0,0,0,0,0,1,0,8,4.0,3.0,6.714285714285714,3.13,-9.0,55.0,0
2026-08-19,S02,P04,4,360.0,0.0,0,21.0,70,4.0,87.0,30,2,Produce,Royal Gala Apples,Farmfresh,180.0,130.0,12.0,SUP003,Delhi,Supermarket,16200,2250.0,North,30.3,5.8,0,0,0,0,2,0,8,7.0,5.0,7.285714285714286,11.94,57.0,61.0,0
2026-08-20,S02,P04,9,1575.0,2.5,1,87.0,0,9.0,78.0,30,2,Produce,Royal Gala Apples,Farmfresh,180.0,130.0,12.0,SUP003,Delhi,Supermarket,16200,2250.0,North,34.7,46.4,0,0,0,0,3,0,8,4.0,12.0,7.142857142857143,10.92,48.0,57.0,0
2026-08-21,S02,P04,14,2484.0,1.43,1,78.0,0,14.0,64.0,30,2,Produce,Royal Gala Apples,Farmfresh,180.0,130.0,12.0,SUP003,Delhi,Supermarket,16200,2250.0,North,32.6,0.0,0,0,0,0,4,0,8,9.0,6.0,6.714285714285714,9.53,34.0,53.0,0
2026-08-22,S02,P04,3,531.0,1.67,1,64.0,0,3.0,61.0,30,2,Produce,Royal Gala Apples,Farmfresh,180.0,130.0,12.0,SUP003,Delhi,Supermarket,16200,2250.0,North,36.6,17.9,0,0,1,0,5,1,8,14.0,9.0,7.857142857142857,7.76,31.0,56.0,0
2026-08-23,S02,P04,15,2682.0,1.67,1,61.0,0,15.0,46.0,30,2,Produce,Royal Gala Apples,Farmfresh,180.0,130.0,12.0,SUP003,Delhi,Supermarket,16200,2250.0,North,33.3,0.0,0,0,1,0,6,1,8,3.0,8.0,7.0,6.57,16.0,53.0,0
2026-08-24,S02,P04,7,1215.0,5.0,1,46.0,0,7.0,39.0,30,2,Produce,Royal Gala Apples,Farmfresh,180.0,130.0,12.0,SUP003,Delhi,Supermarket,16200,2250.0,North,32.1,0.0,0,0,0,0,0,0,8,15.0,4.0,8.0,4.88,9.0,46.0,0
2026-08-08,S02,P05,14,552.0,1.67,1,51.0,0,14.0,37.0,50,2,Produce,Organic Potatoes,Greenfields,40.0,25.0,12.0,SUP003,Delhi,Supermarket,16200,2250.0,North,33.5,9.2,0,0,1,0,5,1,8,3.0,16.0,8.285714285714286,4.47,-13.0,68.0,0
2026-08-09,S02,P05,16,616.0,3.75,1,37.0,0,16.0,21.0,50,2,Produce,Organic Potatoes,Greenfields,40.0,25.0,12.0,SUP003,Delhi,Supermarket,16200,2250.0,North,33.9,0.0,0,0,1,0,6,1,8,14.0,12.0,8.0,2.62,-29.0,62.0,0
2026-08-10,S02,P05,6,228.0,5.0,1,21.0,120,6.0,135.0,50,2,Produce,Organic Potatoes,Greenfields,40.0,25.0,12.0,SUP003,Delhi,Supermarket,16200,2250.0,North,33.9,0.0,0,0,0,0,0,0,8,16.0,7.0,8.571428571428571,15.75,85.0,65.0,0
2026-08-11,S02,P05,7,272.0,4.0,1,135.0,0,7.0,128.0,50,2,Produce,Organic Potatoes,Greenfields,40.0,25.0,12.0,SUP003,Delhi,Supermarket,16200,2250.0,North,32.2,22.1,0,0,0,0,1,0,8,6.0,4.0,8.428571428571429,15.19,78.0,63.0,0
2026-08-12,S02,P05,7,274.0,5.0,1,128.0,0,7.0,121.0,50,2,Produce,Organic Potatoes,Greenfields,40.0,25.0,12.0,SUP003,Delhi,Supermarket,16200,2250.0,North,32.6,32.2,0,0,0,0,2,0,8,7.0,5.0,8.857142857142858,13.66,71.0,67.0,0
2026-08-13,S02,P05,8,296.0,7.14,1,121.0,0,8.0,113.0,50,2,Produce,Organic Potatoes,Greenfields,40.0,25.0,12.0,SUP003,Delhi,Supermarket,16200,2250.0,North,30.8,0.0,0,0,0,0,3,0,8,7.0,11.0,9.142857142857142,12.36,63.0,62.0,0
2026-08-14,S02,P05,14,508.0,10.56,1,113.0,0,14.0,99.0,50,2,Produce,Organic Potatoes,Greenfields,40.0,25.0,12.0,SUP003,Delhi,Supermarket,16200,2250.0,North,15.0,40.4,0,0,0,0,4,0,8,8.0,3.0,8.714285714285714,11.36,49.0,57.0,0
2026-08-15,S02,P05,10,386.0,2.5,1,99.0,0,10.0,89.0,50,2,Produce,Organic Potatoes,Greenfields,40.0,25.0,12.0,SUP003,Delhi,Supermarket,16200,2250.0,North,33.8,0.0,1,1,1,0,5,1,8,14.0,14.0,10.285714285714286,8.65,39.0,60.0,0
2026-08-16,S02,P05,10,372.0,5.0,1,89.0,0,10.0,79.0,50,2,Produce,Organic Potatoes,Greenfields,40.0,25.0,12.0,SUP003,Delhi,Supermarket,16200,2250.0,North,34.5,0.0,0,0,1,0,6,1,8,10.0,16.0,9.714285714285714,8.13,29.0,59.0,0
2026-08-17,S02,P05,9,344.0,5.0,1,79.0,0,9.0,70.0,50,2,Produce,Organic Potatoes,Greenfields,40.0,25.0,12.0,SUP003,Delhi,Supermarket,16200,2250.0,North,36.4,22.5,0,0,0,0,0,0,8,10.0,6.0,8.857142857142858,7.9,20.0,62.0,0
2026-08-18,S02,P05,5,194.0,3.75,1,70.0,0,5.0,65.0,50,2,Produce,Organic Potatoes,Greenfields,40.0,25.0,12.0,SUP003,Delhi,Supermarket,16200,2250.0,North,40.1,0.0,0,0,0,0,1,0,8,9.0,7.0,9.285714285714286,7.0,15.0,69.0,0
2026-08-19,S02,P05,11,406.0,8.57,1,65.0,0,11.0,54.0,50,2,Produce,Organic Potatoes,Greenfields,40.0,25.0,12.0,SUP003,Delhi,Supermarket,16200,2250.0,North,30.3,5.8,0,0,0,0,2,0,8,5.0,7.0,9.0,6.0,4.0,67.0,0
2026-08-20,S02,P05,3,118.0,1.67,1,54.0,0,3.0,51.0,50,2,Produce,Organic Potatoes,Greenfields,40.0,25.0,12.0,SUP003,Delhi,Supermarket,16200,2250.0,North,34.7,46.4,0,0,0,0,3,0,8,11.0,8.0,9.571428571428571,5.33,1.0,70.0,0
2026-08-21,S02,P05,9,336.0,5.0,1,51.0,0,9.0,42.0,50,2,Produce,Organic Potatoes,Greenfields,40.0,25.0,12.0,SUP003,Delhi,Supermarket,16200,2250.0,North,32.6,0.0,0,0,0,0,4,0,8,3.0,14.0,8.857142857142858,4.74,-8.0,69.0,0
2026-08-22,S02,P05,13,512.0,1.43,1,42.0,0,13.0,29.0,50,2,Produce,Organic Potatoes,Greenfields,40.0,25.0,12.0,SUP003,Delhi,Supermarket,16200,2250.0,North,36.6,17.9,0,0,1,0,5,1,8,9.0,10.0,8.142857142857142,3.56,-21.0,69.0,0
2026-08-23,S02,P05,9,356.0,1.25,1,29.0,120,9.0,140.0,50,2,Produce,Organic Potatoes,Greenfields,40.0,25.0,12.0,SUP003,Delhi,Supermarket,16200,2250.0,North,33.3,0.0,0,0,1,0,6,1,8,13.0,10.0,8.571428571428571,16.33,90.0,76.0,0
2026-08-24,S02,P05,12,438.0,9.29,1,140.0,0,12.0,128.0,50,2,Produce,Organic Potatoes,Greenfields,40.0,25.0,12.0,SUP003,Delhi,Supermarket,16200,2250.0,North,32.1,0.0,0,0,0,0,0,0,8,9.0,9.0,8.428571428571429,15.19,78.0,72.0,0
2026-08-08,S02,P06,5,1666.0,3.33,1,30.0,0,5.0,25.0,20,4,Beverages,Tea Gold,Tata,340.0,270.0,365.0,SUP004,Delhi,Supermarket,16200,2250.0,North,33.5,9.2,0,0,1,0,5,1,8,6.0,6.0,3.5714285714285716,7.0,5.0,26.0,0
2026-08-09,S02,P06,3,1020.0,0.0,0,25.0,0,3.0,22.0,20,4,Beverages,Tea Gold,Tata,340.0,270.0,365.0,SUP004,Delhi,Supermarket,16200,2250.0,North,33.9,0.0,0,0,1,0,6,1,8,5.0,6.0,3.4285714285714284,6.42,2.0,30.0,0
2026-08-10,S02,P06,9,2839.0,5.83,1,22.0,0,9.0,13.0,20,4,Beverages,Tea Gold,Tata,340.0,270.0,365.0,SUP004,Delhi,Supermarket,16200,2250.0,North,33.9,0.0,0,0,0,0,0,0,8,3.0,2.0,3.0,4.33,-7.0,23.0,0
2026-08-11,S02,P06,1,340.0,0.0,0,13.0,0,1.0,12.0,20,4,Beverages,Tea Gold,Tata,340.0,270.0,365.0,SUP004,Delhi,Supermarket,16200,2250.0,North,32.2,22.1,0,0,0,0,1,0,8,9.0,0.0,4.0,3.0,-8.0,23.0,0
2026-08-12,S02,P06,2,680.0,0.0,0,12.0,0,2.0,10.0,20,4,Beverages,Tea Gold,Tata,340.0,270.0,365.0,SUP004,Delhi,Supermarket,16200,2250.0,North,32.6,32.2,0,0,0,0,2,0,8,1.0,0.0,4.142857142857143,2.41,-10.0,27.0,0
2026-08-13,S02,P06,4,1258.0,5.0,1,10.0,0,4.0,6.0,20,4,Beverages,Tea Gold,Tata,340.0,270.0,365.0,SUP004,Delhi,Supermarket,16200,2250.0,North,30.8,0.0,0,0,0,0,3,0,8,2.0,5.0,4.428571428571429,1.35,-14.0,24.0,0
2026-08-14,S02,P06,3,1020.0,0.0,0,6.0,50,3.0,53.0,20,4,Beverages,Tea Gold,Tata,340.0,270.0,365.0,SUP004,Delhi,Supermarket,16200,2250.0,North,15.0,40.4,0,0,0,0,4,0,8,4.0,6.0,4.285714285714286,12.37,33.0,27.0,0
2026-08-15,S02,P06,4,1343.0,1.67,1,53.0,0,4.0,49.0,20,4,Beverages,Tea Gold,Tata,340.0,270.0,365.0,SUP004,Delhi,Supermarket,16200,2250.0,North,33.8,0.0,1,1,1,0,5,1,8,3.0,5.0,3.857142857142857,12.7,29.0,27.0,0
2026-08-16,S02,P06,7,2057.0,8.75,1,49.0,0,7.0,42.0,20,4,Beverages,Tea Gold,Tata,340.0,270.0,365.0,SUP004,Delhi,Supermarket,16200,2250.0,North,34.5,0.0,0,0,1,0,6,1,8,4.0,3.0,3.7142857142857144,11.31,22.0,24.0,0
2026-08-17,S02,P06,2,646.0,5.0,1,42.0,0,2.0,40.0,20,4,Beverages,Tea Gold,Tata,340.0,270.0,365.0,SUP004,Delhi,Supermarket,16200,2250.0,North,36.4,22.5,0,0,0,0,0,0,8,7.0,9.0,4.285714285714286,9.33,20.0,26.0,0
2026-08-18,S02,P06,1,340.0,0.0,0,40.0,0,1.0,39.0,20,4,Beverages,Tea Gold,Tata,340.0,270.0,365.0,SUP004,Delhi,Supermarket,16200,2250.0,North,40.1,0.0,0,0,0,0,1,0,8,2.0,1.0,3.2857142857142856,11.87,19.0,33.0,0
2026-08-19,S02,P06,6,1683.0,10.0,1,39.0,0,6.0,33.0,20,4,Beverages,Tea Gold,Tata,340.0,270.0,365.0,SUP004,Delhi,Supermarket,16200,2250.0,North,30.3,5.8,0,0,0,0,2,0,8,1.0,2.0,3.2857142857142856,10.04,13.0,29.0,0
2026-08-20,S02,P06,1,340.0,0.0,0,33.0,0,1.0,32.0,20,4,Beverages,Tea Gold,Tata,340.0,270.0,365.0,SUP004,Delhi,Supermarket,16200,2250.0,North,34.7,46.4,0,0,0,0,3,0,8,6.0,4.0,3.857142857142857,8.3,12.0,32.0,0
2026-08-21,S02,P06,6,2023.0,1.25,1,32.0,0,6.0,26.0,20,4,Beverages,Tea Gold,Tata,340.0,270.0,365.0,SUP004,Delhi,Supermarket,16200,2250.0,North,32.6,0.0,0,0,0,0,4,0,8,1.0,3.0,3.4285714285714284,7.58,6.0,36.0,0
2026-08-22,S02,P06,4,1326.0,1.67,1,26.0,0,4.0,22.0,20,4,Beverages,Tea Gold,Tata,340.0,270.0,365.0,SUP004,Delhi,Supermarket,16200,2250.0,North,36.6,17.9,0,0,1,0,5,1,8,6.0,4.0,3.857142857142857,5.7,2.0,37.0,0
2026-08-23,S02,P06,4,1360.0,0.0,0,22.0,0,4.0,18.0,20,4,Beverages,Tea Gold,Tata,340.0,270.0,365.0,SUP004,Delhi,Supermarket,16200,2250.0,North,33.3,0.0,0,0,1,0,6,1,8,4.0,7.0,3.857142857142857,4.67,-2.0,38.0,0
2026-08-24,S02,P06,4,1326.0,5.0,1,18.0,0,4.0,14.0,20,4,Beverages,Tea Gold,Tata,340.0,270.0,365.0,SUP004,Delhi,Supermarket,16200,2250.0,North,32.1,0.0,0,0,0,0,0,0,8,4.0,2.0,3.4285714285714284,4.08,-6.0,39.0,0
2026-08-08,S02,P07,2,218.75,12.5,1,38.0,0,2.0,36.0,25,5,Personal Care,Antiseptic Soap,Dettol,125.0,95.0,730.0,SUP005,Delhi,Supermarket,16200,2250.0,North,33.5,9.2,0,0,1,0,5,1,8,1.0,2.0,3.142857142857143,11.45,11.0,30.0,0
2026-08-09,S02,P07,4,468.75,8.33,1,36.0,0,4.0,32.0,25,5,Personal Care,Antiseptic Soap,Dettol,125.0,95.0,730.0,SUP005,Delhi,Supermarket,16200,2250.0,North,33.9,0.0,0,0,1,0,6,1,8,2.0,0.0,3.142857142857143,10.18,7.0,31.0,0
2026-08-10,S02,P07,6,750.0,0.0,0,32.0,0,7.0,25.0,25,5,Personal Care,Antiseptic Soap,Dettol,125.0,95.0,730.0,SUP005,Delhi,Supermarket,16200,2250.0,North,33.9,0.0,0,0,0,0,0,0,8,4.0,4.0,3.7142857142857144,6.73,0.0,28.0,0
2026-08-11,S02,P07,3,362.5,5.0,1,25.0,0,3.0,22.0,25,5,Personal Care,Antiseptic Soap,Dettol,125.0,95.0,730.0,SUP005,Delhi,Supermarket,16200,2250.0,North,32.2,22.1,0,0,0,0,1,0,8,6.0,3.0,4.0,5.5,-3.0,25.0,0
2026-08-12,S02,P07,1,125.0,0.0,0,22.0,0,1.0,21.0,25,5,Personal Care,Antiseptic Soap,Dettol,125.0,95.0,730.0,SUP005,Delhi,Supermarket,16200,2250.0,North,32.6,32.2,0,0,0,0,2,0,8,3.0,5.0,4.0,5.25,-4.0,26.0,0
2026-08-13,S02,P07,0,0.0,0.0,0,21.0,0,0.0,21.0,25,5,Personal Care,Antiseptic Soap,Dettol,125.0,95.0,730.0,SUP005,Delhi,Supermarket,16200,2250.0,North,30.8,0.0,0,0,0,0,3,0,8,1.0,7.0,3.4285714285714284,6.12,-4.0,30.0,0
2026-08-14,S02,P07,2,237.5,5.0,1,21.0,0,2.0,19.0,25,5,Personal Care,Antiseptic Soap,Dettol,125.0,95.0,730.0,SUP005,Delhi,Supermarket,16200,2250.0,North,15.0,40.4,0,0,0,0,4,0,8,0.0,1.0,2.4285714285714284,7.82,-6.0,31.0,0
2026-08-15,S02,P07,14,1718.75,1.43,1,19.0,60,14.0,65.0,25,5,Personal Care,Antiseptic Soap,Dettol,125.0,95.0,730.0,SUP005,Delhi,Supermarket,16200,2250.0,North,33.8,0.0,1,1,1,0,5,1,8,2.0,2.0,2.5714285714285716,25.28,40.0,21.0,0
2026-08-16,S02,P07,5,500.0,20.0,1,65.0,0,5.0,60.0,25,5,Personal Care,Antiseptic Soap,Dettol,125.0,95.0,730.0,SUP005,Delhi,Supermarket,16200,2250.0,North,34.5,0.0,0,0,1,0,6,1,8,14.0,4.0,4.285714285714286,14.0,35.0,21.0,0
2026-08-17,S02,P07,3,375.0,0.0,0,60.0,0,3.0,57.0,25,5,Personal Care,Antiseptic Soap,Dettol,125.0,95.0,730.0,SUP005,Delhi,Supermarket,16200,2250.0,North,36.4,22.5,0,0,0,0,0,0,8,5.0,6.0,4.428571428571429,12.87,32.0,19.0,0
2026-08-18,S02,P07,0,0.0,0.0,0,57.0,0,0.0,57.0,25,5,Personal Care,Antiseptic Soap,Dettol,125.0,95.0,730.0,SUP005,Delhi,Supermarket,16200,2250.0,North,40.1,0.0,0,0,0,0,1,0,8,3.0,3.0,4.0,14.25,32.0,23.0,0
2026-08-19,S02,P07,2,237.5,5.0,1,57.0,0,2.0,55.0,25,5,Personal Care,Antiseptic Soap,Dettol,125.0,95.0,730.0,SUP005,Delhi,Supermarket,16200,2250.0,North,30.3,5.8,0,0,0,0,2,0,8,0.0,1.0,3.5714285714285716,15.4,30.0,21.0,0
2026-08-20,S02,P07,4,493.75,1.67,1,55.0,0,4.0,51.0,25,5,Personal Care,Antiseptic Soap,Dettol,125.0,95.0,730.0,SUP005,Delhi,Supermarket,16200,2250.0,North,34.7,46.4,0,0,0,0,3,0,8,2.0,0.0,3.7142857142857144,13.73,26.0,22.0,0
2026-08-21,S02,P07,3,362.5,2.5,1,51.0,0,3.0,48.0,25,5,Personal Care,Antiseptic Soap,Dettol,125.0,95.0,730.0,SUP005,Delhi,Supermarket,16200,2250.0,North,32.6,0.0,0,0,0,0,4,0,8,4.0,2.0,4.285714285714286,11.2,23.0,19.0,0
2026-08-22,S02,P07,4,431.25,12.5,1,48.0,0,4.0,44.0,25,5,Personal Care,Antiseptic Soap,Dettol,125.0,95.0,730.0,SUP005,Delhi,Supermarket,16200,2250.0,North,36.6,17.9,0,0,1,0,5,1,8,3.0,14.0,4.428571428571429,9.94,19.0,16.0,0
2026-08-23,S02,P07,5,568.75,7.5,1,44.0,0,5.0,39.0,25,5,Personal Care,Antiseptic Soap,Dettol,125.0,95.0,730.0,SUP005,Delhi,Supermarket,16200,2250.0,North,33.3,0.0,0,0,1,0,6,1,8,4.0,5.0,3.0,13.0,14.0,18.0,0
2026-08-24,S02,P07,1,125.0,0.0,0,39.0,0,1.0,38.0,25,5,Personal Care,Antiseptic Soap,Dettol,125.0,95.0,730.0,SUP005,Delhi,Supermarket,16200,2250.0,North,32.1,0.0,0,0,0,0,0,0,8,5.0,3.0,3.0,12.67,13.0,17.0,0
2026-08-08,S02,P08,6,2756.0,8.33,1,16.0,0,6.0,10.0,20,4,Staples,Basmati Rice 5Kg,India Gate,520.0,415.0,365.0,SUP006,Delhi,Supermarket,16200,2250.0,North,33.5,9.2,0,0,1,0,5,1,8,6.0,6.0,4.857142857142857,2.06,-10.0,18.0,0
2026-08-09,S02,P08,1,442.0,15.0,1,10.0,0,1.0,9.0,20,4,Staples,Basmati Rice 5Kg,India Gate,520.0,415.0,365.0,SUP006,Delhi,Supermarket,16200,2250.0,North,33.9,0.0,0,0,1,0,6,1,8,6.0,10.0,4.857142857142857,1.85,-11.0,18.0,0
2026-08-10,S02,P08,0,0.0,0.0,0,9.0,0,0.0,9.0,20,4,Staples,Basmati Rice 5Kg,India Gate,520.0,415.0,365.0,SUP006,Delhi,Supermarket,16200,2250.0,North,33.9,0.0,0,0,0,0,0,0,8,1.0,2.0,3.5714285714285716,2.52,-11.0,24.0,0
2026-08-11,S02,P08,4,1898.0,12.5,1,9.0,45,4.0,50.0,20,4,Staples,Basmati Rice 5Kg,India Gate,520.0,415.0,365.0,SUP006,Delhi,Supermarket,16200,2250.0,North,32.2,22.1,0,0,0,0,1,0,8,0.0,4.0,3.2857142857142856,15.22,30.0,21.0,0
2026-08-12,S02,P08,0,0.0,0.0,0,50.0,0,0.0,50.0,20,4,Staples,Basmati Rice 5Kg,India Gate,520.0,415.0,365.0,SUP006,Delhi,Supermarket,16200,2250.0,North,32.6,32.2,0,0,0,0,2,0,8,4.0,5.0,3.2857142857142856,15.22,30.0,23.0,0
2026-08-13,S02,P08,2,988.0,5.0,1,50.0,0,2.0,48.0,20,4,Staples,Basmati Rice 5Kg,India Gate,520.0,415.0,365.0,SUP006,Delhi,Supermarket,16200,2250.0,North,30.8,0.0,0,0,0,0,3,0,8,0.0,1.0,2.5714285714285716,18.67,28.0,24.0,0
2026-08-14,S02,P08,3,1352.0,12.5,1,48.0,0,3.0,45.0,20,4,Staples,Basmati Rice 5Kg,India Gate,520.0,415.0,365.0,SUP006,Delhi,Supermarket,16200,2250.0,North,15.0,40.4,0,0,0,0,4,0,8,2.0,6.0,2.7142857142857144,16.58,25.0,22.0,0
2026-08-15,S02,P08,8,4030.0,4.17,1,45.0,0,8.0,37.0,20,4,Staples,Basmati Rice 5Kg,India Gate,520.0,415.0,365.0,SUP006,Delhi,Supermarket,16200,2250.0,North,33.8,0.0,1,1,1,0,5,1,8,3.0,6.0,2.2857142857142856,16.19,17.0,21.0,0
2026-08-16,S02,P08,1,442.0,15.0,1,37.0,0,1.0,36.0,20,4,Staples,Basmati Rice 5Kg,India Gate,520.0,415.0,365.0,SUP006,Delhi,Supermarket,16200,2250.0,North,34.5,0.0,0,0,1,0,6,1,8,8.0,1.0,2.5714285714285716,14.0,16.0,22.0,0
2026-08-17,S02,P08,6,2756.0,10.0,1,36.0,0,9.0,27.0,20,4,Staples,Basmati Rice 5Kg,India Gate,520.0,415.0,365.0,SUP006,Delhi,Supermarket,16200,2250.0,North,36.4,22.5,0,0,0,0,0,0,8,1.0,0.0,2.5714285714285716,10.5,7.0,18.0,0
2026-08-18,S02,P08,1,520.0,0.0,0,27.0,0,1.0,26.0,20,4,Staples,Basmati Rice 5Kg,India Gate,520.0,415.0,365.0,SUP006,Delhi,Supermarket,16200,2250.0,North,40.1,0.0,0,0,0,0,1,0,8,6.0,4.0,3.4285714285714284,7.58,6.0,19.0,0
2026-08-19,S02,P08,2,1040.0,0.0,0,26.0,0,2.0,24.0,20,4,Staples,Basmati Rice 5Kg,India Gate,520.0,415.0,365.0,SUP006,Delhi,Supermarket,16200,2250.0,North,30.3,5.8,0,0,0,0,2,0,8,1.0,0.0,3.0,8.0,4.0,19.0,0
2026-08-20,S02,P08,3,1404.0,7.5,1,24.0,0,3.0,21.0,20,4,Staples,Basmati Rice 5Kg,India Gate,520.0,415.0,365.0,SUP006,Delhi,Supermarket,16200,2250.0,North,34.7,46.4,0,0,0,0,3,0,8,2.0,2.0,3.2857142857142856,6.39,1.0,18.0,0
2026-08-21,S02,P08,1,468.0,10.0,1,21.0,0,1.0,20.0,20,4,Staples,Basmati Rice 5Kg,India Gate,520.0,415.0,365.0,SUP006,Delhi,Supermarket,16200,2250.0,North,32.6,0.0,0,0,0,0,4,0,8,3.0,3.0,3.4285714285714284,5.83,0.0,21.0,0
2026-08-22,S02,P08,7,3562.0,1.67,1,20.0,0,7.0,13.0,20,4,Staples,Basmati Rice 5Kg,India Gate,520.0,415.0,365.0,SUP006,Delhi,Supermarket,16200,2250.0,North,36.6,17.9,0,0,1,0,5,1,8,1.0,8.0,3.142857142857143,4.14,-7.0,16.0,0
2026-08-23,S02,P08,2,1040.0,0.0,0,13.0,0,2.0,11.0,20,4,Staples,Basmati Rice 5Kg,India Gate,520.0,415.0,365.0,SUP006,Delhi,Supermarket,16200,2250.0,North,33.3,0.0,0,0,1,0,6,1,8,7.0,1.0,3.0,3.67,-9.0,16.0,0
2026-08-24,S02,P08,2,1040.0,0.0,0,11.0,0,2.0,9.0,20,4,Staples,Basmati Rice 5Kg,India Gate,520.0,415.0,365.0,SUP006,Delhi,Supermarket,16200,2250.0,North,32.1,0.0,0,0,0,0,0,0,8,2.0,6.0,3.142857142857143,2.86,-11.0,14.0,0
2026-08-08,S02,P09,11,1776.25,7.86,1,41.0,0,11.0,30.0,25,3,Staples,Sunflower Oil 1L,Fortune,175.0,140.0,270.0,SUP006,Delhi,Supermarket,16200,2250.0,North,33.5,9.2,0,0,1,0,5,1,8,0.0,2.0,2.7142857142857144,11.05,5.0,20.0,0
2026-08-09,S02,P09,9,1505.0,6.0,1,30.0,0,10.0,20.0,25,3,Staples,Sunflower Oil 1L,Fortune,175.0,140.0,270.0,SUP006,Delhi,Supermarket,16200,2250.0,North,33.9,0.0,0,0,1,0,6,1,8,11.0,0.0,4.0,5.0,-5.0,14.0,0
2026-08-10,S02,P09,2,350.0,0.0,0,20.0,0,2.0,18.0,25,3,Staples,Sunflower Oil 1L,Fortune,175.0,140.0,270.0,SUP006,Delhi,Supermarket,16200,2250.0,North,33.9,0.0,0,0,0,0,0,0,8,9.0,6.0,5.285714285714286,3.41,-7.0,17.0,0
2026-08-11,S02,P09,4,700.0,0.0,0,18.0,0,4.0,14.0,25,3,Staples,Sunflower Oil 1L,Fortune,175.0,140.0,270.0,SUP006,Delhi,Supermarket,16200,2250.0,North,32.2,22.1,0,0,0,0,1,0,8,2.0,6.0,4.714285714285714,2.97,-11.0,17.0,0
2026-08-12,S02,P09,2,297.5,15.0,1,14.0,55,2.0,67.0,25,3,Staples,Sunflower Oil 1L,Fortune,175.0,140.0,270.0,SUP006,Delhi,Supermarket,16200,2250.0,North,32.6,32.2,0,0,0,0,2,0,8,4.0,4.0,4.428571428571429,15.13,42.0,18.0,0
2026-08-13,S02,P09,0,0.0,0.0,0,67.0,0,0.0,67.0,25,3,Staples,Sunflower Oil 1L,Fortune,175.0,140.0,270.0,SUP006,Delhi,Supermarket,16200,2250.0,North,30.8,0.0,0,0,0,0,3,0,8,2.0,1.0,4.142857142857143,16.17,42.0,21.0,0
2026-08-14,S02,P09,0,0.0,0.0,0,67.0,0,0.0,67.0,25,3,Staples,Sunflower Oil 1L,Fortune,175.0,140.0,270.0,SUP006,Delhi,Supermarket,16200,2250.0,North,15.0,40.4,0,0,0,0,4,0,8,0.0,0.0,4.0,16.75,42.0,35.0,0
2026-08-15,S02,P09,3,525.0,0.0,0,67.0,0,3.0,64.0,25,3,Staples,Sunflower Oil 1L,Fortune,175.0,140.0,270.0,SUP006,Delhi,Supermarket,16200,2250.0,North,33.8,0.0,1,1,1,0,5,1,8,0.0,11.0,4.0,16.0,39.0,36.0,0
2026-08-16,S02,P09,3,498.75,5.0,1,64.0,0,3.0,61.0,25,3,Staples,Sunflower Oil 1L,Fortune,175.0,140.0,270.0,SUP006,Delhi,Supermarket,16200,2250.0,North,34.5,0.0,0,0,1,0,6,1,8,3.0,9.0,2.857142857142857,21.35,36.0,40.0,0
2026-08-17,S02,P09,5,875.0,0.0,0,61.0,0,5.0,56.0,25,3,Staples,Sunflower Oil 1L,Fortune,175.0,140.0,270.0,SUP006,Delhi,Supermarket,16200,2250.0,North,36.4,22.5,0,0,0,0,0,0,8,3.0,2.0,2.0,28.0,31.0,37.0,0
2026-08-18,S02,P09,4,656.25,8.33,1,56.0,0,4.0,52.0,25,3,Staples,Sunflower Oil 1L,Fortune,175.0,140.0,270.0,SUP006,Delhi,Supermarket,16200,2250.0,North,40.1,0.0,0,0,0,0,1,0,8,5.0,4.0,2.4285714285714284,21.41,27.0,35.0,0
2026-08-19,S02,P09,3,498.75,5.0,1,52.0,0,3.0,49.0,25,3,Staples,Sunflower Oil 1L,Fortune,175.0,140.0,270.0,SUP006,Delhi,Supermarket,16200,2250.0,North,30.3,5.8,0,0,0,0,2,0,8,4.0,2.0,2.4285714285714284,20.18,24.0,33.0,0
2026-08-20,S02,P09,3,472.5,10.0,1,49.0,0,3.0,46.0,25,3,Staples,Sunflower Oil 1L,Fortune,175.0,140.0,270.0,SUP006,Delhi,Supermarket,16200,2250.0,North,34.7,46.4,0,0,0,0,3,0,8,3.0,0.0,2.5714285714285716,17.89,21.0,30.0,0
2026-08-21,S02,P09,14,2415.0,1.0,1,46.0,0,14.0,32.0,25,3,Staples,Sunflower Oil 1L,Fortune,175.0,140.0,270.0,SUP006,Delhi,Supermarket,16200,2250.0,North,32.6,0.0,0,0,0,0,4,0,8,3.0,0.0,3.0,10.67,7.0,19.0,0
2026-08-22,S02,P09,4,700.0,0.0,0,32.0,0,4.0,28.0,25,3,Staples,Sunflower Oil 1L,Fortune,175.0,140.0,270.0,SUP006,Delhi,Supermarket,16200,2250.0,North,36.6,17.9,0,0,1,0,5,1,8,14.0,3.0,5.0,5.6,3.0,22.0,0
2026-08-23,S02,P09,7,1076.25,11.25,1,28.0,0,7.0,21.0,25,3,Staples,Sunflower Oil 1L,Fortune,175.0,140.0,270.0,SUP006,Delhi,Supermarket,16200,2250.0,North,33.3,0.0,0,0,1,0,6,1,8,4.0,3.0,5.142857142857143,4.08,-4.0,17.0,0
2026-08-24,S02,P09,2,332.5,5.0,1,21.0,0,2.0,19.0,25,3,Staples,Sunflower Oil 1L,Fortune,175.0,140.0,270.0,SUP006,Delhi,Supermarket,16200,2250.0,North,32.1,0.0,0,0,0,0,0,0,8,7.0,5.0,5.714285714285714,3.32,-6.0,16.0,0
2026-08-08,S02,P10,9,534.0,2.5,1,0.0,0,9.0,0.0,35,3,Snacks,Gold Biscuits,Parle,60.0,45.0,180.0,SUP_UNKNOWN,Delhi,Supermarket,16200,2250.0,North,33.5,9.2,0,0,1,0,5,1,8,252.0,3.0,39.285714285714285,0.0,-35.0,164.0,1
2026-08-09,S02,P10,10,600.0,0.0,0,0.0,0,10.0,0.0,35,3,Snacks,Gold Biscuits,Parle,60.0,45.0,180.0,SUP_UNKNOWN,Delhi,Supermarket,16200,2250.0,North,33.9,0.0,0,0,1,0,6,1,8,9.0,12.0,40.142857142857146,0.0,-35.0,155.0,1
2026-08-10,S02,P10,2,120.0,0.0,0,0.0,80,2.0,78.0,35,3,Snacks,Gold Biscuits,Parle,60.0,45.0,180.0,SUP_UNKNOWN,Delhi,Supermarket,16200,2250.0,North,33.9,0.0,0,0,0,0,0,0,8,10.0,3.0,39.857142857142854,1.96,43.0,156.0,0
2026-08-11,S02,P10,6,357.0,2.5,1,78.0,0,6.0,72.0,35,3,Snacks,Gold Biscuits,Parle,60.0,45.0,180.0,SUP_UNKNOWN,Delhi,Supermarket,16200,2250.0,North,32.2,22.1,0,0,0,0,1,0,8,2.0,1.0,39.714285714285715,1.81,37.0,156.0,0
2026-08-12,S02,P10,0,0.0,0.0,0,72.0,0,0.0,72.0,35,3,Snacks,Gold Biscuits,Parle,60.0,45.0,180.0,SUP_UNKNOWN,Delhi,Supermarket,16200,2250.0,North,32.6,32.2,0,0,0,0,2,0,8,6.0,1.0,40.42857142857143,1.78,37.0,160.0,0
2026-08-13,S02,P10,125,7497.0,1.0,1,72.0,80,126.0,26.0,35,3,Snacks,Gold Biscuits,Parle,60.0,45.0,180.0,SUP_UNKNOWN,Delhi,Supermarket,16200,2250.0,North,30.8,0.0,0,0,0,0,3,0,8,0.0,3.0,40.285714285714285,0.65,-9.0,40.0,0
2026-08-14,S02,P10,10,600.0,0.0,0,26.0,0,10.0,16.0,35,3,Snacks,Gold Biscuits,Parle,60.0,45.0,180.0,SUP_UNKNOWN,Delhi,Supermarket,16200,2250.0,North,15.0,40.4,0,0,0,0,4,0,8,125.0,252.0,57.714285714285715,0.28,-19.0,31.0,0
2026-08-15,S02,P10,11,627.0,5.0,1,16.0,0,11.0,5.0,35,3,Snacks,Gold Biscuits,Parle,60.0,45.0,180.0,SUP_UNKNOWN,Delhi,Supermarket,16200,2250.0,North,33.8,0.0,1,1,1,0,5,1,8,10.0,9.0,23.142857142857142,0.22,-30.0,27.0,0
2026-08-16,S02,P10,1,60.0,0.0,0,5.0,80,1.0,84.0,35,3,Snacks,Gold Biscuits,Parle,60.0,45.0,180.0,SUP_UNKNOWN,Delhi,Supermarket,16200,2250.0,North,34.5,0.0,0,0,1,0,6,1,8,11.0,10.0,23.428571428571427,3.59,49.0,26.0,0
2026-08-17,S02,P10,3,159.0,10.0,1,84.0,0,3.0,81.0,35,3,Snacks,Gold Biscuits,Parle,60.0,45.0,180.0,SUP_UNKNOWN,Delhi,Supermarket,16200,2250.0,North,36.4,22.5,0,0,0,0,0,0,8,1.0,2.0,22.142857142857142,3.66,46.0,25.0,0
2026-08-18,S02,P10,6,351.0,3.75,1,81.0,0,6.0,75.0,35,3,Snacks,Gold Biscuits,Parle,60.0,45.0,180.0,SUP_UNKNOWN,Delhi,Supermarket,16200,2250.0,North,40.1,0.0,0,0,0,0,1,0,8,3.0,6.0,22.285714285714285,3.37,40.0,26.0,0
2026-08-19,S02,P10,4,240.0,0.0,0,75.0,80,4.0,151.0,35,3,Snacks,Gold Biscuits,Parle,60.0,45.0,180.0,SUP_UNKNOWN,Delhi,Supermarket,16200,2250.0,North,30.3,5.8,0,0,0,0,2,0,8,6.0,0.0,22.285714285714285,6.78,116.0,22.0,0
2026-08-20,S02,P10,5,288.0,6.67,1,151.0,0,5.0,146.0,35,3,Snacks,Gold Biscuits,Parle,60.0,45.0,180.0,SUP_UNKNOWN,Delhi,Supermarket,16200,2250.0,North,34.7,46.4,0,0,0,0,3,0,8,4.0,125.0,22.857142857142858,6.39,111.0,21.0,0
2026-08-21,S02,P10,1,60.0,0.0,0,146.0,0,1.0,145.0,35,3,Snacks,Gold Biscuits,Parle,60.0,45.0,180.0,SUP_UNKNOWN,Delhi,Supermarket,16200,2250.0,North,32.6,0.0,0,0,0,0,4,0,8,5.0,10.0,5.714285714285714,25.38,110.0,28.0,0
2026-08-22,S02,P10,7,411.0,1.25,1,145.0,80,7.0,218.0,35,3,Snacks,Gold Biscuits,Parle,60.0,45.0,180.0,SUP_UNKNOWN,Delhi,Supermarket,16200,2250.0,North,36.6,17.9,0,0,1,0,5,1,8,1.0,11.0,4.428571428571429,49.23,183.0,29.0,0
2026-08-23,S02,P10,0,0.0,0.0,0,218.0,0,0.0,218.0,35,3,Snacks,Gold Biscuits,Parle,60.0,45.0,180.0,SUP_UNKNOWN,Delhi,Supermarket,16200,2250.0,North,33.3,0.0,0,0,1,0,6,1,8,7.0,1.0,3.857142857142857,56.52,183.0,34.0,0
2026-08-24,S02,P10,2,120.0,0.0,0,218.0,0,2.0,216.0,35,3,Snacks,Gold Biscuits,Parle,60.0,45.0,180.0,SUP_UNKNOWN,Delhi,Supermarket,16200,2250.0,North,32.1,0.0,0,0,0,0,0,0,8,0.0,3.0,3.7142857142857144,58.15,181.0,37.0,0
2026-08-08,S03,P01,11,689.7,5.0,1,49.0,0,11.0,38.0,40,1,Dairy,Fresh Milk,Amul,66.0,52.0,3.0,SUP001,Bengaluru,Express,6400,2250.0,South,26.9,22.0,0,0,1,0,5,1,8,9.0,9.0,5.857142857142857,6.49,-2.0,57.0,0
2026-08-09,S03,P01,12,772.2,4.29,1,38.0,100,12.0,126.0,40,1,Dairy,Fresh Milk,Amul,66.0,52.0,3.0,SUP001,Bengaluru,Express,6400,2250.0,South,26.4,11.4,0,0,1,1,6,1,8,11.0,12.0,6.142857142857143,20.51,86.0,47.0,0
2026-08-10,S03,P01,6,369.6,6.67,1,126.0,0,6.0,120.0,40,1,Dairy,Fresh Milk,Amul,66.0,52.0,3.0,SUP001,Bengaluru,Express,6400,2250.0,South,28.5,38.5,0,0,0,0,0,0,8,12.0,1.0,6.142857142857143,19.53,80.0,41.0,0
2026-08-11,S03,P01,11,686.4,6.25,1,120.0,0,11.0,109.0,40,1,Dairy,Fresh Milk,Amul,66.0,52.0,3.0,SUP001,Bengaluru,Express,6400,2250.0,South,24.5,0.0,0,0,0,0,1,0,8,6.0,4.0,6.857142857142857,15.9,69.0,33.0,0
2026-08-12,S03,P01,6,320.1,13.33,1,109.0,0,6.0,103.0,40,1,Dairy,Fresh Milk,Amul,66.0,52.0,3.0,SUP001,Bengaluru,Express,6400,2250.0,South,28.9,4.7,0,0,0,0,2,0,8,11.0,3.0,7.857142857142857,13.11,63.0,31.0,0
2026-08-13,S03,P01,7,455.4,1.25,1,103.0,0,7.0,96.0,40,1,Dairy,Fresh Milk,Amul,66.0,52.0,3.0,SUP001,Bengaluru,Express,6400,2250.0,South,26.8,5.0,0,0,0,0,3,0,8,6.0,3.0,8.285714285714286,11.59,56.0,27.0,0
2026-08-14,S03,P01,8,501.6,5.0,1,96.0,0,8.0,88.0,40,1,Dairy,Fresh Milk,Amul,66.0,52.0,3.0,SUP001,Bengaluru,Express,6400,2250.0,South,27.2,0.0,0,0,0,1,4,0,8,7.0,9.0,8.857142857142858,9.94,48.0,25.0,0
2026-08-15,S03,P01,7,432.3,5.0,1,88.0,0,7.0,81.0,40,1,Dairy,Fresh Milk,Amul,66.0,52.0,3.0,SUP001,Bengaluru,Express,6400,2250.0,South,25.9,37.9,1,1,1,0,5,1,8,8.0,11.0,8.714285714285714,9.3,41.0,27.0,0
2026-08-16,S03,P01,2,125.4,5.0,1,81.0,0,2.0,79.0,40,1,Dairy,Fresh Milk,Amul,66.0,52.0,3.0,SUP001,Bengaluru,Express,6400,2250.0,South,25.6,55.3,0,0,1,0,6,1,8,7.0,12.0,8.142857142857142,9.7,39.0,38.0,0
2026-08-17,S03,P01,0,0.0,0.0,0,79.0,0,0.0,79.0,40,1,Dairy,Fresh Milk,Amul,66.0,52.0,3.0,SUP001,Bengaluru,Express,6400,2250.0,South,28.0,0.0,0,0,0,0,0,0,8,2.0,6.0,6.714285714285714,11.77,39.0,40.0,0
2026-08-18,S03,P01,3,188.1,7.5,1,79.0,0,3.0,76.0,40,1,Dairy,Fresh Milk,Amul,66.0,52.0,3.0,SUP001,Bengaluru,Express,6400,2250.0,South,45.0,4.8,0,0,0,0,1,0,8,0.0,11.0,5.857142857142857,12.98,36.0,38.0,0
2026-08-19,S03,P01,4,260.7,1.67,1,76.0,0,4.0,72.0,40,1,Dairy,Fresh Milk,Amul,66.0,52.0,3.0,SUP001,Bengaluru,Express,6400,2250.0,South,25.1,0.0,0,0,0,1,2,0,8,3.0,6.0,4.714285714285714,15.27,32.0,40.0,0
2026-08-20,S03,P01,3,198.0,0.0,0,72.0,0,3.0,69.0,40,1,Dairy,Fresh Milk,Amul,66.0,52.0,3.0,SUP001,Bengaluru,Express,6400,2250.0,South,25.0,94.0,0,0,0,0,3,0,8,4.0,7.0,4.428571428571429,15.58,29.0,41.0,0
2026-08-21,S03,P01,6,366.3,5.0,1,69.0,0,6.0,63.0,40,1,Dairy,Fresh Milk,Amul,66.0,52.0,3.0,SUP001,Bengaluru,Express,6400,2250.0,South,30.2,10.0,0,0,0,0,4,0,8,3.0,8.0,3.857142857142857,16.33,23.0,39.0,0
2026-08-22,S03,P01,9,544.5,5.71,1,63.0,0,9.0,54.0,40,1,Dairy,Fresh Milk,Amul,66.0,52.0,3.0,SUP001,Bengaluru,Express,6400,2250.0,South,29.2,15.1,0,0,1,0,5,1,8,6.0,7.0,3.5714285714285716,15.12,14.0,36.0,0
2026-08-23,S03,P01,13,848.1,3.0,1,54.0,0,13.0,41.0,40,1,Dairy,Fresh Milk,Amul,66.0,52.0,3.0,SUP001,Bengaluru,Express,6400,2250.0,South,30.2,0.0,0,0,1,0,6,1,8,9.0,2.0,3.857142857142857,10.63,1.0,32.0,0
2026-08-24,S03,P01,2,132.0,0.0,0,41.0,0,2.0,39.0,40,1,Dairy,Fresh Milk,Amul,66.0,52.0,3.0,SUP001,Bengaluru,Express,6400,2250.0,South,27.0,0.0,0,0,0,0,0,0,8,13.0,0.0,5.428571428571429,7.18,-1.0,41.0,0
2026-08-08,S03,P02,1,275.0,0.0,0,51.0,0,1.0,50.0,25,3,Dairy,Butter,Amul,275.0,235.0,180.0,SUP001,Bengaluru,Express,6400,2250.0,South,26.9,22.0,0,0,1,0,5,1,8,5.0,4.0,2.7142857142857144,18.42,25.0,15.0,0
2026-08-09,S03,P02,2,440.0,20.0,1,50.0,0,2.0,48.0,25,3,Dairy,Butter,Amul,275.0,235.0,180.0,SUP001,Bengaluru,Express,6400,2250.0,South,26.4,11.4,0,0,1,1,6,1,8,1.0,5.0,2.2857142857142856,21.0,23.0,14.0,0
2026-08-10,S03,P02,2,495.0,10.0,1,48.0,0,2.0,46.0,25,3,Dairy,Butter,Amul,275.0,235.0,180.0,SUP001,Bengaluru,Express,6400,2250.0,South,28.5,38.5,0,0,0,0,0,0,8,2.0,0.0,1.8571428571428572,24.77,21.0,15.0,0
2026-08-11,S03,P02,0,0.0,0.0,0,46.0,0,0.0,46.0,25,3,Dairy,Butter,Amul,275.0,235.0,180.0,SUP001,Bengaluru,Express,6400,2250.0,South,24.5,0.0,0,0,0,0,1,0,8,2.0,5.0,2.142857142857143,21.47,21.0,17.0,0
2026-08-12,S03,P02,0,0.0,0.0,0,46.0,0,0.0,46.0,25,3,Dairy,Butter,Amul,275.0,235.0,180.0,SUP001,Bengaluru,Express,6400,2250.0,South,28.9,4.7,0,0,0,0,2,0,8,0.0,0.0,1.4285714285714286,32.2,21.0,18.0,0
2026-08-13,S03,P02,3,742.5,7.5,1,46.0,0,3.0,43.0,25,3,Dairy,Butter,Amul,275.0,235.0,180.0,SUP001,Bengaluru,Express,6400,2250.0,South,26.8,5.0,0,0,0,0,3,0,8,0.0,0.0,1.4285714285714286,30.1,18.0,15.0,0
2026-08-14,S03,P02,0,0.0,0.0,0,43.0,0,0.0,43.0,25,3,Dairy,Butter,Amul,275.0,235.0,180.0,SUP001,Bengaluru,Express,6400,2250.0,South,27.2,0.0,0,0,0,1,4,0,8,3.0,5.0,1.8571428571428572,23.15,18.0,18.0,0
2026-08-15,S03,P02,8,1980.0,10.0,1,43.0,0,8.0,35.0,25,3,Dairy,Butter,Amul,275.0,235.0,180.0,SUP001,Bengaluru,Express,6400,2250.0,South,25.9,37.9,1,1,1,0,5,1,8,0.0,1.0,1.1428571428571428,30.62,10.0,12.0,0
2026-08-16,S03,P02,1,275.0,0.0,0,35.0,0,1.0,34.0,25,3,Dairy,Butter,Amul,275.0,235.0,180.0,SUP001,Bengaluru,Express,6400,2250.0,South,25.6,55.3,0,0,1,0,6,1,8,8.0,2.0,2.142857142857143,15.87,9.0,15.0,0
2026-08-17,S03,P02,3,825.0,0.0,0,34.0,0,3.0,31.0,25,3,Dairy,Butter,Amul,275.0,235.0,180.0,SUP001,Bengaluru,Express,6400,2250.0,South,28.0,0.0,0,0,0,0,0,0,8,1.0,2.0,2.0,15.5,6.0,14.0,0
2026-08-18,S03,P02,2,412.5,25.0,1,31.0,0,2.0,29.0,25,3,Dairy,Butter,Amul,275.0,235.0,180.0,SUP001,Bengaluru,Express,6400,2250.0,South,45.0,4.8,0,0,0,0,1,0,8,3.0,0.0,2.142857142857143,13.53,4.0,12.0,0
2026-08-19,S03,P02,1,275.0,0.0,0,29.0,0,1.0,28.0,25,3,Dairy,Butter,Amul,275.0,235.0,180.0,SUP001,Bengaluru,Express,6400,2250.0,South,25.1,0.0,0,0,0,1,2,0,8,2.0,0.0,2.4285714285714284,11.53,3.0,11.0,0
2026-08-20,S03,P02,0,0.0,0.0,0,28.0,0,0.0,28.0,25,3,Dairy,Butter,Amul,275.0,235.0,180.0,SUP001,Bengaluru,Express,6400,2250.0,South,25.0,94.0,0,0,0,0,3,0,8,1.0,3.0,2.5714285714285716,10.89,3.0,11.0,0
2026-08-21,S03,P02,3,825.0,0.0,0,28.0,0,3.0,25.0,25,3,Dairy,Butter,Amul,275.0,235.0,180.0,SUP001,Bengaluru,Express,6400,2250.0,South,30.2,10.0,0,0,0,0,4,0,8,0.0,0.0,2.142857142857143,11.67,0.0,10.0,0
2026-08-22,S03,P02,2,536.25,2.5,1,25.0,0,2.0,23.0,25,3,Dairy,Butter,Amul,275.0,235.0,180.0,SUP001,Bengaluru,Express,6400,2250.0,South,29.2,15.1,0,0,1,0,5,1,8,3.0,8.0,2.5714285714285716,8.94,-2.0,12.0,0
2026-08-23,S03,P02,4,1058.75,2.5,1,23.0,0,4.0,19.0,25,3,Dairy,Butter,Amul,275.0,235.0,180.0,SUP001,Bengaluru,Express,6400,2250.0,South,30.2,0.0,0,0,1,0,6,1,8,2.0,1.0,1.7142857142857142,11.08,-6.0,10.0,0
2026-08-24,S03,P02,2,550.0,0.0,0,19.0,60,2.0,77.0,25,3,Dairy,Butter,Amul,275.0,235.0,180.0,SUP001,Bengaluru,Express,6400,2250.0,South,27.0,0.0,0,0,0,0,0,0,8,4.0,3.0,2.142857142857143,35.93,52.0,8.0,0
2026-08-08,S03,P03,2,87.75,2.5,1,49.0,0,2.0,47.0,45,1,Bakery,Whole Wheat Bread,Britannia,45.0,34.0,6.0,SUP002,Bengaluru,Express,6400,2250.0,South,26.9,22.0,0,0,1,0,5,1,8,4.0,12.0,4.428571428571429,10.61,2.0,26.0,0
2026-08-09,S03,P03,2,87.75,2.5,1,47.0,0,2.0,45.0,45,1,Bakery,Whole Wheat Bread,Britannia,45.0,34.0,6.0,SUP002,Bengaluru,Express,6400,2250.0,South,26.4,11.4,0,0,1,1,6,1,8,2.0,4.0,3.0,15.0,0.0,28.0,0
2026-08-10,S03,P03,0,0.0,0.0,0,45.0,90,3.0,132.0,45,1,Bakery,Whole Wheat Bread,Britannia,45.0,34.0,6.0,SUP002,Bengaluru,Express,6400,2250.0,South,28.5,38.5,0,0,0,0,0,0,8,2.0,0.0,2.7142857142857144,48.63,87.0,31.0,0
2026-08-11,S03,P03,0,0.0,0.0,0,132.0,0,0.0,132.0,45,1,Bakery,Whole Wheat Bread,Britannia,45.0,34.0,6.0,SUP002,Bengaluru,Express,6400,2250.0,South,24.5,0.0,0,0,0,0,1,0,8,0.0,6.0,2.7142857142857144,48.63,87.0,44.0,0
2026-08-12,S03,P03,7,303.75,4.0,1,132.0,0,7.0,125.0,45,1,Bakery,Whole Wheat Bread,Britannia,45.0,34.0,6.0,SUP002,Bengaluru,Express,6400,2250.0,South,28.9,4.7,0,0,0,0,2,0,8,0.0,0.0,1.8571428571428572,67.31,80.0,39.0,0
2026-08-13,S03,P03,3,130.5,3.33,1,125.0,0,3.0,122.0,45,1,Bakery,Whole Wheat Bread,Britannia,45.0,34.0,6.0,SUP002,Bengaluru,Express,6400,2250.0,South,26.8,5.0,0,0,0,0,3,0,8,7.0,5.0,2.857142857142857,42.7,77.0,40.0,0
2026-08-14,S03,P03,6,243.0,5.0,1,122.0,0,6.0,116.0,45,1,Bakery,Whole Wheat Bread,Britannia,45.0,34.0,6.0,SUP002,Bengaluru,Express,6400,2250.0,South,27.2,0.0,0,0,0,1,4,0,8,3.0,4.0,2.5714285714285716,45.11,71.0,35.0,0
2026-08-15,S03,P03,8,357.75,0.83,1,116.0,0,8.0,108.0,45,1,Bakery,Whole Wheat Bread,Britannia,45.0,34.0,6.0,SUP002,Bengaluru,Express,6400,2250.0,South,25.9,37.9,1,1,1,0,5,1,8,6.0,2.0,2.857142857142857,37.8,63.0,32.0,0
2026-08-16,S03,P03,4,162.0,10.0,1,108.0,0,4.0,104.0,45,1,Bakery,Whole Wheat Bread,Britannia,45.0,34.0,6.0,SUP002,Bengaluru,Express,6400,2250.0,South,25.6,55.3,0,0,1,0,6,1,8,8.0,2.0,3.7142857142857144,28.0,59.0,30.0,0
2026-08-17,S03,P03,3,135.0,0.0,0,104.0,0,3.0,101.0,45,1,Bakery,Whole Wheat Bread,Britannia,45.0,34.0,6.0,SUP002,Bengaluru,Express,6400,2250.0,South,28.0,0.0,0,0,0,0,0,0,8,4.0,0.0,4.0,25.25,56.0,36.0,0
2026-08-18,S03,P03,13,546.75,3.57,1,101.0,0,13.0,88.0,45,1,Bakery,Whole Wheat Bread,Britannia,45.0,34.0,6.0,SUP002,Bengaluru,Express,6400,2250.0,South,45.0,4.8,0,0,0,0,1,0,8,3.0,0.0,4.428571428571429,19.87,43.0,26.0,0
2026-08-19,S03,P03,2,83.25,7.5,1,88.0,0,2.0,86.0,45,1,Bakery,Whole Wheat Bread,Britannia,45.0,34.0,6.0,SUP002,Bengaluru,Express,6400,2250.0,South,25.1,0.0,0,0,0,1,2,0,8,13.0,7.0,6.285714285714286,13.68,41.0,28.0,0
2026-08-20,S03,P03,4,162.0,10.0,1,86.0,0,4.0,82.0,45,1,Bakery,Whole Wheat Bread,Britannia,45.0,34.0,6.0,SUP002,Bengaluru,Express,6400,2250.0,South,25.0,94.0,0,0,0,0,3,0,8,2.0,3.0,5.571428571428571,14.72,37.0,33.0,0
2026-08-21,S03,P03,1,45.0,0.0,0,82.0,0,1.0,81.0,45,1,Bakery,Whole Wheat Bread,Britannia,45.0,34.0,6.0,SUP002,Bengaluru,Express,6400,2250.0,South,30.2,10.0,0,0,0,0,4,0,8,4.0,6.0,5.714285714285714,14.18,36.0,39.0,0
2026-08-22,S03,P03,5,218.25,3.0,1,81.0,0,5.0,76.0,45,1,Bakery,Whole Wheat Bread,Britannia,45.0,34.0,6.0,SUP002,Bengaluru,Express,6400,2250.0,South,29.2,15.1,0,0,1,0,5,1,8,1.0,8.0,5.0,15.2,31.0,39.0,0
2026-08-23,S03,P03,2,87.75,2.5,1,76.0,0,2.0,74.0,45,1,Bakery,Whole Wheat Bread,Britannia,45.0,34.0,6.0,SUP002,Bengaluru,Express,6400,2250.0,South,30.2,0.0,0,0,1,0,6,1,8,5.0,4.0,4.571428571428571,16.19,29.0,52.0,0
2026-08-24,S03,P03,9,396.0,3.33,1,74.0,0,9.0,65.0,45,1,Bakery,Whole Wheat Bread,Britannia,45.0,34.0,6.0,SUP002,Bengaluru,Express,6400,2250.0,South,27.0,0.0,0,0,0,0,0,0,8,2.0,3.0,4.285714285714286,15.17,20.0,44.0,0
2026-08-08,S03,P04,0,0.0,0.0,0,54.0,0,0.0,54.0,30,2,Produce,Royal Gala Apples,Farmfresh,180.0,130.0,12.0,SUP003,Bengaluru,Express,6400,2250.0,South,26.9,22.0,0,0,1,0,5,1,8,0.0,5.0,1.5714285714285714,34.36,24.0,17.0,0
2026-08-09,S03,P04,3,540.0,0.0,0,54.0,0,3.0,51.0,30,2,Produce,Royal Gala Apples,Farmfresh,180.0,130.0,12.0,SUP003,Bengaluru,Express,6400,2250.0,South,26.4,11.4,0,0,1,1,6,1,8,0.0,1.0,0.8571428571428571,59.5,21.0,16.0,0
2026-08-10,S03,P04,6,972.0,10.0,1,51.0,0,6.0,45.0,30,2,Produce,Royal Gala Apples,Farmfresh,180.0,130.0,12.0,SUP003,Bengaluru,Express,6400,2250.0,South,28.5,38.5,0,0,0,0,0,0,8,3.0,3.0,1.1428571428571428,39.38,15.0,12.0,0
2026-08-11,S03,P04,0,0.0,0.0,0,45.0,0,0.0,45.0,30,2,Produce,Royal Gala Apples,Farmfresh,180.0,130.0,12.0,SUP003,Bengaluru,Express,6400,2250.0,South,24.5,0.0,0,0,0,0,1,0,8,6.0,1.0,1.5714285714285714,28.64,15.0,14.0,0
2026-08-12,S03,P04,6,1053.0,2.5,1,45.0,0,6.0,39.0,30,2,Produce,Royal Gala Apples,Farmfresh,180.0,130.0,12.0,SUP003,Bengaluru,Express,6400,2250.0,South,28.9,4.7,0,0,0,0,2,0,8,0.0,1.0,1.4285714285714286,27.3,9.0,13.0,0
2026-08-13,S03,P04,0,0.0,0.0,0,39.0,0,0.0,39.0,30,2,Produce,Royal Gala Apples,Farmfresh,180.0,130.0,12.0,SUP003,Bengaluru,Express,6400,2250.0,South,26.8,5.0,0,0,0,0,3,0,8,6.0,0.0,2.142857142857143,18.2,9.0,13.0,0
2026-08-14,S03,P04,1,171.0,5.0,1,39.0,0,1.0,38.0,30,2,Produce,Royal Gala Apples,Farmfresh,180.0,130.0,12.0,SUP003,Bengaluru,Express,6400,2250.0,South,27.2,0.0,0,0,0,1,4,0,8,0.0,0.0,2.142857142857143,17.73,8.0,13.0,0
2026-08-15,S03,P04,1,180.0,0.0,0,38.0,0,1.0,37.0,30,2,Produce,Royal Gala Apples,Farmfresh,180.0,130.0,12.0,SUP003,Bengaluru,Express,6400,2250.0,South,25.9,37.9,1,1,1,0,5,1,8,1.0,0.0,2.2857142857142856,16.19,7.0,13.0,0
2026-08-16,S03,P04,2,360.0,0.0,0,37.0,0,2.0,35.0,30,2,Produce,Royal Gala Apples,Farmfresh,180.0,130.0,12.0,SUP003,Bengaluru,Express,6400,2250.0,South,25.6,55.3,0,0,1,0,6,1,8,1.0,3.0,2.4285714285714284,14.41,5.0,11.0,0
2026-08-17,S03,P04,2,360.0,0.0,0,35.0,0,2.0,33.0,30,2,Produce,Royal Gala Apples,Farmfresh,180.0,130.0,12.0,SUP003,Bengaluru,Express,6400,2250.0,South,28.0,0.0,0,0,0,0,0,0,8,2.0,6.0,2.2857142857142856,14.44,3.0,13.0,0
2026-08-18,S03,P04,2,351.0,2.5,1,33.0,0,2.0,31.0,30,2,Produce,Royal Gala Apples,Farmfresh,180.0,130.0,12.0,SUP003,Bengaluru,Express,6400,2250.0,South,45.0,4.8,0,0,0,0,1,0,8,2.0,0.0,1.7142857142857142,18.08,1.0,11.0,0
2026-08-19,S03,P04,5,864.0,3.33,1,31.0,0,5.0,26.0,30,2,Produce,Royal Gala Apples,Farmfresh,180.0,130.0,12.0,SUP003,Bengaluru,Express,6400,2250.0,South,25.1,0.0,0,0,0,1,2,0,8,2.0,6.0,2.0,13.0,-4.0,6.0,0
2026-08-20,S03,P04,0,0.0,0.0,0,26.0,0,0.0,26.0,30,2,Produce,Royal Gala Apples,Farmfresh,180.0,130.0,12.0,SUP003,Bengaluru,Express,6400,2250.0,South,25.0,94.0,0,0,0,0,3,0,8,5.0,0.0,1.8571428571428572,14.0,-4.0,6.0,0
2026-08-21,S03,P04,1,180.0,0.0,0,26.0,70,1.0,95.0,30,2,Produce,Royal Gala Apples,Farmfresh,180.0,130.0,12.0,SUP003,Bengaluru,Express,6400,2250.0,South,30.2,10.0,0,0,0,0,4,0,8,0.0,1.0,1.8571428571428572,51.15,65.0,10.0,0
2026-08-22,S03,P04,1,171.0,5.0,1,95.0,0,1.0,94.0,30,2,Produce,Royal Gala Apples,Farmfresh,180.0,130.0,12.0,SUP003,Bengaluru,Express,6400,2250.0,South,29.2,15.1,0,0,1,0,5,1,8,1.0,1.0,1.8571428571428572,50.62,64.0,12.0,0
2026-08-23,S03,P04,0,0.0,0.0,0,94.0,0,0.0,94.0,30,2,Produce,Royal Gala Apples,Farmfresh,180.0,130.0,12.0,SUP003,Bengaluru,Express,6400,2250.0,South,30.2,0.0,0,0,1,0,6,1,8,1.0,2.0,1.8571428571428572,50.62,64.0,12.0,0
2026-08-24,S03,P04,4,720.0,0.0,0,94.0,0,4.0,90.0,30,2,Produce,Royal Gala Apples,Farmfresh,180.0,130.0,12.0,SUP003,Bengaluru,Express,6400,2250.0,South,27.0,0.0,0,0,0,0,0,0,8,0.0,2.0,1.5714285714285714,57.27,60.0,9.0,0
2026-08-08,S03,P05,1,40.0,0.0,0,80.0,0,1.0,79.0,50,2,Produce,Organic Potatoes,Greenfields,40.0,25.0,12.0,SUP003,Bengaluru,Express,6400,2250.0,South,26.9,22.0,0,0,1,0,5,1,8,0.0,4.0,4.285714285714286,18.43,29.0,29.0,0
2026-08-09,S03,P05,4,140.0,12.5,1,79.0,0,4.0,75.0,50,2,Produce,Organic Potatoes,Greenfields,40.0,25.0,12.0,SUP003,Bengaluru,Express,6400,2250.0,South,26.4,11.4,0,0,1,1,6,1,8,1.0,7.0,3.857142857142857,19.44,25.0,28.0,0
2026-08-10,S03,P05,1,40.0,0.0,0,75.0,0,1.0,74.0,50,2,Produce,Organic Potatoes,Greenfields,40.0,25.0,12.0,SUP003,Bengaluru,Express,6400,2250.0,South,28.5,38.5,0,0,0,0,0,0,8,4.0,3.0,3.4285714285714284,21.58,24.0,29.0,0
2026-08-11,S03,P05,2,68.0,15.0,1,74.0,0,2.0,72.0,50,2,Produce,Organic Potatoes,Greenfields,40.0,25.0,12.0,SUP003,Bengaluru,Express,6400,2250.0,South,24.5,0.0,0,0,0,0,1,0,8,1.0,1.0,3.142857142857143,22.91,22.0,31.0,0
2026-08-12,S03,P05,3,110.0,8.33,1,72.0,0,3.0,69.0,50,2,Produce,Organic Potatoes,Greenfields,40.0,25.0,12.0,SUP003,Bengaluru,Express,6400,2250.0,South,28.9,4.7,0,0,0,0,2,0,8,2.0,8.0,3.2857142857142856,21.0,19.0,35.0,0
2026-08-13,S03,P05,3,120.0,0.0,0,69.0,0,3.0,66.0,50,2,Produce,Organic Potatoes,Greenfields,40.0,25.0,12.0,SUP003,Bengaluru,Express,6400,2250.0,South,26.8,5.0,0,0,0,0,3,0,8,3.0,7.0,2.5714285714285716,25.67,16.0,35.0,0
2026-08-14,S03,P05,4,148.0,6.67,1,66.0,0,4.0,62.0,50,2,Produce,Organic Potatoes,Greenfields,40.0,25.0,12.0,SUP003,Bengaluru,Express,6400,2250.0,South,27.2,0.0,0,0,0,1,4,0,8,3.0,0.0,2.0,31.0,12.0,37.0,0
2026-08-15,S03,P05,12,438.0,7.5,1,62.0,0,12.0,50.0,50,2,Produce,Organic Potatoes,Greenfields,40.0,25.0,12.0,SUP003,Bengaluru,Express,6400,2250.0,South,25.9,37.9,1,1,1,0,5,1,8,4.0,1.0,2.5714285714285716,19.44,0.0,30.0,0
2026-08-16,S03,P05,3,110.0,7.5,1,50.0,0,3.0,47.0,50,2,Produce,Organic Potatoes,Greenfields,40.0,25.0,12.0,SUP003,Bengaluru,Express,6400,2250.0,South,25.6,55.3,0,0,1,0,6,1,8,12.0,4.0,4.142857142857143,11.34,-3.0,33.0,0
2026-08-17,S03,P05,2,64.0,20.0,1,47.0,120,2.0,165.0,50,2,Produce,Organic Potatoes,Greenfields,40.0,25.0,12.0,SUP003,Bengaluru,Express,6400,2250.0,South,28.0,0.0,0,0,0,0,0,0,8,3.0,1.0,4.0,41.25,115.0,32.0,0
2026-08-18,S03,P05,4,160.0,0.0,0,165.0,0,4.0,161.0,50,2,Produce,Organic Potatoes,Greenfields,40.0,25.0,12.0,SUP003,Bengaluru,Express,6400,2250.0,South,45.0,4.8,0,0,0,0,1,0,8,2.0,2.0,4.142857142857143,38.86,111.0,28.0,0
2026-08-19,S03,P05,7,278.0,1.67,1,161.0,0,7.0,154.0,50,2,Produce,Organic Potatoes,Greenfields,40.0,25.0,12.0,SUP003,Bengaluru,Express,6400,2250.0,South,25.1,0.0,0,0,0,1,2,0,8,4.0,3.0,4.428571428571429,34.77,104.0,26.0,0
2026-08-20,S03,P05,3,116.0,5.0,1,154.0,0,3.0,151.0,50,2,Produce,Organic Potatoes,Greenfields,40.0,25.0,12.0,SUP003,Bengaluru,Express,6400,2250.0,South,25.0,94.0,0,0,0,0,3,0,8,7.0,3.0,5.0,30.2,101.0,28.0,0
2026-08-21,S03,P05,6,240.0,0.0,0,151.0,0,6.0,145.0,50,2,Produce,Organic Potatoes,Greenfields,40.0,25.0,12.0,SUP003,Bengaluru,Express,6400,2250.0,South,30.2,10.0,0,0,0,0,4,0,8,3.0,4.0,5.0,29.0,95.0,25.0,0
2026-08-22,S03,P05,5,184.0,6.25,1,145.0,0,5.0,140.0,50,2,Produce,Organic Potatoes,Greenfields,40.0,25.0,12.0,SUP003,Bengaluru,Express,6400,2250.0,South,29.2,15.1,0,0,1,0,5,1,8,6.0,12.0,5.285714285714286,26.49,90.0,24.0,0
2026-08-23,S03,P05,6,234.0,1.67,1,140.0,0,6.0,134.0,50,2,Produce,Organic Potatoes,Greenfields,40.0,25.0,12.0,SUP003,Bengaluru,Express,6400,2250.0,South,30.2,0.0,0,0,1,0,6,1,8,5.0,3.0,4.285714285714286,31.27,84.0,22.0,0
2026-08-24,S03,P05,1,40.0,0.0,0,134.0,0,1.0,133.0,50,2,Produce,Organic Potatoes,Greenfields,40.0,25.0,12.0,SUP003,Bengaluru,Express,6400,2250.0,South,27.0,0.0,0,0,0,0,0,0,8,6.0,2.0,4.714285714285714,28.21,83.0,30.0,0
2026-08-08,S03,P06,1,340.0,0.0,0,43.0,0,1.0,42.0,20,4,Beverages,Tea Gold,Tata,340.0,270.0,365.0,SUP004,Bengaluru,Express,6400,2250.0,South,26.9,22.0,0,0,1,0,5,1,8,0.0,0.0,1.7142857142857142,24.5,22.0,12.0,0
2026-08-09,S03,P06,0,0.0,0.0,0,42.0,0,0.0,42.0,20,4,Beverages,Tea Gold,Tata,340.0,270.0,365.0,SUP004,Bengaluru,Express,6400,2250.0,South,26.4,11.4,0,0,1,1,6,1,8,1.0,4.0,1.8571428571428572,22.62,22.0,13.0,0
2026-08-10,S03,P06,2,663.0,2.5,1,42.0,0,2.0,40.0,20,4,Beverages,Tea Gold,Tata,340.0,270.0,365.0,SUP004,Bengaluru,Express,6400,2250.0,South,28.5,38.5,0,0,0,0,0,0,8,0.0,3.0,1.2857142857142858,31.11,20.0,11.0,0
2026-08-11,S03,P06,1,340.0,0.0,0,40.0,0,1.0,39.0,20,4,Beverages,Tea Gold,Tata,340.0,270.0,365.0,SUP004,Bengaluru,Express,6400,2250.0,South,24.5,0.0,0,0,0,0,1,0,8,2.0,3.0,1.1428571428571428,34.12,19.0,10.0,0
2026-08-12,S03,P06,5,1445.0,15.0,1,39.0,0,5.0,34.0,20,4,Beverages,Tea Gold,Tata,340.0,270.0,365.0,SUP004,Bengaluru,Express,6400,2250.0,South,28.9,4.7,0,0,0,0,2,0,8,1.0,0.0,0.8571428571428571,39.67,14.0,5.0,0
2026-08-13,S03,P06,4,1343.0,1.25,1,34.0,0,4.0,30.0,20,4,Beverages,Tea Gold,Tata,340.0,270.0,365.0,SUP004,Bengaluru,Express,6400,2250.0,South,26.8,5.0,0,0,0,0,3,0,8,5.0,2.0,1.5714285714285714,19.09,10.0,2.0,0
2026-08-14,S03,P06,0,0.0,0.0,0,30.0,0,0.0,30.0,20,4,Beverages,Tea Gold,Tata,340.0,270.0,365.0,SUP004,Bengaluru,Express,6400,2250.0,South,27.2,0.0,0,0,0,1,4,0,8,4.0,0.0,1.8571428571428572,16.15,10.0,4.0,0
2026-08-15,S03,P06,0,0.0,0.0,0,30.0,0,0.0,30.0,20,4,Beverages,Tea Gold,Tata,340.0,270.0,365.0,SUP004,Bengaluru,Express,6400,2250.0,South,25.9,37.9,1,1,1,0,5,1,8,0.0,1.0,1.8571428571428572,16.15,10.0,6.0,0
2026-08-16,S03,P06,1,340.0,0.0,0,30.0,0,1.0,29.0,20,4,Beverages,Tea Gold,Tata,340.0,270.0,365.0,SUP004,Bengaluru,Express,6400,2250.0,South,25.6,55.3,0,0,1,0,6,1,8,0.0,0.0,1.7142857142857142,16.92,9.0,6.0,0
2026-08-17,S03,P06,0,0.0,0.0,0,29.0,0,0.0,29.0,20,4,Beverages,Tea Gold,Tata,340.0,270.0,365.0,SUP004,Bengaluru,Express,6400,2250.0,South,28.0,0.0,0,0,0,0,0,0,8,1.0,2.0,1.8571428571428572,15.62,9.0,10.0,0
2026-08-18,S03,P06,0,0.0,0.0,0,29.0,0,0.0,29.0,20,4,Beverages,Tea Gold,Tata,340.0,270.0,365.0,SUP004,Bengaluru,Express,6400,2250.0,South,45.0,4.8,0,0,0,0,1,0,8,0.0,1.0,1.5714285714285714,18.45,9.0,11.0,0
2026-08-19,S03,P06,0,0.0,0.0,0,29.0,0,0.0,29.0,20,4,Beverages,Tea Gold,Tata,340.0,270.0,365.0,SUP004,Bengaluru,Express,6400,2250.0,South,25.1,0.0,0,0,0,1,2,0,8,0.0,5.0,1.4285714285714286,20.3,9.0,13.0,0
2026-08-20,S03,P06,1,272.0,20.0,1,29.0,0,1.0,28.0,20,4,Beverages,Tea Gold,Tata,340.0,270.0,365.0,SUP004,Bengaluru,Express,6400,2250.0,South,25.0,94.0,0,0,0,0,3,0,8,0.0,4.0,0.7142857142857143,39.2,8.0,13.0,0
2026-08-21,S03,P06,2,680.0,0.0,0,28.0,0,2.0,26.0,20,4,Beverages,Tea Gold,Tata,340.0,270.0,365.0,SUP004,Bengaluru,Express,6400,2250.0,South,30.2,10.0,0,0,0,0,4,0,8,1.0,0.0,0.2857142857142857,91.0,6.0,11.0,0
2026-08-22,S03,P06,2,544.0,20.0,1,26.0,0,2.0,24.0,20,4,Beverages,Tea Gold,Tata,340.0,270.0,365.0,SUP004,Bengaluru,Express,6400,2250.0,South,29.2,15.1,0,0,1,0,5,1,8,2.0,0.0,0.5714285714285714,42.0,4.0,12.0,0
2026-08-23,S03,P06,1,323.0,5.0,1,24.0,0,1.0,23.0,20,4,Beverages,Tea Gold,Tata,340.0,270.0,365.0,SUP004,Bengaluru,Express,6400,2250.0,South,30.2,0.0,0,0,1,0,6,1,8,2.0,1.0,0.8571428571428571,26.83,3.0,12.0,0
2026-08-24,S03,P06,4,1190.0,12.5,1,23.0,0,4.0,19.0,20,4,Beverages,Tea Gold,Tata,340.0,270.0,365.0,SUP004,Bengaluru,Express,6400,2250.0,South,27.0,0.0,0,0,0,0,0,0,8,1.0,0.0,0.8571428571428571,22.17,-1.0,8.0,0
2026-08-08,S03,P07,0,0.0,0.0,0,48.0,0,0.0,48.0,25,5,Personal Care,Antiseptic Soap,Dettol,125.0,95.0,730.0,SUP005,Bengaluru,Express,6400,2250.0,South,26.9,22.0,0,0,1,0,5,1,8,0.0,5.0,1.7142857142857142,28.0,23.0,7.0,0
2026-08-09,S03,P07,1,125.0,0.0,0,48.0,0,1.0,47.0,25,5,Personal Care,Antiseptic Soap,Dettol,125.0,95.0,730.0,SUP005,Bengaluru,Express,6400,2250.0,South,26.4,11.4,0,0,1,1,6,1,8,0.0,1.0,1.0,47.0,22.0,6.0,0
2026-08-10,S03,P07,3,375.0,0.0,0,47.0,0,3.0,44.0,25,5,Personal Care,Antiseptic Soap,Dettol,125.0,95.0,730.0,SUP005,Bengaluru,Express,6400,2250.0,South,28.5,38.5,0,0,0,0,0,0,8,1.0,2.0,1.0,44.0,19.0,3.0,0
2026-08-11,S03,P07,0,0.0,0.0,0,44.0,0,0.0,44.0,25,5,Personal Care,Antiseptic Soap,Dettol,125.0,95.0,730.0,SUP005,Bengaluru,Express,6400,2250.0,South,24.5,0.0,0,0,0,0,1,0,8,3.0,0.0,1.1428571428571428,38.5,19.0,3.0,0
2026-08-12,S03,P07,0,0.0,0.0,0,44.0,0,0.0,44.0,25,5,Personal Care,Antiseptic Soap,Dettol,125.0,95.0,730.0,SUP005,Bengaluru,Express,6400,2250.0,South,28.9,4.7,0,0,0,0,2,0,8,0.0,4.0,1.1428571428571428,38.5,19.0,3.0,0
2026-08-13,S03,P07,0,0.0,0.0,0,44.0,0,0.0,44.0,25,5,Personal Care,Antiseptic Soap,Dettol,125.0,95.0,730.0,SUP005,Bengaluru,Express,6400,2250.0,South,26.8,5.0,0,0,0,0,3,0,8,0.0,0.0,0.5714285714285714,77.0,19.0,4.0,0
2026-08-14,S03,P07,2,250.0,0.0,0,44.0,0,2.0,42.0,25,5,Personal Care,Antiseptic Soap,Dettol,125.0,95.0,730.0,SUP005,Bengaluru,Express,6400,2250.0,South,27.2,0.0,0,0,0,1,4,0,8,0.0,0.0,0.5714285714285714,73.5,17.0,4.0,0
2026-08-15,S03,P07,1,112.5,10.0,1,42.0,0,1.0,41.0,25,5,Personal Care,Antiseptic Soap,Dettol,125.0,95.0,730.0,SUP005,Bengaluru,Express,6400,2250.0,South,25.9,37.9,1,1,1,0,5,1,8,2.0,0.0,0.8571428571428571,47.83,16.0,3.0,0
2026-08-16,S03,P07,0,0.0,0.0,0,41.0,0,0.0,41.0,25,5,Personal Care,Antiseptic Soap,Dettol,125.0,95.0,730.0,SUP005,Bengaluru,Express,6400,2250.0,South,25.6,55.3,0,0,1,0,6,1,8,1.0,1.0,1.0,41.0,16.0,5.0,0
2026-08-17,S03,P07,0,0.0,0.0,0,41.0,0,0.0,41.0,25,5,Personal Care,Antiseptic Soap,Dettol,125.0,95.0,730.0,SUP005,Bengaluru,Express,6400,2250.0,South,28.0,0.0,0,0,0,0,0,0,8,0.0,3.0,0.8571428571428571,47.83,16.0,5.0,0
2026-08-18,S03,P07,0,0.0,0.0,0,41.0,0,0.0,41.0,25,5,Personal Care,Antiseptic Soap,Dettol,125.0,95.0,730.0,SUP005,Bengaluru,Express,6400,2250.0,South,45.0,4.8,0,0,0,0,1,0,8,0.0,0.0,0.42857142857142855,95.67,16.0,5.0,0
2026-08-19,S03,P07,0,0.0,0.0,0,41.0,0,0.0,41.0,25,5,Personal Care,Antiseptic Soap,Dettol,125.0,95.0,730.0,SUP005,Bengaluru,Express,6400,2250.0,South,25.1,0.0,0,0,0,1,2,0,8,0.0,0.0,0.42857142857142855,95.67,16.0,6.0,0
2026-08-20,S03,P07,1,125.0,0.0,0,41.0,0,1.0,40.0,25,5,Personal Care,Antiseptic Soap,Dettol,125.0,95.0,730.0,SUP005,Bengaluru,Express,6400,2250.0,South,25.0,94.0,0,0,0,0,3,0,8,0.0,0.0,0.42857142857142855,93.33,15.0,5.0,0
2026-08-21,S03,P07,2,225.0,10.0,1,40.0,0,2.0,38.0,25,5,Personal Care,Antiseptic Soap,Dettol,125.0,95.0,730.0,SUP005,Bengaluru,Express,6400,2250.0,South,30.2,10.0,0,0,0,0,4,0,8,1.0,2.0,0.5714285714285714,66.5,13.0,9.0,0
2026-08-22,S03,P07,0,0.0,0.0,0,38.0,0,0.0,38.0,25,5,Personal Care,Antiseptic Soap,Dettol,125.0,95.0,730.0,SUP005,Bengaluru,Express,6400,2250.0,South,29.2,15.1,0,0,1,0,5,1,8,2.0,1.0,0.5714285714285714,66.5,13.0,9.0,0
2026-08-23,S03,P07,2,243.75,2.5,1,38.0,0,2.0,36.0,25,5,Personal Care,Antiseptic Soap,Dettol,125.0,95.0,730.0,SUP005,Bengaluru,Express,6400,2250.0,South,30.2,0.0,0,0,1,0,6,1,8,0.0,0.0,0.42857142857142855,84.0,11.0,12.0,0
2026-08-24,S03,P07,0,0.0,0.0,0,36.0,0,0.0,36.0,25,5,Personal Care,Antiseptic Soap,Dettol,125.0,95.0,730.0,SUP005,Bengaluru,Express,6400,2250.0,South,27.0,0.0,0,0,0,0,0,0,8,2.0,0.0,0.7142857142857143,50.4,11.0,12.0,0
2026-08-08,S03,P08,4,2080.0,0.0,0,45.0,0,4.0,41.0,20,4,Staples,Basmati Rice 5Kg,India Gate,520.0,415.0,365.0,SUP006,Bengaluru,Express,6400,2250.0,South,26.9,22.0,0,0,1,0,5,1,8,2.0,0.0,0.7142857142857143,57.4,21.0,19.0,0
2026-08-09,S03,P08,1,0.0,0.0,0,41.0,0,1.0,40.0,20,4,Staples,Basmati Rice 5Kg,India Gate,520.0,415.0,365.0,SUP006,Bengaluru,Express,6400,2250.0,South,26.4,11.4,0,0,1,1,6,1,8,4.0,1.0,1.2857142857142858,31.11,20.0,22.0,0
2026-08-10,S03,P08,6,3120.0,0.0,0,40.0,0,6.0,34.0,20,4,Staples,Basmati Rice 5Kg,India Gate,520.0,415.0,365.0,SUP006,Bengaluru,Express,6400,2250.0,South,28.5,38.5,0,0,0,0,0,0,8,1.0,0.0,1.2857142857142858,26.44,14.0,17.0,0
2026-08-11,S03,P08,1,520.0,0.0,0,34.0,0,1.0,33.0,20,4,Staples,Basmati Rice 5Kg,India Gate,520.0,415.0,365.0,SUP006,Bengaluru,Express,6400,2250.0,South,24.5,0.0,0,0,0,0,1,0,8,6.0,0.0,2.142857142857143,15.4,13.0,19.0,0
2026-08-12,S03,P08,5,2210.0,15.0,1,33.0,0,5.0,28.0,20,4,Staples,Basmati Rice 5Kg,India Gate,520.0,415.0,365.0,SUP006,Bengaluru,Express,6400,2250.0,South,28.9,4.7,0,0,0,0,2,0,8,1.0,2.0,2.2857142857142856,12.25,8.0,14.0,0
2026-08-13,S03,P08,0,0.0,0.0,0,28.0,0,0.0,28.0,20,4,Staples,Basmati Rice 5Kg,India Gate,520.0,415.0,365.0,SUP006,Bengaluru,Express,6400,2250.0,South,26.8,5.0,0,0,0,0,3,0,8,5.0,0.0,2.7142857142857144,10.32,8.0,14.0,0
2026-08-14,S03,P08,4,1924.0,7.5,1,28.0,0,4.0,24.0,20,4,Staples,Basmati Rice 5Kg,India Gate,520.0,415.0,365.0,SUP006,Bengaluru,Express,6400,2250.0,South,27.2,0.0,0,0,0,1,4,0,8,0.0,2.0,2.7142857142857144,8.84,4.0,10.0,0
2026-08-15,S03,P08,2,988.0,5.0,1,24.0,0,2.0,22.0,20,4,Staples,Basmati Rice 5Kg,India Gate,520.0,415.0,365.0,SUP006,Bengaluru,Express,6400,2250.0,South,25.9,37.9,1,1,1,0,5,1,8,4.0,4.0,3.0,7.33,2.0,8.0,0
2026-08-16,S03,P08,4,1560.0,25.0,1,22.0,0,4.0,18.0,20,4,Staples,Basmati Rice 5Kg,India Gate,520.0,415.0,365.0,SUP006,Bengaluru,Express,6400,2250.0,South,25.6,55.3,0,0,1,0,6,1,8,2.0,1.0,2.7142857142857144,6.63,-2.0,10.0,0
2026-08-17,S03,P08,1,520.0,0.0,0,18.0,0,1.0,17.0,20,4,Staples,Basmati Rice 5Kg,India Gate,520.0,415.0,365.0,SUP006,Bengaluru,Express,6400,2250.0,South,28.0,0.0,0,0,0,0,0,0,8,4.0,6.0,3.142857142857143,5.41,-3.0,9.0,0
2026-08-18,S03,P08,3,1560.0,0.0,0,17.0,0,3.0,14.0,20,4,Staples,Basmati Rice 5Kg,India Gate,520.0,415.0,365.0,SUP006,Bengaluru,Express,6400,2250.0,South,45.0,4.8,0,0,0,0,1,0,8,1.0,1.0,2.4285714285714284,5.76,-6.0,6.0,0
2026-08-19,S03,P08,0,0.0,0.0,0,14.0,0,0.0,14.0,20,4,Staples,Basmati Rice 5Kg,India Gate,520.0,415.0,365.0,SUP006,Bengaluru,Express,6400,2250.0,South,25.1,0.0,0,0,0,1,2,0,8,3.0,5.0,2.7142857142857144,5.16,-6.0,7.0,0
2026-08-20,S03,P08,0,0.0,0.0,0,14.0,45,0.0,59.0,20,4,Staples,Basmati Rice 5Kg,India Gate,520.0,415.0,365.0,SUP006,Bengaluru,Express,6400,2250.0,South,25.0,94.0,0,0,0,0,3,0,8,0.0,0.0,2.0,29.5,39.0,7.0,0
2026-08-21,S03,P08,0,0.0,0.0,0,59.0,0,0.0,59.0,20,4,Staples,Basmati Rice 5Kg,India Gate,520.0,415.0,365.0,SUP006,Bengaluru,Express,6400,2250.0,South,30.2,10.0,0,0,0,0,4,0,8,0.0,4.0,2.0,29.5,39.0,7.0,0
2026-08-22,S03,P08,0,0.0,0.0,0,59.0,0,0.0,59.0,20,4,Staples,Basmati Rice 5Kg,India Gate,520.0,415.0,365.0,SUP006,Bengaluru,Express,6400,2250.0,South,29.2,15.1,0,0,1,0,5,1,8,0.0,2.0,1.4285714285714286,41.3,39.0,10.0,0
2026-08-23,S03,P08,6,3120.0,0.0,0,59.0,0,6.0,53.0,20,4,Staples,Basmati Rice 5Kg,India Gate,520.0,415.0,365.0,SUP006,Bengaluru,Express,6400,2250.0,South,30.2,0.0,0,0,1,0,6,1,8,0.0,4.0,1.1428571428571428,46.38,33.0,5.0,0
2026-08-24,S03,P08,0,0.0,0.0,0,53.0,0,0.0,53.0,20,4,Staples,Basmati Rice 5Kg,India Gate,520.0,415.0,365.0,SUP006,Bengaluru,Express,6400,2250.0,South,27.0,0.0,0,0,0,0,0,0,8,6.0,1.0,1.4285714285714286,37.1,33.0,5.0,0
2026-08-08,S03,P09,1,148.75,15.0,1,52.0,0,1.0,51.0,25,3,Staples,Sunflower Oil 1L,Fortune,175.0,140.0,270.0,SUP006,Bengaluru,Express,6400,2250.0,South,26.9,22.0,0,0,1,0,5,1,8,3.0,0.0,1.1428571428571428,44.62,26.0,15.0,0
2026-08-09,S03,P09,4,612.5,12.5,1,51.0,0,4.0,47.0,25,3,Staples,Sunflower Oil 1L,Fortune,175.0,140.0,270.0,SUP006,Bengaluru,Express,6400,2250.0,South,26.4,11.4,0,0,1,1,6,1,8,1.0,1.0,1.2857142857142858,36.56,22.0,13.0,0
2026-08-10,S03,P09,2,350.0,0.0,0,47.0,0,2.0,45.0,25,3,Staples,Sunflower Oil 1L,Fortune,175.0,140.0,270.0,SUP006,Bengaluru,Express,6400,2250.0,South,28.5,38.5,0,0,0,0,0,0,8,4.0,2.0,1.7142857142857142,26.25,20.0,11.0,0
2026-08-11,S03,P09,3,507.5,5.0,1,45.0,0,3.0,42.0,25,3,Staples,Sunflower Oil 1L,Fortune,175.0,140.0,270.0,SUP006,Bengaluru,Express,6400,2250.0,South,24.5,0.0,0,0,0,0,1,0,8,2.0,2.0,1.7142857142857142,24.5,17.0,8.0,0
2026-08-12,S03,P09,2,350.0,0.0,0,42.0,0,2.0,40.0,25,3,Staples,Sunflower Oil 1L,Fortune,175.0,140.0,270.0,SUP006,Bengaluru,Express,6400,2250.0,South,28.9,4.7,0,0,0,0,2,0,8,3.0,0.0,1.8571428571428572,21.54,15.0,6.0,0
2026-08-13,S03,P09,0,0.0,0.0,0,40.0,0,0.0,40.0,25,3,Staples,Sunflower Oil 1L,Fortune,175.0,140.0,270.0,SUP006,Bengaluru,Express,6400,2250.0,South,26.8,5.0,0,0,0,0,3,0,8,2.0,0.0,2.142857142857143,18.67,15.0,8.0,0
2026-08-14,S03,P09,2,350.0,0.0,0,40.0,0,2.0,38.0,25,3,Staples,Sunflower Oil 1L,Fortune,175.0,140.0,270.0,SUP006,Bengaluru,Express,6400,2250.0,South,27.2,0.0,0,0,0,1,4,0,8,0.0,3.0,2.142857142857143,17.73,13.0,8.0,0
2026-08-15,S03,P09,2,332.5,5.0,1,38.0,0,2.0,36.0,25,3,Staples,Sunflower Oil 1L,Fortune,175.0,140.0,270.0,SUP006,Bengaluru,Express,6400,2250.0,South,25.9,37.9,1,1,1,0,5,1,8,2.0,1.0,2.0,18.0,11.0,7.0,0
2026-08-16,S03,P09,2,315.0,10.0,1,36.0,0,2.0,34.0,25,3,Staples,Sunflower Oil 1L,Fortune,175.0,140.0,270.0,SUP006,Bengaluru,Express,6400,2250.0,South,25.6,55.3,0,0,1,0,6,1,8,2.0,4.0,2.142857142857143,15.87,9.0,6.0,0
2026-08-17,S03,P09,0,0.0,0.0,0,34.0,0,0.0,34.0,25,3,Staples,Sunflower Oil 1L,Fortune,175.0,140.0,270.0,SUP006,Bengaluru,Express,6400,2250.0,South,28.0,0.0,0,0,0,0,0,0,8,2.0,2.0,1.8571428571428572,18.31,9.0,6.0,0
2026-08-18,S03,P09,0,0.0,0.0,0,34.0,0,0.0,34.0,25,3,Staples,Sunflower Oil 1L,Fortune,175.0,140.0,270.0,SUP006,Bengaluru,Express,6400,2250.0,South,45.0,4.8,0,0,0,0,1,0,8,0.0,3.0,1.5714285714285714,21.64,9.0,6.0,0
2026-08-19,S03,P09,0,0.0,0.0,0,34.0,0,0.0,34.0,25,3,Staples,Sunflower Oil 1L,Fortune,175.0,140.0,270.0,SUP006,Bengaluru,Express,6400,2250.0,South,25.1,0.0,0,0,0,1,2,0,8,0.0,2.0,1.1428571428571428,29.75,9.0,506.0,0
2026-08-20,S03,P09,2,332.5,5.0,1,34.0,0,2.0,32.0,25,3,Staples,Sunflower Oil 1L,Fortune,175.0,140.0,270.0,SUP006,Bengaluru,Express,6400,2250.0,South,25.0,94.0,0,0,0,0,3,0,8,0.0,0.0,0.8571428571428571,37.33,7.0,507.0,0
2026-08-21,S03,P09,2,332.5,5.0,1,32.0,0,2.0,30.0,25,3,Staples,Sunflower Oil 1L,Fortune,175.0,140.0,270.0,SUP006,Bengaluru,Express,6400,2250.0,South,30.2,10.0,0,0,0,0,4,0,8,2.0,2.0,1.1428571428571428,26.25,5.0,507.0,0
2026-08-22,S03,P09,1,175.0,0.0,0,30.0,0,1.0,29.0,25,3,Staples,Sunflower Oil 1L,Fortune,175.0,140.0,270.0,SUP006,Bengaluru,Express,6400,2250.0,South,29.2,15.1,0,0,1,0,5,1,8,2.0,2.0,1.1428571428571428,25.38,4.0,512.0,0
2026-08-23,S03,P09,1,166.25,5.0,1,29.0,0,1.0,28.0,25,3,Staples,Sunflower Oil 1L,Fortune,175.0,140.0,270.0,SUP006,Bengaluru,Express,6400,2250.0,South,30.2,0.0,0,0,1,0,6,1,8,1.0,2.0,1.0,28.0,3.0,519.0,0
2026-08-24,S03,P09,0,0.0,0.0,0,28.0,0,0.0,28.0,25,3,Staples,Sunflower Oil 1L,Fortune,175.0,140.0,270.0,SUP006,Bengaluru,Express,6400,2250.0,South,27.0,0.0,0,0,0,0,0,0,8,1.0,0.0,0.8571428571428571,32.67,3.0,519.0,0
2026-08-08,S03,P10,0,0.0,0.0,0,67.0,0,0.0,67.0,35,3,Snacks,Gold Biscuits,Parle,60.0,45.0,180.0,SUP_UNKNOWN,Bengaluru,Express,6400,2250.0,South,26.9,22.0,0,0,1,0,5,1,8,4.0,0.0,1.1428571428571428,58.62,32.0,17.0,0
2026-08-09,S03,P10,1,51.0,15.0,1,67.0,0,1.0,66.0,35,3,Snacks,Gold Biscuits,Parle,60.0,45.0,180.0,SUP_UNKNOWN,Bengaluru,Express,6400,2250.0,South,26.4,11.4,0,0,1,1,6,1,8,0.0,1.0,1.1428571428571428,57.75,31.0,18.0,0
2026-08-10,S03,P10,7,420.0,0.0,0,66.0,0,7.0,59.0,35,3,Snacks,Gold Biscuits,Parle,60.0,45.0,180.0,SUP_UNKNOWN,Bengaluru,Express,6400,2250.0,South,28.5,38.5,0,0,0,0,0,0,8,1.0,2.0,1.1428571428571428,51.62,24.0,12.0,0
2026-08-11,S03,P10,2,120.0,0.0,0,59.0,0,2.0,57.0,35,3,Snacks,Gold Biscuits,Parle,60.0,45.0,180.0,SUP_UNKNOWN,Bengaluru,Express,6400,2250.0,South,24.5,0.0,0,0,0,0,1,0,8,7.0,0.0,1.8571428571428572,30.69,22.0,10.0,0
2026-08-12,S03,P10,0,0.0,0.0,0,57.0,0,0.0,57.0,35,3,Snacks,Gold Biscuits,Parle,60.0,45.0,180.0,SUP_UNKNOWN,Bengaluru,Express,6400,2250.0,South,28.9,4.7,0,0,0,0,2,0,8,2.0,1.0,2.142857142857143,26.6,22.0,12.0,0
2026-08-13,S03,P10,2,90.0,25.0,1,57.0,0,2.0,55.0,35,3,Snacks,Gold Biscuits,Parle,60.0,45.0,180.0,SUP_UNKNOWN,Bengaluru,Express,6400,2250.0,South,26.8,5.0,0,0,0,0,3,0,8,0.0,0.0,2.0,27.5,20.0,15.0,0
2026-08-14,S03,P10,3,177.0,2.5,1,55.0,0,3.0,52.0,35,3,Snacks,Gold Biscuits,Parle,60.0,45.0,180.0,SUP_UNKNOWN,Bengaluru,Express,6400,2250.0,South,27.2,0.0,0,0,0,1,4,0,8,2.0,4.0,2.2857142857142856,22.75,17.0,13.0,0
2026-08-15,S03,P10,2,117.0,2.5,1,52.0,0,2.0,50.0,35,3,Snacks,Gold Biscuits,Parle,60.0,45.0,180.0,SUP_UNKNOWN,Bengaluru,Express,6400,2250.0,South,25.9,37.9,1,1,1,0,5,1,8,3.0,0.0,2.142857142857143,23.33,15.0,11.0,0
2026-08-16,S03,P10,2,117.0,2.5,1,50.0,0,2.0,48.0,35,3,Snacks,Gold Biscuits,Parle,60.0,45.0,180.0,SUP_UNKNOWN,Bengaluru,Express,6400,2250.0,South,25.6,55.3,0,0,1,0,6,1,8,2.0,1.0,2.4285714285714284,19.76,13.0,14.0,0
2026-08-17,S03,P10,1,51.0,15.0,1,48.0,0,1.0,47.0,35,3,Snacks,Gold Biscuits,Parle,60.0,45.0,180.0,SUP_UNKNOWN,Bengaluru,Express,6400,2250.0,South,28.0,0.0,0,0,0,0,0,0,8,2.0,7.0,2.5714285714285716,18.28,12.0,15.0,0
2026-08-18,S03,P10,0,0.0,0.0,0,47.0,0,0.0,47.0,35,3,Snacks,Gold Biscuits,Parle,60.0,45.0,180.0,SUP_UNKNOWN,Bengaluru,Express,6400,2250.0,South,45.0,4.8,0,0,0,0,1,0,8,1.0,2.0,1.7142857142857142,27.42,12.0,15.0,0
2026-08-19,S03,P10,2,120.0,0.0,0,47.0,0,2.0,45.0,35,3,Snacks,Gold Biscuits,Parle,60.0,45.0,180.0,SUP_UNKNOWN,Bengaluru,Express,6400,2250.0,South,25.1,0.0,0,0,0,1,2,0,8,0.0,0.0,1.4285714285714286,31.5,10.0,16.0,0
2026-08-20,S03,P10,5,300.0,0.0,0,45.0,0,5.0,40.0,35,3,Snacks,Gold Biscuits,Parle,60.0,45.0,180.0,SUP_UNKNOWN,Bengaluru,Express,6400,2250.0,South,25.0,94.0,0,0,0,0,3,0,8,2.0,2.0,1.7142857142857142,23.33,5.0,12.0,0
2026-08-21,S03,P10,1,54.0,10.0,1,40.0,0,1.0,39.0,35,3,Snacks,Gold Biscuits,Parle,60.0,45.0,180.0,SUP_UNKNOWN,Bengaluru,Express,6400,2250.0,South,30.2,10.0,0,0,0,0,4,0,8,5.0,3.0,2.142857142857143,18.2,4.0,14.0,0
2026-08-22,S03,P10,0,0.0,0.0,0,39.0,0,0.0,39.0,35,3,Snacks,Gold Biscuits,Parle,60.0,45.0,180.0,SUP_UNKNOWN,Bengaluru,Express,6400,2250.0,South,29.2,15.1,0,0,1,0,5,1,8,1.0,2.0,1.8571428571428572,21.0,4.0,14.0,0
2026-08-23,S03,P10,5,294.0,2.5,1,39.0,0,5.0,34.0,35,3,Snacks,Gold Biscuits,Parle,60.0,45.0,180.0,SUP_UNKNOWN,Bengaluru,Express,6400,2250.0,South,30.2,0.0,0,0,1,0,6,1,8,0.0,2.0,1.5714285714285714,21.64,-1.0,9.0,0
2026-08-24,S03,P10,2,105.0,12.5,1,34.0,0,2.0,32.0,35,3,Snacks,Gold Biscuits,Parle,60.0,45.0,180.0,SUP_UNKNOWN,Bengaluru,Express,6400,2250.0,South,27.0,0.0,0,0,0,0,0,0,8,5.0,1.0,2.0,16.0,-3.0,8.0,0
2026-08-08,S04,P01,13,838.2,3.0,1,114.0,0,13.0,101.0,40,1,Dairy,Fresh Milk,Amul,66.0,52.0,3.0,SUP001,Kolkata,Supermarket,14800,1850.0,East,31.5,5.6,0,0,1,0,5,1,8,7.0,7.0,10.857142857142858,9.3,61.0,72.0,0
2026-08-09,S04,P01,6,392.7,1.25,1,101.0,0,6.0,95.0,40,1,Dairy,Fresh Milk,Amul,66.0,52.0,3.0,SUP001,Kolkata,Supermarket,14800,1850.0,East,28.0,21.6,0,0,1,1,6,1,8,13.0,21.0,11.714285714285714,8.11,55.0,82.0,0
2026-08-10,S04,P01,13,795.3,9.17,1,95.0,0,13.0,82.0,40,1,Dairy,Fresh Milk,Amul,66.0,52.0,3.0,SUP001,Kolkata,Supermarket,14800,1850.0,East,32.4,30.1,0,0,0,0,0,0,8,6.0,5.0,9.571428571428571,8.57,42.0,76.0,0
2026-08-11,S04,P01,2,118.8,10.0,1,82.0,0,2.0,80.0,40,1,Dairy,Fresh Milk,Amul,66.0,52.0,3.0,SUP001,Kolkata,Supermarket,14800,1850.0,East,31.9,0.0,0,0,0,0,1,0,8,13.0,14.0,10.714285714285714,7.47,40.0,85.0,0
2026-08-12,S04,P01,5,300.3,8.33,1,80.0,0,5.0,75.0,40,1,Dairy,Fresh Milk,Amul,66.0,52.0,3.0,SUP001,Kolkata,Supermarket,14800,1850.0,East,35.6,0.0,0,0,0,0,2,0,8,2.0,14.0,9.0,8.33,35.0,85.0,0
2026-08-13,S04,P01,17,1092.3,3.0,1,75.0,0,17.0,58.0,40,1,Dairy,Fresh Milk,Amul,66.0,52.0,3.0,SUP001,Kolkata,Supermarket,14800,1850.0,East,32.5,6.9,0,0,0,0,3,0,8,5.0,8.0,7.714285714285714,7.52,18.0,74.0,0
2026-08-14,S04,P01,10,636.9,3.33,1,58.0,0,10.0,48.0,40,1,Dairy,Fresh Milk,Amul,66.0,52.0,3.0,SUP001,Kolkata,Supermarket,14800,1850.0,East,32.7,10.6,0,0,0,0,4,0,8,17.0,7.0,9.0,5.33,8.0,80.0,0
2026-08-15,S04,P01,19,1204.5,5.91,1,48.0,0,19.0,29.0,40,1,Dairy,Fresh Milk,Amul,66.0,52.0,3.0,SUP001,Kolkata,Supermarket,14800,1850.0,East,35.9,31.0,1,1,1,0,5,1,8,10.0,13.0,9.428571428571429,3.08,-11.0,72.0,0
2026-08-16,S04,P01,16,1019.7,5.0,1,29.0,100,16.0,113.0,40,1,Dairy,Fresh Milk,Amul,66.0,52.0,3.0,SUP001,Kolkata,Supermarket,14800,1850.0,East,32.4,24.8,0,0,1,0,6,1,8,19.0,6.0,10.285714285714286,10.99,73.0,66.0,0
2026-08-17,S04,P01,7,429.0,6.67,1,113.0,0,7.0,106.0,40,1,Dairy,Fresh Milk,Amul,66.0,52.0,3.0,SUP001,Kolkata,Supermarket,14800,1850.0,East,32.9,48.4,0,0,0,0,0,0,8,16.0,13.0,11.714285714285714,9.05,66.0,61.0,0
2026-08-18,S04,P01,11,673.2,11.67,1,106.0,0,11.0,95.0,40,1,Dairy,Fresh Milk,Amul,66.0,52.0,3.0,SUP001,Kolkata,Supermarket,14800,1850.0,East,32.9,19.5,0,0,0,0,1,0,8,7.0,2.0,10.857142857142858,8.75,55.0,54.0,0
2026-08-19,S04,P01,5,330.0,0.0,0,95.0,0,5.0,90.0,40,1,Dairy,Fresh Milk,Amul,66.0,52.0,3.0,SUP001,Kolkata,Supermarket,14800,1850.0,East,32.2,23.2,0,0,0,0,2,0,8,11.0,5.0,12.142857142857142,7.41,50.0,58.0,0
2026-08-20,S04,P01,6,386.1,5.0,1,90.0,0,6.0,84.0,40,1,Dairy,Fresh Milk,Amul,66.0,52.0,3.0,SUP001,Kolkata,Supermarket,14800,1850.0,East,30.8,0.0,0,0,0,0,3,0,8,5.0,17.0,12.142857142857142,6.92,44.0,55.0,0
2026-08-21,S04,P01,16,957.0,10.0,1,84.0,0,16.0,68.0,40,1,Dairy,Fresh Milk,Amul,66.0,52.0,3.0,SUP001,Kolkata,Supermarket,14800,1850.0,East,32.9,0.0,0,0,0,1,4,0,8,6.0,10.0,10.571428571428571,6.43,28.0,50.0,0
2026-08-22,S04,P01,11,666.6,6.88,1,68.0,0,11.0,57.0,40,1,Dairy,Fresh Milk,Amul,66.0,52.0,3.0,SUP001,Kolkata,Supermarket,14800,1850.0,East,33.4,0.0,0,0,1,0,5,1,8,16.0,19.0,11.428571428571429,4.99,17.0,48.0,0
2026-08-23,S04,P01,10,646.8,3.33,1,57.0,0,10.0,47.0,40,1,Dairy,Fresh Milk,Amul,66.0,52.0,3.0,SUP001,Kolkata,Supermarket,14800,1850.0,East,27.5,0.0,0,0,1,0,6,1,8,11.0,16.0,10.285714285714286,4.57,7.0,43.0,0
2026-08-24,S04,P01,2,132.0,0.0,0,47.0,0,2.0,45.0,40,1,Dairy,Fresh Milk,Amul,66.0,52.0,3.0,SUP001,Kolkata,Supermarket,14800,1850.0,East,29.8,0.0,0,0,0,0,0,0,8,10.0,7.0,9.428571428571429,4.77,5.0,51.0,0
2026-08-08,S04,P02,6,1553.75,6.67,1,42.0,0,6.0,36.0,25,3,Dairy,Butter,Amul,275.0,235.0,180.0,SUP001,Kolkata,Supermarket,14800,1850.0,East,31.5,5.6,0,0,1,0,5,1,8,7.0,1.0,4.0,9.0,11.0,35.0,0
2026-08-09,S04,P02,4,976.25,10.0,1,36.0,0,4.0,32.0,25,3,Dairy,Butter,Amul,275.0,235.0,180.0,SUP001,Kolkata,Supermarket,14800,1850.0,East,28.0,21.6,0,0,1,1,6,1,8,6.0,4.0,4.714285714285714,6.79,7.0,36.0,0
2026-08-10,S04,P02,5,1347.5,3.33,1,32.0,0,5.0,27.0,25,3,Dairy,Butter,Amul,275.0,235.0,180.0,SUP001,Kolkata,Supermarket,14800,1850.0,East,32.4,30.1,0,0,0,0,0,0,8,4.0,0.0,4.714285714285714,5.73,2.0,33.0,0
2026-08-11,S04,P02,4,1045.0,10.0,1,27.0,0,4.0,23.0,25,3,Dairy,Butter,Amul,275.0,235.0,180.0,SUP001,Kolkata,Supermarket,14800,1850.0,East,31.9,0.0,0,0,0,0,1,0,8,5.0,5.0,5.428571428571429,4.24,-2.0,33.0,0
2026-08-12,S04,P02,9,2337.5,8.33,1,23.0,0,9.0,14.0,25,3,Dairy,Butter,Amul,275.0,235.0,180.0,SUP001,Kolkata,Supermarket,14800,1850.0,East,35.6,0.0,0,0,0,0,2,0,8,4.0,11.0,5.285714285714286,2.65,-11.0,28.0,0
2026-08-13,S04,P02,3,825.0,0.0,0,14.0,0,3.0,11.0,25,3,Dairy,Butter,Amul,275.0,235.0,180.0,SUP001,Kolkata,Supermarket,14800,1850.0,East,32.5,6.9,0,0,0,0,3,0,8,9.0,0.0,5.0,2.2,-14.0,30.0,0
2026-08-14,S04,P02,6,1567.5,7.5,1,11.0,60,6.0,65.0,25,3,Dairy,Butter,Amul,275.0,235.0,180.0,SUP001,Kolkata,Supermarket,14800,1850.0,East,32.7,10.6,0,0,0,0,4,0,8,3.0,7.0,5.428571428571429,11.97,40.0,30.0,0
2026-08-15,S04,P02,4,880.0,20.0,1,65.0,0,4.0,61.0,25,3,Dairy,Butter,Amul,275.0,235.0,180.0,SUP001,Kolkata,Supermarket,14800,1850.0,East,35.9,31.0,1,1,1,0,5,1,8,6.0,6.0,5.285714285714286,11.54,36.0,29.0,0
2026-08-16,S04,P02,5,1265.0,6.67,1,61.0,0,5.0,56.0,25,3,Dairy,Butter,Amul,275.0,235.0,180.0,SUP001,Kolkata,Supermarket,14800,1850.0,East,32.4,24.8,0,0,1,0,6,1,8,4.0,4.0,5.0,11.2,31.0,28.0,0
2026-08-17,S04,P02,2,550.0,0.0,0,56.0,0,2.0,54.0,25,3,Dairy,Butter,Amul,275.0,235.0,180.0,SUP001,Kolkata,Supermarket,14800,1850.0,East,32.9,48.4,0,0,0,0,0,0,8,5.0,5.0,5.142857142857143,10.5,29.0,26.0,0
2026-08-18,S04,P02,4,1086.25,1.67,1,54.0,0,4.0,50.0,25,3,Dairy,Butter,Amul,275.0,235.0,180.0,SUP001,Kolkata,Supermarket,14800,1850.0,East,32.9,19.5,0,0,0,0,1,0,8,2.0,4.0,4.714285714285714,10.61,25.0,23.0,0
2026-08-19,S04,P02,4,1100.0,0.0,0,50.0,0,4.0,46.0,25,3,Dairy,Butter,Amul,275.0,235.0,180.0,SUP001,Kolkata,Supermarket,14800,1850.0,East,32.2,23.2,0,0,0,0,2,0,8,4.0,9.0,4.714285714285714,9.76,21.0,27.0,0
2026-08-20,S04,P02,5,1361.25,1.25,1,46.0,0,5.0,41.0,25,3,Dairy,Butter,Amul,275.0,235.0,180.0,SUP001,Kolkata,Supermarket,14800,1850.0,East,30.8,0.0,0,0,0,0,3,0,8,4.0,3.0,4.0,10.25,16.0,29.0,0
2026-08-21,S04,P02,6,1650.0,0.0,0,41.0,0,6.0,35.0,25,3,Dairy,Butter,Amul,275.0,235.0,180.0,SUP001,Kolkata,Supermarket,14800,1850.0,East,32.9,0.0,0,0,0,1,4,0,8,5.0,6.0,4.285714285714286,8.17,10.0,27.0,0
2026-08-22,S04,P02,3,797.5,2.5,1,35.0,0,3.0,32.0,25,3,Dairy,Butter,Amul,275.0,235.0,180.0,SUP001,Kolkata,Supermarket,14800,1850.0,East,33.4,0.0,0,0,1,0,5,1,8,6.0,4.0,4.285714285714286,7.47,7.0,35.0,0
2026-08-23,S04,P02,4,1017.5,6.67,1,32.0,0,4.0,28.0,25,3,Dairy,Butter,Amul,275.0,235.0,180.0,SUP001,Kolkata,Supermarket,14800,1850.0,East,27.5,0.0,0,0,1,0,6,1,8,3.0,5.0,4.142857142857143,6.76,3.0,37.0,0
2026-08-24,S04,P02,0,0.0,0.0,0,28.0,0,0.0,28.0,25,3,Dairy,Butter,Amul,275.0,235.0,180.0,SUP001,Kolkata,Supermarket,14800,1850.0,East,29.8,0.0,0,0,0,0,0,0,8,4.0,2.0,4.0,7.0,3.0,40.0,0
2026-08-08,S04,P03,13,560.25,5.71,1,124.0,0,13.0,111.0,45,1,Bakery,Whole Wheat Bread,Britannia,45.0,34.0,6.0,SUP002,Kolkata,Supermarket,14800,1850.0,East,31.5,5.6,0,0,1,0,5,1,8,4.0,13.0,6.571428571428571,16.89,66.0,85.0,0
2026-08-09,S04,P03,13,544.5,5.0,1,111.0,0,13.0,98.0,45,1,Bakery,Whole Wheat Bread,Britannia,45.0,34.0,6.0,SUP002,Kolkata,Supermarket,14800,1850.0,East,28.0,21.6,0,0,1,1,6,1,8,13.0,7.0,6.571428571428571,14.91,53.0,85.0,0
2026-08-10,S04,P03,14,573.75,6.25,1,98.0,0,14.0,84.0,45,1,Bakery,Whole Wheat Bread,Britannia,45.0,34.0,6.0,SUP002,Kolkata,Supermarket,14800,1850.0,East,32.4,30.1,0,0,0,0,0,0,8,13.0,6.0,7.428571428571429,11.31,39.0,76.0,0
2026-08-11,S04,P03,13,555.75,5.56,1,84.0,0,13.0,71.0,45,1,Bakery,Whole Wheat Bread,Britannia,45.0,34.0,6.0,SUP002,Kolkata,Supermarket,14800,1850.0,East,31.9,0.0,0,0,0,0,1,0,8,14.0,5.0,8.571428571428571,8.28,26.0,330.0,0
2026-08-12,S04,P03,7,297.0,6.0,1,71.0,0,7.0,64.0,45,1,Bakery,Whole Wheat Bread,Britannia,45.0,34.0,6.0,SUP002,Kolkata,Supermarket,14800,1850.0,East,35.6,0.0,0,0,0,0,2,0,8,13.0,9.0,9.714285714285714,6.59,19.0,335.0,0
2026-08-13,S04,P03,8,315.0,10.0,1,64.0,0,8.0,56.0,45,1,Bakery,Whole Wheat Bread,Britannia,45.0,34.0,6.0,SUP002,Kolkata,Supermarket,14800,1850.0,East,32.5,6.9,0,0,0,0,3,0,8,7.0,2.0,9.428571428571429,5.94,11.0,331.0,0
2026-08-14,S04,P03,11,461.25,7.86,1,56.0,0,11.0,45.0,45,1,Bakery,Whole Wheat Bread,Britannia,45.0,34.0,6.0,SUP002,Kolkata,Supermarket,14800,1850.0,East,32.7,10.6,0,0,0,0,4,0,8,8.0,4.0,10.285714285714286,4.38,0.0,323.0,0
2026-08-15,S04,P03,19,852.75,0.5,1,45.0,90,19.0,116.0,45,1,Bakery,Whole Wheat Bread,Britannia,45.0,34.0,6.0,SUP002,Kolkata,Supermarket,14800,1850.0,East,35.9,31.0,1,1,1,0,5,1,8,11.0,13.0,11.285714285714286,10.28,71.0,320.0,0
2026-08-16,S04,P03,13,573.75,1.88,1,116.0,0,13.0,103.0,45,1,Bakery,Whole Wheat Bread,Britannia,45.0,34.0,6.0,SUP002,Kolkata,Supermarket,14800,1850.0,East,32.4,24.8,0,0,1,0,6,1,8,19.0,13.0,12.142857142857142,8.48,58.0,316.0,0
2026-08-17,S04,P03,5,225.0,33.33,0,103.0,0,5.0,98.0,45,1,Bakery,Whole Wheat Bread,Britannia,45.0,34.0,6.0,SUP002,Kolkata,Supermarket,14800,1850.0,East,32.9,48.4,0,0,0,0,0,0,8,13.0,14.0,12.142857142857142,8.07,53.0,319.0,0
2026-08-18,S04,P03,267,10878.75,2.5,1,98.0,0,267.0,0.0,45,1,Bakery,Whole Wheat Bread,Britannia,45.0,34.0,6.0,SUP002,Kolkata,Supermarket,14800,1850.0,East,32.9,19.5,0,0,0,0,1,0,8,5.0,13.0,10.857142857142858,0.0,-45.0,63.0,1
2026-08-19,S04,P03,12,522.0,3.57,1,0.0,90,12.0,78.0,45,1,Bakery,Whole Wheat Bread,Britannia,45.0,34.0,6.0,SUP002,Kolkata,Supermarket,14800,1850.0,East,32.2,23.2,0,0,0,0,2,0,8,267.0,7.0,47.142857142857146,1.65,33.0,60.0,0
2026-08-20,S04,P03,4,180.0,0.0,0,78.0,90,4.0,164.0,45,1,Bakery,Whole Wheat Bread,Britannia,45.0,34.0,6.0,SUP002,Kolkata,Supermarket,14800,1850.0,East,30.8,0.0,0,0,0,0,3,0,8,12.0,8.0,47.857142857142854,3.43,119.0,144.0,0
2026-08-21,S04,P03,3,132.75,1.67,1,164.0,90,3.0,251.0,45,1,Bakery,Whole Wheat Bread,Britannia,45.0,34.0,6.0,SUP002,Kolkata,Supermarket,14800,1850.0,East,32.9,0.0,0,0,0,1,4,0,8,4.0,11.0,47.285714285714285,5.31,206.0,153.0,0
2026-08-22,S04,P03,16,663.75,6.88,1,82.0,0,16.0,66.0,45,1,Bakery,Whole Wheat Bread,Britannia,45.0,34.0,6.0,SUP002,Kolkata,Supermarket,14800,1850.0,East,33.4,0.0,0,0,1,0,5,1,8,3.0,19.0,46.142857142857146,1.43,21.0,149.0,0
2026-08-23,S04,P03,9,396.0,3.75,1,66.0,0,9.0,57.0,45,1,Bakery,Whole Wheat Bread,Britannia,45.0,34.0,6.0,SUP002,Kolkata,Supermarket,14800,1850.0,East,27.5,0.0,0,0,1,0,6,1,8,16.0,13.0,45.714285714285715,1.25,12.0,158.0,0
2026-08-24,S04,P03,8,360.0,0.0,0,57.0,0,8.0,49.0,45,1,Bakery,Whole Wheat Bread,Britannia,45.0,34.0,6.0,SUP002,Kolkata,Supermarket,14800,1850.0,East,29.8,0.0,0,0,0,0,0,0,8,9.0,5.0,45.142857142857146,1.09,4.0,158.0,0
2026-08-08,S04,P04,7,1215.0,3.33,1,42.0,0,8.0,34.0,30,2,Produce,Royal Gala Apples,Farmfresh,180.0,130.0,12.0,SUP003,Kolkata,Supermarket,14800,1850.0,East,31.5,5.6,0,0,1,0,5,1,8,2.0,3.0,3.2857142857142856,10.35,4.0,24.0,0
2026-08-09,S04,P04,7,1242.0,2.5,1,34.0,0,7.0,27.0,30,2,Produce,Royal Gala Apples,Farmfresh,180.0,130.0,12.0,SUP003,Kolkata,Supermarket,14800,1850.0,East,28.0,21.6,0,0,1,1,6,1,8,7.0,5.0,3.857142857142857,7.0,-3.0,27.0,0
2026-08-10,S04,P04,0,0.0,0.0,0,27.0,0,0.0,27.0,30,2,Produce,Royal Gala Apples,Farmfresh,180.0,130.0,12.0,SUP003,Kolkata,Supermarket,14800,1850.0,East,32.4,30.1,0,0,0,0,0,0,8,7.0,4.0,4.142857142857143,6.52,-3.0,29.0,0
2026-08-11,S04,P04,4,657.0,11.67,1,27.0,70,4.0,93.0,30,2,Produce,Royal Gala Apples,Farmfresh,180.0,130.0,12.0,SUP003,Kolkata,Supermarket,14800,1850.0,East,31.9,0.0,0,0,0,0,1,0,8,0.0,5.0,3.5714285714285716,26.04,63.0,26.0,0
2026-08-12,S04,P04,2,315.0,12.5,1,93.0,0,2.0,91.0,30,2,Produce,Royal Gala Apples,Farmfresh,180.0,130.0,12.0,SUP003,Kolkata,Supermarket,14800,1850.0,East,35.6,0.0,0,0,0,0,2,0,8,4.0,3.0,3.4285714285714284,26.54,61.0,26.0,0
2026-08-13,S04,P04,6,1071.0,1.25,1,91.0,0,6.0,85.0,30,2,Produce,Royal Gala Apples,Farmfresh,180.0,130.0,12.0,SUP003,Kolkata,Supermarket,14800,1850.0,East,32.5,6.9,0,0,0,0,3,0,8,2.0,1.0,3.2857142857142856,25.87,55.0,27.0,0
2026-08-14,S04,P04,0,0.0,0.0,0,85.0,0,0.0,85.0,30,2,Produce,Royal Gala Apples,Farmfresh,180.0,130.0,12.0,SUP003,Kolkata,Supermarket,14800,1850.0,East,32.7,10.6,0,0,0,0,4,0,8,6.0,2.0,4.0,21.25,55.0,30.0,0
2026-08-15,S04,P04,5,855.0,8.33,1,85.0,0,5.0,80.0,30,2,Produce,Royal Gala Apples,Farmfresh,180.0,130.0,12.0,SUP003,Kolkata,Supermarket,14800,1850.0,East,35.9,31.0,1,1,1,0,5,1,8,0.0,7.0,3.7142857142857144,21.54,50.0,25.0,0
2026-08-16,S04,P04,10,1629.0,8.0,1,80.0,0,10.0,70.0,30,2,Produce,Royal Gala Apples,Farmfresh,180.0,130.0,12.0,SUP003,Kolkata,Supermarket,14800,1850.0,East,32.4,24.8,0,0,1,0,6,1,8,5.0,7.0,3.4285714285714284,20.42,40.0,18.0,0
2026-08-17,S04,P04,2,360.0,0.0,0,70.0,0,2.0,68.0,30,2,Produce,Royal Gala Apples,Farmfresh,180.0,130.0,12.0,SUP003,Kolkata,Supermarket,14800,1850.0,East,32.9,48.4,0,0,0,0,0,0,8,10.0,0.0,3.857142857142857,17.63,38.0,18.0,0
2026-08-18,S04,P04,1,153.0,15.0,1,68.0,0,1.0,67.0,30,2,Produce,Royal Gala Apples,Farmfresh,180.0,130.0,12.0,SUP003,Kolkata,Supermarket,14800,1850.0,East,32.9,19.5,0,0,0,0,1,0,8,2.0,4.0,4.142857142857143,16.17,37.0,31.0,0
2026-08-19,S04,P04,2,360.0,0.0,0,67.0,0,2.0,65.0,30,2,Produce,Royal Gala Apples,Farmfresh,180.0,130.0,12.0,SUP003,Kolkata,Supermarket,14800,1850.0,East,32.2,23.2,0,0,0,0,2,0,8,1.0,2.0,3.7142857142857144,17.5,35.0,31.0,0
2026-08-20,S04,P04,7,1026.0,5.0,1,65.0,0,7.0,58.0,30,2,Produce,Royal Gala Apples,Farmfresh,180.0,130.0,12.0,SUP003,Kolkata,Supermarket,14800,1850.0,East,30.8,0.0,0,0,0,0,3,0,8,2.0,6.0,3.7142857142857144,15.62,28.0,25.0,0
2026-08-21,S04,P04,3,522.0,3.33,1,58.0,0,3.0,55.0,30,2,Produce,Royal Gala Apples,Farmfresh,180.0,130.0,12.0,SUP003,Kolkata,Supermarket,14800,1850.0,East,32.9,0.0,0,0,0,1,4,0,8,7.0,0.0,3.857142857142857,14.26,25.0,25.0,0
2026-08-22,S04,P04,0,0.0,0.0,0,55.0,0,0.0,55.0,30,2,Produce,Royal Gala Apples,Farmfresh,180.0,130.0,12.0,SUP003,Kolkata,Supermarket,14800,1850.0,East,33.4,0.0,0,0,1,0,5,1,8,3.0,5.0,4.285714285714286,12.83,25.0,29.0,0
2026-08-23,S04,P04,3,540.0,0.0,0,55.0,0,3.0,52.0,30,2,Produce,Royal Gala Apples,Farmfresh,180.0,130.0,12.0,SUP003,Kolkata,Supermarket,14800,1850.0,East,27.5,0.0,0,0,1,0,6,1,8,0.0,10.0,3.5714285714285716,14.56,22.0,34.0,0
2026-08-24,S04,P04,2,360.0,0.0,0,52.0,0,2.0,50.0,30,2,Produce,Royal Gala Apples,Farmfresh,180.0,130.0,12.0,SUP003,Kolkata,Supermarket,14800,1850.0,East,29.8,0.0,0,0,0,0,0,0,8,3.0,2.0,2.5714285714285716,19.44,20.0,37.0,0
2026-08-08,S04,P05,2,72.0,10.0,1,49.0,0,2.0,47.0,50,2,Produce,Organic Potatoes,Greenfields,40.0,25.0,12.0,SUP003,Kolkata,Supermarket,14800,1850.0,East,31.5,5.6,0,0,1,0,5,1,8,3.0,12.0,8.571428571428571,5.48,-3.0,39.0,0
2026-08-09,S04,P05,7,268.0,7.5,1,47.0,120,7.0,160.0,50,2,Produce,Organic Potatoes,Greenfields,40.0,25.0,12.0,SUP003,Kolkata,Supermarket,14800,1850.0,East,28.0,21.6,0,0,1,1,6,1,8,2.0,6.0,7.142857142857143,22.4,110.0,39.0,0
2026-08-10,S04,P05,4,140.0,13.33,1,160.0,0,4.0,156.0,50,2,Produce,Organic Potatoes,Greenfields,40.0,25.0,12.0,SUP003,Kolkata,Supermarket,14800,1850.0,East,32.4,30.1,0,0,0,0,0,0,8,7.0,12.0,7.285714285714286,21.41,106.0,41.0,0
2026-08-11,S04,P05,13,464.0,8.33,1,156.0,0,13.0,143.0,50,2,Produce,Organic Potatoes,Greenfields,40.0,25.0,12.0,SUP003,Kolkata,Supermarket,14800,1850.0,East,31.9,0.0,0,0,0,0,1,0,8,4.0,6.0,6.142857142857143,23.28,93.0,37.0,0
2026-08-12,S04,P05,3,100.0,16.67,1,143.0,0,3.0,140.0,50,2,Produce,Organic Potatoes,Greenfields,40.0,25.0,12.0,SUP003,Kolkata,Supermarket,14800,1850.0,East,35.6,0.0,0,0,0,0,2,0,8,13.0,11.0,7.142857142857143,19.6,90.0,43.0,0
2026-08-13,S04,P05,2,80.0,0.0,0,140.0,0,2.0,138.0,50,2,Produce,Organic Potatoes,Greenfields,40.0,25.0,12.0,SUP003,Kolkata,Supermarket,14800,1850.0,East,32.5,6.9,0,0,0,0,3,0,8,3.0,10.0,6.0,23.0,88.0,45.0,0
2026-08-14,S04,P05,7,276.0,1.67,1,138.0,0,7.0,131.0,50,2,Produce,Organic Potatoes,Greenfields,40.0,25.0,12.0,SUP003,Kolkata,Supermarket,14800,1850.0,East,32.7,10.6,0,0,0,0,4,0,8,2.0,3.0,4.857142857142857,26.97,81.0,38.0,0
2026-08-15,S04,P05,3,112.0,6.67,1,131.0,0,3.0,128.0,50,2,Produce,Organic Potatoes,Greenfields,40.0,25.0,12.0,SUP003,Kolkata,Supermarket,14800,1850.0,East,35.9,31.0,1,1,1,0,5,1,8,7.0,2.0,5.428571428571429,23.58,78.0,40.0,0
2026-08-16,S04,P05,7,280.0,0.0,0,128.0,0,7.0,121.0,50,2,Produce,Organic Potatoes,Greenfields,40.0,25.0,12.0,SUP003,Kolkata,Supermarket,14800,1850.0,East,32.4,24.8,0,0,1,0,6,1,8,3.0,7.0,5.571428571428571,21.72,71.0,35.0,0
2026-08-17,S04,P05,6,222.0,7.5,1,121.0,0,6.0,115.0,50,2,Produce,Organic Potatoes,Greenfields,40.0,25.0,12.0,SUP003,Kolkata,Supermarket,14800,1850.0,East,32.9,48.4,0,0,0,0,0,0,8,7.0,4.0,5.571428571428571,20.64,65.0,31.0,0
2026-08-18,S04,P05,9,340.0,3.57,1,115.0,0,9.0,106.0,50,2,Produce,Organic Potatoes,Greenfields,40.0,25.0,12.0,SUP003,Kolkata,Supermarket,14800,1850.0,East,32.9,19.5,0,0,0,0,1,0,8,6.0,13.0,5.857142857142857,18.1,56.0,25.0,0
2026-08-19,S04,P05,9,332.0,5.0,1,106.0,0,9.0,97.0,50,2,Produce,Organic Potatoes,Greenfields,40.0,25.0,12.0,SUP003,Kolkata,Supermarket,14800,1850.0,East,32.2,23.2,0,0,0,0,2,0,8,9.0,3.0,5.285714285714286,18.35,47.0,20.0,0
2026-08-20,S04,P05,4,140.0,12.5,1,97.0,0,4.0,93.0,50,2,Produce,Organic Potatoes,Greenfields,40.0,25.0,12.0,SUP003,Kolkata,Supermarket,14800,1850.0,East,30.8,0.0,0,0,0,0,3,0,8,9.0,2.0,6.142857142857143,15.14,43.0,23.0,0
2026-08-21,S04,P05,0,0.0,0.0,0,93.0,0,0.0,93.0,50,2,Produce,Organic Potatoes,Greenfields,40.0,25.0,12.0,SUP003,Kolkata,Supermarket,14800,1850.0,East,32.9,0.0,0,0,0,1,4,0,8,4.0,7.0,6.428571428571429,14.47,43.0,31.0,0
2026-08-22,S04,P05,5,198.0,1.25,1,93.0,0,5.0,88.0,50,2,Produce,Organic Potatoes,Greenfields,40.0,25.0,12.0,SUP003,Kolkata,Supermarket,14800,1850.0,East,33.4,0.0,0,0,1,0,5,1,8,0.0,3.0,5.428571428571429,16.21,38.0,31.0,0
2026-08-23,S04,P05,2,72.0,10.0,1,88.0,0,2.0,86.0,50,2,Produce,Organic Potatoes,Greenfields,40.0,25.0,12.0,SUP003,Kolkata,Supermarket,14800,1850.0,East,27.5,0.0,0,0,1,0,6,1,8,5.0,7.0,5.714285714285714,15.05,36.0,32.0,0
2026-08-24,S04,P05,2,64.0,20.0,1,86.0,0,2.0,84.0,50,2,Produce,Organic Potatoes,Greenfields,40.0,25.0,12.0,SUP003,Kolkata,Supermarket,14800,1850.0,East,29.8,0.0,0,0,0,0,0,0,8,2.0,6.0,5.0,16.8,34.0,35.0,0
2026-08-08,S04,P06,7,2329.0,3.0,1,37.0,0,7.0,30.0,20,4,Beverages,Tea Gold,Tata,340.0,270.0,365.0,SUP004,Kolkata,Supermarket,14800,1850.0,East,31.5,5.6,0,0,1,0,5,1,8,0.0,3.0,2.4285714285714284,12.35,10.0,16.0,0
2026-08-09,S04,P06,4,1360.0,0.0,0,30.0,0,4.0,26.0,20,4,Beverages,Tea Gold,Tata,340.0,270.0,365.0,SUP004,Kolkata,Supermarket,14800,1850.0,East,28.0,21.6,0,0,1,1,6,1,8,7.0,0.0,3.0,8.67,6.0,17.0,0
2026-08-10,S04,P06,5,1632.0,5.0,1,26.0,0,5.0,21.0,20,4,Beverages,Tea Gold,Tata,340.0,270.0,365.0,SUP004,Kolkata,Supermarket,14800,1850.0,East,32.4,30.1,0,0,0,0,0,0,8,4.0,6.0,3.5714285714285716,5.88,1.0,17.0,0
2026-08-11,S04,P06,2,680.0,0.0,0,21.0,0,2.0,19.0,20,4,Beverages,Tea Gold,Tata,340.0,270.0,365.0,SUP004,Kolkata,Supermarket,14800,1850.0,East,31.9,0.0,0,0,0,0,1,0,8,5.0,2.0,3.4285714285714284,5.54,-1.0,17.0,0
2026-08-12,S04,P06,1,340.0,0.0,0,19.0,0,1.0,18.0,20,4,Beverages,Tea Gold,Tata,340.0,270.0,365.0,SUP004,Kolkata,Supermarket,14800,1850.0,East,35.6,0.0,0,0,0,0,2,0,8,2.0,3.0,3.4285714285714284,5.25,-2.0,16.0,0
2026-08-13,S04,P06,1,340.0,0.0,0,18.0,0,1.0,17.0,20,4,Beverages,Tea Gold,Tata,340.0,270.0,365.0,SUP004,Kolkata,Supermarket,14800,1850.0,East,32.5,6.9,0,0,0,0,3,0,8,1.0,3.0,3.142857142857143,5.41,-3.0,16.0,0
2026-08-14,S04,P06,1,255.0,25.0,1,17.0,0,1.0,16.0,20,4,Beverages,Tea Gold,Tata,340.0,270.0,365.0,SUP004,Kolkata,Supermarket,14800,1850.0,East,32.7,10.6,0,0,0,0,4,0,8,1.0,0.0,2.857142857142857,5.6,-4.0,15.0,0
2026-08-15,S04,P06,2,646.0,5.0,1,16.0,50,2.0,64.0,20,4,Beverages,Tea Gold,Tata,340.0,270.0,365.0,SUP004,Kolkata,Supermarket,14800,1850.0,East,35.9,31.0,1,1,1,0,5,1,8,1.0,7.0,3.0,21.33,44.0,15.0,0
2026-08-16,S04,P06,5,1615.0,6.25,1,64.0,0,5.0,59.0,20,4,Beverages,Tea Gold,Tata,340.0,270.0,365.0,SUP004,Kolkata,Supermarket,14800,1850.0,East,32.4,24.8,0,0,1,0,6,1,8,2.0,4.0,2.2857142857142856,25.81,39.0,10.0,0
2026-08-17,S04,P06,5,1700.0,0.0,0,59.0,0,5.0,54.0,20,4,Beverages,Tea Gold,Tata,340.0,270.0,365.0,SUP004,Kolkata,Supermarket,14800,1850.0,East,32.9,48.4,0,0,0,0,0,0,8,5.0,5.0,2.4285714285714284,22.24,34.0,8.0,0
2026-08-18,S04,P06,2,680.0,0.0,0,54.0,0,2.0,52.0,20,4,Beverages,Tea Gold,Tata,340.0,270.0,365.0,SUP004,Kolkata,Supermarket,14800,1850.0,East,32.9,19.5,0,0,0,0,1,0,8,5.0,2.0,2.4285714285714284,21.41,32.0,7.0,0
2026-08-19,S04,P06,0,0.0,0.0,0,52.0,0,0.0,52.0,20,4,Beverages,Tea Gold,Tata,340.0,270.0,365.0,SUP004,Kolkata,Supermarket,14800,1850.0,East,32.2,23.2,0,0,0,0,2,0,8,2.0,1.0,2.4285714285714284,21.41,32.0,9.0,0
2026-08-20,S04,P06,1,306.0,10.0,1,52.0,0,1.0,51.0,20,4,Beverages,Tea Gold,Tata,340.0,270.0,365.0,SUP004,Kolkata,Supermarket,14800,1850.0,East,30.8,0.0,0,0,0,0,3,0,8,0.0,1.0,2.2857142857142856,22.31,31.0,8.0,0
2026-08-21,S04,P06,0,0.0,0.0,0,51.0,0,0.0,51.0,20,4,Beverages,Tea Gold,Tata,340.0,270.0,365.0,SUP004,Kolkata,Supermarket,14800,1850.0,East,32.9,0.0,0,0,0,1,4,0,8,1.0,1.0,2.2857142857142856,22.31,31.0,9.0,0
2026-08-22,S04,P06,2,646.0,5.0,1,51.0,0,2.0,49.0,20,4,Beverages,Tea Gold,Tata,340.0,270.0,365.0,SUP004,Kolkata,Supermarket,14800,1850.0,East,33.4,0.0,0,0,1,0,5,1,8,0.0,2.0,2.142857142857143,22.87,29.0,14.0,0
2026-08-23,S04,P06,0,0.0,0.0,0,49.0,0,0.0,49.0,20,4,Beverages,Tea Gold,Tata,340.0,270.0,365.0,SUP004,Kolkata,Supermarket,14800,1850.0,East,27.5,0.0,0,0,1,0,6,1,8,2.0,5.0,2.142857142857143,22.87,29.0,14.0,0
2026-08-24,S04,P06,3,1020.0,0.0,0,49.0,0,3.0,46.0,20,4,Beverages,Tea Gold,Tata,340.0,270.0,365.0,SUP004,Kolkata,Supermarket,14800,1850.0,East,29.8,0.0,0,0,0,0,0,0,8,0.0,5.0,1.4285714285714286,32.2,26.0,17.0,0
2026-08-08,S04,P07,2,231.25,7.5,1,54.0,0,2.0,52.0,25,5,Personal Care,Antiseptic Soap,Dettol,125.0,95.0,730.0,SUP005,Kolkata,Supermarket,14800,1850.0,East,31.5,5.6,0,0,1,0,5,1,8,2.0,1.0,0.8571428571428571,60.67,27.0,6.0,0
2026-08-09,S04,P07,1,112.5,10.0,1,52.0,0,1.0,51.0,25,5,Personal Care,Antiseptic Soap,Dettol,125.0,95.0,730.0,SUP005,Kolkata,Supermarket,14800,1850.0,East,28.0,21.6,0,0,1,1,6,1,8,2.0,3.0,1.0,51.0,26.0,15.0,0
2026-08-10,S04,P07,0,0.0,0.0,0,51.0,0,0.0,51.0,25,5,Personal Care,Antiseptic Soap,Dettol,125.0,95.0,730.0,SUP005,Kolkata,Supermarket,14800,1850.0,East,32.4,30.1,0,0,0,0,0,0,8,1.0,0.0,0.7142857142857143,71.4,26.0,17.0,0
2026-08-11,S04,P07,0,0.0,0.0,0,51.0,0,0.0,51.0,25,5,Personal Care,Antiseptic Soap,Dettol,125.0,95.0,730.0,SUP005,Kolkata,Supermarket,14800,1850.0,East,31.9,0.0,0,0,0,0,1,0,8,0.0,0.0,0.7142857142857143,71.4,26.0,24.0,0
2026-08-12,S04,P07,0,0.0,0.0,0,51.0,0,0.0,51.0,25,5,Personal Care,Antiseptic Soap,Dettol,125.0,95.0,730.0,SUP005,Kolkata,Supermarket,14800,1850.0,East,35.6,0.0,0,0,0,0,2,0,8,0.0,0.0,0.7142857142857143,71.4,26.0,26.0,0
2026-08-13,S04,P07,1,106.25,15.0,1,51.0,0,1.0,50.0,25,5,Personal Care,Antiseptic Soap,Dettol,125.0,95.0,730.0,SUP005,Kolkata,Supermarket,14800,1850.0,East,32.5,6.9,0,0,0,0,3,0,8,0.0,0.0,0.7142857142857143,70.0,25.0,27.0,0
2026-08-14,S04,P07,1,112.5,10.0,1,50.0,0,1.0,49.0,25,5,Personal Care,Antiseptic Soap,Dettol,125.0,95.0,730.0,SUP005,Kolkata,Supermarket,14800,1850.0,East,32.7,10.6,0,0,0,0,4,0,8,1.0,2.0,0.8571428571428571,57.17,24.0,29.0,0
2026-08-15,S04,P07,3,375.0,0.0,0,49.0,0,3.0,46.0,25,5,Personal Care,Antiseptic Soap,Dettol,125.0,95.0,730.0,SUP005,Kolkata,Supermarket,14800,1850.0,East,35.9,31.0,1,1,1,0,5,1,8,1.0,2.0,0.7142857142857143,64.4,21.0,33.0,0
2026-08-16,S04,P07,10,1187.5,3.33,1,46.0,0,10.0,36.0,25,5,Personal Care,Antiseptic Soap,Dettol,125.0,95.0,730.0,SUP005,Kolkata,Supermarket,14800,1850.0,East,32.4,24.8,0,0,1,0,6,1,8,3.0,1.0,0.8571428571428571,42.0,11.0,26.0,0
2026-08-17,S04,P07,2,250.0,0.0,0,36.0,0,2.0,34.0,25,5,Personal Care,Antiseptic Soap,Dettol,125.0,95.0,730.0,SUP005,Kolkata,Supermarket,14800,1850.0,East,32.9,48.4,0,0,0,0,0,0,8,10.0,0.0,2.142857142857143,15.87,9.0,24.0,0
2026-08-18,S04,P07,7,750.0,17.5,1,34.0,0,7.0,27.0,25,5,Personal Care,Antiseptic Soap,Dettol,125.0,95.0,730.0,SUP005,Kolkata,Supermarket,14800,1850.0,East,32.9,19.5,0,0,0,0,1,0,8,2.0,0.0,2.4285714285714284,11.12,2.0,17.0,0
2026-08-19,S04,P07,2,225.0,10.0,1,27.0,0,2.0,25.0,25,5,Personal Care,Antiseptic Soap,Dettol,125.0,95.0,730.0,SUP005,Kolkata,Supermarket,14800,1850.0,East,32.2,23.2,0,0,0,0,2,0,8,7.0,0.0,3.4285714285714284,7.29,0.0,19.0,0
2026-08-20,S04,P07,2,250.0,0.0,0,25.0,0,2.0,23.0,25,5,Personal Care,Antiseptic Soap,Dettol,125.0,95.0,730.0,SUP005,Kolkata,Supermarket,14800,1850.0,East,30.8,0.0,0,0,0,0,3,0,8,2.0,1.0,3.7142857142857144,6.19,-2.0,23.0,0
2026-08-21,S04,P07,3,125.0,10.0,1,23.0,0,3.0,20.0,25,5,Personal Care,Antiseptic Soap,Dettol,125.0,95.0,730.0,SUP005,Kolkata,Supermarket,14800,1850.0,East,32.9,0.0,0,0,0,1,4,0,8,2.0,1.0,3.857142857142857,5.19,-5.0,25.0,0
2026-08-22,S04,P07,7,850.0,6.67,1,20.0,0,7.0,13.0,25,5,Personal Care,Antiseptic Soap,Dettol,125.0,95.0,730.0,SUP005,Kolkata,Supermarket,14800,1850.0,East,33.4,0.0,0,0,1,0,5,1,8,3.0,3.0,4.142857142857143,3.14,-12.0,21.0,0
2026-08-23,S04,P07,3,362.5,3.33,1,13.0,0,3.0,10.0,25,5,Personal Care,Antiseptic Soap,Dettol,125.0,95.0,730.0,SUP005,Kolkata,Supermarket,14800,1850.0,East,27.5,0.0,0,0,1,0,6,1,8,7.0,10.0,4.714285714285714,2.12,-15.0,23.0,0
2026-08-24,S04,P07,0,0.0,0.0,0,10.0,60,0.0,70.0,25,5,Personal Care,Antiseptic Soap,Dettol,125.0,95.0,730.0,SUP005,Kolkata,Supermarket,14800,1850.0,East,29.8,0.0,0,0,0,0,0,0,8,3.0,2.0,3.7142857142857144,18.85,45.0,23.0,0
2026-08-08,S04,P08,6,2470.0,12.5,1,39.0,0,6.0,33.0,20,4,Staples,Basmati Rice 5Kg,India Gate,520.0,415.0,365.0,SUP006,Kolkata,Supermarket,14800,1850.0,East,31.5,5.6,0,0,1,0,5,1,8,4.0,3.0,1.5714285714285714,21.0,13.0,10.0,0
2026-08-09,S04,P08,2,884.0,15.0,1,33.0,0,2.0,31.0,20,4,Staples,Basmati Rice 5Kg,India Gate,520.0,415.0,365.0,SUP006,Kolkata,Supermarket,14800,1850.0,East,28.0,21.6,0,0,1,1,6,1,8,6.0,1.0,2.0,15.5,11.0,10.0,0
2026-08-10,S04,P08,2,988.0,5.0,1,31.0,0,2.0,29.0,20,4,Staples,Basmati Rice 5Kg,India Gate,520.0,415.0,365.0,SUP006,Kolkata,Supermarket,14800,1850.0,East,32.4,30.1,0,0,0,0,0,0,8,2.0,0.0,2.142857142857143,13.53,9.0,12.0,0
2026-08-11,S04,P08,1,520.0,0.0,0,29.0,0,1.0,28.0,20,4,Staples,Basmati Rice 5Kg,India Gate,520.0,415.0,365.0,SUP006,Kolkata,Supermarket,14800,1850.0,East,31.9,0.0,0,0,0,0,1,0,8,2.0,0.0,2.4285714285714284,11.53,8.0,11.0,0
2026-08-12,S04,P08,2,936.0,10.0,1,28.0,0,2.0,26.0,20,4,Staples,Basmati Rice 5Kg,India Gate,520.0,415.0,365.0,SUP006,Kolkata,Supermarket,14800,1850.0,East,35.6,0.0,0,0,0,0,2,0,8,1.0,0.0,2.5714285714285716,10.11,6.0,10.0,0
2026-08-13,S04,P08,1,520.0,0.0,0,26.0,0,1.0,25.0,20,4,Staples,Basmati Rice 5Kg,India Gate,520.0,415.0,365.0,SUP006,Kolkata,Supermarket,14800,1850.0,East,32.5,6.9,0,0,0,0,3,0,8,2.0,3.0,2.857142857142857,8.75,5.0,15.0,0
2026-08-14,S04,P08,0,0.0,0.0,0,25.0,0,0.0,25.0,20,4,Staples,Basmati Rice 5Kg,India Gate,520.0,415.0,365.0,SUP006,Kolkata,Supermarket,14800,1850.0,East,32.7,10.6,0,0,0,0,4,0,8,1.0,4.0,2.5714285714285716,9.72,5.0,15.0,0
2026-08-15,S04,P08,2,832.0,20.0,1,25.0,0,2.0,23.0,20,4,Staples,Basmati Rice 5Kg,India Gate,520.0,415.0,365.0,SUP006,Kolkata,Supermarket,14800,1850.0,East,35.9,31.0,1,1,1,0,5,1,8,0.0,6.0,2.0,11.5,3.0,19.0,0
2026-08-16,S04,P08,2,1014.0,2.5,1,23.0,0,2.0,21.0,20,4,Staples,Basmati Rice 5Kg,India Gate,520.0,415.0,365.0,SUP006,Kolkata,Supermarket,14800,1850.0,East,32.4,24.8,0,0,1,0,6,1,8,2.0,2.0,1.4285714285714286,14.7,1.0,21.0,0
2026-08-17,S04,P08,4,2054.0,1.67,1,21.0,0,4.0,17.0,20,4,Staples,Basmati Rice 5Kg,India Gate,520.0,415.0,365.0,SUP006,Kolkata,Supermarket,14800,1850.0,East,32.9,48.4,0,0,0,0,0,0,8,2.0,2.0,1.4285714285714286,11.9,-3.0,22.0,0
2026-08-18,S04,P08,0,0.0,0.0,0,17.0,0,0.0,17.0,20,4,Staples,Basmati Rice 5Kg,India Gate,520.0,415.0,365.0,SUP006,Kolkata,Supermarket,14800,1850.0,East,32.9,19.5,0,0,0,0,1,0,8,4.0,1.0,1.7142857142857142,9.92,-3.0,26.0,0
2026-08-19,S04,P08,1,442.0,15.0,1,17.0,0,1.0,16.0,20,4,Staples,Basmati Rice 5Kg,India Gate,520.0,415.0,365.0,SUP006,Kolkata,Supermarket,14800,1850.0,East,32.2,23.2,0,0,0,0,2,0,8,0.0,2.0,1.5714285714285714,10.18,-4.0,25.0,0
2026-08-20,S04,P08,6,3120.0,0.0,0,16.0,0,6.0,10.0,20,4,Staples,Basmati Rice 5Kg,India Gate,520.0,415.0,365.0,SUP006,Kolkata,Supermarket,14800,1850.0,East,30.8,0.0,0,0,0,0,3,0,8,1.0,1.0,1.4285714285714286,7.0,-10.0,22.0,0
2026-08-21,S04,P08,0,0.0,0.0,0,10.0,45,0.0,55.0,20,4,Staples,Basmati Rice 5Kg,India Gate,520.0,415.0,365.0,SUP006,Kolkata,Supermarket,14800,1850.0,East,32.9,0.0,0,0,0,1,4,0,8,6.0,0.0,2.142857142857143,25.67,35.0,22.0,0
2026-08-22,S04,P08,6,3120.0,0.0,0,55.0,0,6.0,49.0,20,4,Staples,Basmati Rice 5Kg,India Gate,520.0,415.0,365.0,SUP006,Kolkata,Supermarket,14800,1850.0,East,33.4,0.0,0,0,1,0,5,1,8,0.0,2.0,2.142857142857143,22.87,29.0,16.0,0
2026-08-23,S04,P08,4,2080.0,0.0,0,49.0,0,4.0,45.0,20,4,Staples,Basmati Rice 5Kg,India Gate,520.0,415.0,365.0,SUP006,Kolkata,Supermarket,14800,1850.0,East,27.5,0.0,0,0,1,0,6,1,8,6.0,2.0,2.7142857142857144,16.58,25.0,15.0,0
2026-08-24,S04,P08,5,2210.0,15.0,1,45.0,0,5.0,40.0,20,4,Staples,Basmati Rice 5Kg,India Gate,520.0,415.0,365.0,SUP006,Kolkata,Supermarket,14800,1850.0,East,29.8,0.0,0,0,0,0,0,0,8,4.0,4.0,3.0,13.33,20.0,13.0,0
2026-08-08,S04,P09,7,1216.25,1.67,1,54.0,0,7.0,47.0,25,3,Staples,Sunflower Oil 1L,Fortune,175.0,140.0,270.0,SUP006,Kolkata,Supermarket,14800,1850.0,East,31.5,5.6,0,0,1,0,5,1,8,3.0,0.0,0.8571428571428571,54.83,22.0,18.0,0
2026-08-09,S04,P09,5,857.5,5.0,1,47.0,0,5.0,42.0,25,3,Staples,Sunflower Oil 1L,Fortune,175.0,140.0,270.0,SUP006,Kolkata,Supermarket,14800,1850.0,East,28.0,21.6,0,0,1,1,6,1,8,7.0,0.0,1.8571428571428572,22.62,17.0,14.0,0
2026-08-10,S04,P09,6,1050.0,0.0,0,42.0,0,6.0,36.0,25,3,Staples,Sunflower Oil 1L,Fortune,175.0,140.0,270.0,SUP006,Kolkata,Supermarket,14800,1850.0,East,32.4,30.1,0,0,0,0,0,0,8,5.0,1.0,2.5714285714285716,14.0,11.0,8.0,0
2026-08-11,S04,P09,5,875.0,0.0,0,36.0,0,5.0,31.0,25,3,Staples,Sunflower Oil 1L,Fortune,175.0,140.0,270.0,SUP006,Kolkata,Supermarket,14800,1850.0,East,31.9,0.0,0,0,0,0,1,0,8,6.0,1.0,3.2857142857142856,9.43,6.0,6.0,0
2026-08-12,S04,P09,2,350.0,0.0,0,31.0,0,2.0,29.0,25,3,Staples,Sunflower Oil 1L,Fortune,175.0,140.0,270.0,SUP006,Kolkata,Supermarket,14800,1850.0,East,35.6,0.0,0,0,0,0,2,0,8,5.0,0.0,3.857142857142857,7.52,4.0,5.0,0
2026-08-13,S04,P09,0,0.0,0.0,0,29.0,0,0.0,29.0,25,3,Staples,Sunflower Oil 1L,Fortune,175.0,140.0,270.0,SUP006,Kolkata,Supermarket,14800,1850.0,East,32.5,6.9,0,0,0,0,3,0,8,2.0,1.0,4.142857142857143,7.0,4.0,8.0,0
2026-08-14,S04,P09,0,0.0,0.0,0,29.0,0,0.0,29.0,25,3,Staples,Sunflower Oil 1L,Fortune,175.0,140.0,270.0,SUP006,Kolkata,Supermarket,14800,1850.0,East,32.7,10.6,0,0,0,0,4,0,8,0.0,3.0,4.0,7.25,4.0,8.0,0
2026-08-15,S04,P09,0,0.0,0.0,0,29.0,0,0.0,29.0,25,3,Staples,Sunflower Oil 1L,Fortune,175.0,140.0,270.0,SUP006,Kolkata,Supermarket,14800,1850.0,East,35.9,31.0,1,1,1,0,5,1,8,0.0,7.0,3.5714285714285716,8.12,4.0,12.0,0
2026-08-16,S04,P09,1,148.75,15.0,1,29.0,0,1.0,28.0,25,3,Staples,Sunflower Oil 1L,Fortune,175.0,140.0,270.0,SUP006,Kolkata,Supermarket,14800,1850.0,East,32.4,24.8,0,0,1,0,6,1,8,0.0,5.0,2.5714285714285716,10.89,3.0,18.0,0
2026-08-17,S04,P09,0,0.0,0.0,0,28.0,0,0.0,28.0,25,3,Staples,Sunflower Oil 1L,Fortune,175.0,140.0,270.0,SUP006,Kolkata,Supermarket,14800,1850.0,East,32.9,48.4,0,0,0,0,0,0,8,1.0,6.0,2.0,14.0,3.0,19.0,0
2026-08-18,S04,P09,3,472.5,7.5,1,28.0,0,3.0,25.0,25,3,Staples,Sunflower Oil 1L,Fortune,175.0,140.0,270.0,SUP006,Kolkata,Supermarket,14800,1850.0,East,32.9,19.5,0,0,0,0,1,0,8,0.0,5.0,1.1428571428571428,21.88,0.0,19.0,0
2026-08-19,S04,P09,1,175.0,0.0,0,25.0,0,1.0,24.0,25,3,Staples,Sunflower Oil 1L,Fortune,175.0,140.0,270.0,SUP006,Kolkata,Supermarket,14800,1850.0,East,32.2,23.2,0,0,0,0,2,0,8,3.0,2.0,0.8571428571428571,28.0,-1.0,20.0,0
2026-08-20,S04,P09,3,525.0,0.0,0,24.0,0,3.0,21.0,25,3,Staples,Sunflower Oil 1L,Fortune,175.0,140.0,270.0,SUP006,Kolkata,Supermarket,14800,1850.0,East,30.8,0.0,0,0,0,0,3,0,8,1.0,0.0,0.7142857142857143,29.4,-4.0,21.0,0
2026-08-21,S04,P09,0,0.0,0.0,0,21.0,55,0.0,76.0,25,3,Staples,Sunflower Oil 1L,Fortune,175.0,140.0,270.0,SUP006,Kolkata,Supermarket,14800,1850.0,East,32.9,0.0,0,0,0,1,4,0,8,3.0,0.0,1.1428571428571428,66.5,51.0,25.0,0
2026-08-22,S04,P09,4,700.0,0.0,0,76.0,0,4.0,72.0,25,3,Staples,Sunflower Oil 1L,Fortune,175.0,140.0,270.0,SUP006,Kolkata,Supermarket,14800,1850.0,East,33.4,0.0,0,0,1,0,5,1,8,0.0,0.0,1.1428571428571428,63.0,47.0,25.0,0
2026-08-23,S04,P09,7,1225.0,0.0,0,72.0,0,7.0,65.0,25,3,Staples,Sunflower Oil 1L,Fortune,175.0,140.0,270.0,SUP006,Kolkata,Supermarket,14800,1850.0,East,27.5,0.0,0,0,1,0,6,1,8,4.0,1.0,1.7142857142857142,37.92,40.0,23.0,0
2026-08-24,S04,P09,1,175.0,0.0,0,65.0,0,1.0,64.0,25,3,Staples,Sunflower Oil 1L,Fortune,175.0,140.0,270.0,SUP006,Kolkata,Supermarket,14800,1850.0,East,29.8,0.0,0,0,0,0,0,0,8,7.0,0.0,2.5714285714285716,24.89,39.0,22.0,0
2026-08-08,S04,P10,12,639.0,10.0,1,53.0,0,12.0,41.0,35,3,Snacks,Gold Biscuits,Parle,60.0,45.0,180.0,SUP_UNKNOWN,Kolkata,Supermarket,14800,1850.0,East,31.5,5.6,0,0,1,0,5,1,8,1.0,13.0,3.142857142857143,13.05,6.0,21.0,0
2026-08-09,S04,P10,7,402.0,5.0,1,41.0,0,7.0,34.0,35,3,Snacks,Gold Biscuits,Parle,60.0,45.0,180.0,SUP_UNKNOWN,Kolkata,Supermarket,14800,1850.0,East,28.0,21.6,0,0,1,1,6,1,8,12.0,2.0,3.0,11.33,-1.0,16.0,0
2026-08-10,S04,P10,0,0.0,0.0,0,34.0,0,0.0,34.0,35,3,Snacks,Gold Biscuits,Parle,60.0,45.0,180.0,SUP_UNKNOWN,Kolkata,Supermarket,14800,1850.0,East,32.4,30.1,0,0,0,0,0,0,8,7.0,0.0,3.7142857142857144,9.15,-1.0,24.0,0
2026-08-11,S04,P10,1,51.0,15.0,1,34.0,0,1.0,33.0,35,3,Snacks,Gold Biscuits,Parle,60.0,45.0,180.0,SUP_UNKNOWN,Kolkata,Supermarket,14800,1850.0,East,31.9,0.0,0,0,0,0,1,0,8,0.0,4.0,3.7142857142857144,8.88,-2.0,23.0,0
2026-08-12,S04,P10,3,162.0,10.0,1,33.0,80,3.0,110.0,35,3,Snacks,Gold Biscuits,Parle,60.0,45.0,180.0,SUP_UNKNOWN,Kolkata,Supermarket,14800,1850.0,East,35.6,0.0,0,0,0,0,2,0,8,1.0,0.0,3.2857142857142856,33.48,75.0,24.0,0
2026-08-13,S04,P10,1,51.0,15.0,1,110.0,0,1.0,109.0,35,3,Snacks,Gold Biscuits,Parle,60.0,45.0,180.0,SUP_UNKNOWN,Kolkata,Supermarket,14800,1850.0,East,32.5,6.9,0,0,0,0,3,0,8,3.0,2.0,3.7142857142857144,29.35,74.0,24.0,0
2026-08-14,S04,P10,0,0.0,0.0,0,109.0,0,0.0,109.0,35,3,Snacks,Gold Biscuits,Parle,60.0,45.0,180.0,SUP_UNKNOWN,Kolkata,Supermarket,14800,1850.0,East,32.7,10.6,0,0,0,0,4,0,8,1.0,1.0,3.5714285714285716,30.52,74.0,25.0,0
2026-08-15,S04,P10,9,519.0,3.33,1,109.0,0,9.0,100.0,35,3,Snacks,Gold Biscuits,Parle,60.0,45.0,180.0,SUP_UNKNOWN,Kolkata,Supermarket,14800,1850.0,East,35.9,31.0,1,1,1,0,5,1,8,0.0,12.0,3.4285714285714284,29.17,65.0,19.0,0
2026-08-16,S04,P10,2,108.0,10.0,1,100.0,0,2.0,98.0,35,3,Snacks,Gold Biscuits,Parle,60.0,45.0,180.0,SUP_UNKNOWN,Kolkata,Supermarket,14800,1850.0,East,32.4,24.8,0,0,1,0,6,1,8,9.0,7.0,3.0,32.67,63.0,18.0,0
2026-08-17,S04,P10,8,474.0,2.5,1,98.0,0,8.0,90.0,35,3,Snacks,Gold Biscuits,Parle,60.0,45.0,180.0,SUP_UNKNOWN,Kolkata,Supermarket,14800,1850.0,East,32.9,48.4,0,0,0,0,0,0,8,2.0,0.0,2.2857142857142856,39.38,55.0,14.0,0
2026-08-18,S04,P10,0,0.0,0.0,0,90.0,0,0.0,90.0,35,3,Snacks,Gold Biscuits,Parle,60.0,45.0,180.0,SUP_UNKNOWN,Kolkata,Supermarket,14800,1850.0,East,32.9,19.5,0,0,0,0,1,0,8,8.0,1.0,3.4285714285714284,26.25,55.0,15.0,0
2026-08-19,S04,P10,4,231.0,2.5,1,90.0,0,4.0,86.0,35,3,Snacks,Gold Biscuits,Parle,60.0,45.0,180.0,SUP_UNKNOWN,Kolkata,Supermarket,14800,1850.0,East,32.2,23.2,0,0,0,0,2,0,8,0.0,3.0,3.2857142857142856,26.17,51.0,11.0,0
2026-08-20,S04,P10,1,48.0,20.0,1,86.0,0,1.0,85.0,35,3,Snacks,Gold Biscuits,Parle,60.0,45.0,180.0,SUP_UNKNOWN,Kolkata,Supermarket,14800,1850.0,East,30.8,0.0,0,0,0,0,3,0,8,4.0,1.0,3.4285714285714284,24.79,50.0,13.0,0
2026-08-21,S04,P10,1,60.0,0.0,0,85.0,0,1.0,84.0,35,3,Snacks,Gold Biscuits,Parle,60.0,45.0,180.0,SUP_UNKNOWN,Kolkata,Supermarket,14800,1850.0,East,32.9,0.0,0,0,0,1,4,0,8,1.0,0.0,3.4285714285714284,24.5,49.0,15.0,0
2026-08-22,S04,P10,3,177.0,1.67,1,84.0,0,3.0,81.0,35,3,Snacks,Gold Biscuits,Parle,60.0,45.0,180.0,SUP_UNKNOWN,Kolkata,Supermarket,14800,1850.0,East,33.4,0.0,0,0,1,0,5,1,8,1.0,9.0,3.5714285714285716,22.68,46.0,16.0,0
2026-08-23,S04,P10,1,60.0,0.0,0,81.0,0,1.0,80.0,35,3,Snacks,Gold Biscuits,Parle,60.0,45.0,180.0,SUP_UNKNOWN,Kolkata,Supermarket,14800,1850.0,East,27.5,0.0,0,0,1,0,6,1,8,3.0,2.0,2.7142857142857144,29.47,45.0,23.0,0
2026-08-24,S04,P10,4,216.0,8.33,1,80.0,0,4.0,76.0,35,3,Snacks,Gold Biscuits,Parle,60.0,45.0,180.0,SUP_UNKNOWN,Kolkata,Supermarket,14800,1850.0,East,29.8,0.0,0,0,0,0,0,0,8,1.0,8.0,2.5714285714285716,29.56,41.0,19.0,0
