transaction_id,date,store_id,product_id,quantity,selling_price,discount_pct,promotion_flag,customer_id,payment_mode,hour
TXN_2026080001,2026-08-13,S03,P06,1.0,340.0,0.0,0,CUST_0589,UPI,20
TXN_2026080002,2026-08-17,S04,P03,1.0,45.0,0.0,0,CUST_0531,Credit Card,18
TXN_2026080003,2026-08-29,S02,P01,2.0,66.0,0.0,0,CUST_0062,UPI,13
TXN_2026080004,2026-08-20,S02,P09,3.0,157.5,10.0,1,CUST_0327,Credit Card,19
TXN_2026080005,2026-08-04,S01,P03,1.0,45.0,0.0,0,CUST_0281,Debit Card,13
TXN_2026080006,2026-08-30,S04,P01,1.0,62.7,5.0,1,CUST_0227,UPI,12
TXN_2026080007,2026-08-20,S03,P03,2.0,42.75,5.0,1,CUST_0639,Credit Card,16
TXN_2026080008,2026-08-11,S01,P06,1.0,306.0,10.0,1,CUST_0058,UPI,22
TXN_2026080009,2026-08-05,S04,P02,3.0,233.75,15.0,1,CUST_0477,Credit Card,19
TXN_2026080010,2026-08-25,S02,P02,1.0,275.0,0.0,0,CUST_0376,Credit Card,18
TXN_2026080011,2026-08-20,S01,P02,3.0,275.0,0.0,0,CUST_0243,UPI,15
TXN_2026080012,2026-08-17,S02,P10,1.0,57.0,5.0,1,CUST_0367,Digital Wallet,13
TXN_2026080013,2026-08-28,S02,P01,2.0,59.4,10.0,1,CUST_0500,Credit Card,20
TXN_2026080014,2026-08-25,S04,P04,2.0,180.0,0.0,0,CUST_0252,Cash,17
TXN_2026080015,2026-08-05,S01,P09,1.0,175.0,0.0,0,CUST_0322,Debit Card,19
TXN_2026080016,2026-08-10,S04,P01,3.0,59.4,10.0,1,CUST_0376,Cash,16
TXN_2026080017,2026-08-08,S02,P10,1.0,54.0,10.0,1,CUST_0409,UPI,19
TXN_2026080018,2026-08-24,S01,P10,1.0,57.0,5.0,1,CUST_0488,UPI,20
TXN_2026080019,2026-08-01,S04,P08,1.0,520.0,0.0,0,CUST_0343,Credit Card,14
TXN_2026080020,2026-08-18,S02,P01,3.0,66.0,0.0,0,CUST_0240,Cash,8
TXN_2026080021,2026-08-24,S01,P05,1.0,40.0,0.0,0,CUST_0139,UPI,12
TXN_2026080022,2026-08-28,S02,P06,1.0,340.0,0.0,0,CUST_0122,Digital Wallet,20
TXN_2026080023,2026-08-11,S04,P10,-1.0,51.0,15.0,1,,UPI,18
TXN_2026080024,2026-08-26,S01,P01,1.0,66.0,0.0,0,CUST_0561,UPI,19
TXN_2026080025,2026-08-04,S01,P06,1.0,340.0,0.0,0,CUST_0304,UPI,13
TXN_2026080026,2026-08-27,S01,P03,1.0,45.0,0.0,0,CUST_0115,Credit Card,18
TXN_2026080027,2026-08-04,S01,P01,1.0,62.7,5.0,1,CUST_0343,Cash,18
TXN_2026080028,2026-08-13,S03,P03,1.0,45.0,0.0,0,CUST_0251,UPI,11
TXN_2026080029,2026-08-26,S02,P06,2.0,323.0,5.0,1,CUST_0007,Credit Card,22
TXN_2026080030,2026-08-05,S01,P03,3.0,38.25,15.0,1,CUST_0589,UPI,13
TXN_2026080031,2026-08-08,S01,P04,1.0,180.0,0.0,0,CUST_0179,Credit Card,13
TXN_2026080032,2026-08-23,S01,P10,2.0,60.0,0.0,0,CUST_0145,UPI,13
TXN_2026080033,2026-08-23,S04,P03,1.0,40.5,10.0,1,CUST_0416,Credit Card,10
TXN_2026080034,2026-08-21,S01,P05,1.0,36.0,10.0,1,CUST_0121,Credit Card,17
TXN_2026080035,2026-08-22,S04,P03,5.0,45.0,0.0,0,CUST_0124,Credit Card,12
TXN_2026080036,2026-08-17,S02,P03,1.0,45.0,0.0,0,CUST_0150,UPI,19
TXN_2026080037,2026-08-08,S01,P05,2.0,36.0,10.0,1,CUST_0397,UPI,14
TXN_2026080038,2026-08-11,S04,P09,2.0,175.0,0.0,0,CUST_0381,Debit Card,15
TXN_2026080039,2026-08-06,S02,P04,2.0,180.0,0.0,0,CUST_0001,Debit Card,18
TXN_2026080040,2026-08-29,S03,P06,1.0,306.0,10.0,1,CUST_0244,Cash,19
TXN_2026080041,2026-08-19,S04,P01,1.0,66.0,0.0,0,CUST_0398,Debit Card,12
TXN_2026080042,2026-08-13,S01,P01,1.0,62.7,5.0,1,CUST_0251,Digital Wallet,21
TXN_2026080043,2026-08-15,S01,P04,1.0,180.0,0.0,0,CUST_0576,UPI,17
TXN_2026080044,2026-08-30,S03,P01,2.0,66.0,0.0,0,CUST_0299,UPI,8
TXN_2026080045,2026-08-05,S01,P02,1.0,261.25,5.0,1,CUST_0297,UPI,14
TXN_2026080046,2026-08-19,S01,P04,3.0,180.0,0.0,0,CUST_0500,Credit Card,15
TXN_2026080047,2026-08-16,S01,P01,1.0,59.4,10.0,1,CUST_0115,Credit Card,19
TXN_2026080048,2026-08-20,S01,P02,1.0,275.0,0.0,0,CUST_0001,Debit Card,13
TXN_2026080049,2026-08-01,S03,P04,1.0,180.0,0.0,0,CUST_0553,UPI,13
TXN_2026080050,2026-08-28,S01,P04,1.0,180.0,0.0,0,CUST_0600,Credit Card,9
TXN_2026080051,2026-08-29,S02,P09,2.0,148.75,15.0,1,CUST_0482,Credit Card,12
TXN_2026080052,2026-08-18,S02,P05,1.0,40.0,0.0,0,CUST_0610,Credit Card,18
TXN_2026080053,2026-08-22,S02,P03,1.0,45.0,0.0,0,CUST_0600,UPI,18
TXN_2026080054,2026-08-29,S01,P09,1.0,175.0,0.0,0,CUST_0510,Debit Card,9
TXN_2026080055,2026-08-23,S03,P06,1.0,323.0,5.0,1,CUST_0335,UPI,10
TXN_2026080056,2026-08-05,S01,P01,3.0,66.0,0.0,0,CUST_0465,Cash,13
TXN_2026080057,2026-08-18,S03,P01,1.0,56.1,15.0,1,CUST_0141,Cash,19
TXN_2026080058,2026-08-19,S04,P05,3.0,32.0,20.0,1,CUST_0583,UPI,20
TXN_2026080059,2026-08-14,S02,P04,1.0,180.0,0.0,0,CUST_0137,UPI,8
TXN_2026080060,2026-08-23,S02,P06,1.0,340.0,0.0,0,CUST_0611,Debit Card,13
TXN_2026080061,2026-08-30,S02,P05,1.0,34.0,15.0,1,CUST_0167,Credit Card,14
TXN_2026080062,2026-08-29,S01,P05,3.0,40.0,0.0,0,CUST_0343,UPI,20
TXN_2026080063,2026-08-15,S04,P10,2.0,51.0,15.0,1,CUST_0410,Cash,16
TXN_2026080064,2026-08-04,S04,P04,5.0,180.0,0.0,0,CUST_0065,UPI,12
TXN_2026080065,2026-08-31,S01,P01,2.0,66.0,0.0,0,CUST_0581,UPI,14
TXN_2026080066,2026-08-27,S02,P07,1.0,100.0,20.0,1,CUST_0067,Credit Card,15
TXN_2026080067,2026-08-04,S04,P02,4.0,275.0,0.0,0,CUST_0433,UPI,18
TXN_2026080068,2026-08-29,S04,P06,5.0,340.0,0.0,0,CUST_0050,UPI,8
TXN_2026080069,2026-08-28,S02,P10,1.0,57.0,5.0,1,CUST_0314,Credit Card,14
TXN_2026080070,2026-08-16,S02,P05,3.0,32.0,20.0,1,CUST_0309,UPI,18
TXN_2026080071,2026-08-19,S01,P05,2.0,40.0,0.0,0,CUST_0603,Credit Card,12
TXN_2026080072,2026-08-13,S04,P03,3.0,36.0,20.0,1,CUST_0115,Digital Wallet,17
TXN_2026080073,2026-08-02,S01,P03,3.0,42.75,5.0,1,CUST_0569,Cash,13
TXN_2026080074,2026-08-11,S02,P03,3.0,33.75,25.0,1,,UPI,19
TXN_2026080075,2026-08-26,S01,P05,3.0,36.0,10.0,1,CUST_0530,UPI,9
TXN_2026080076,2026-08-01,S01,P06,1.0,323.0,5.0,1,CUST_0642,Credit Card,20
TXN_2026080077,2026-08-11,S02,P05,1.0,36.0,10.0,1,CUST_0495,Credit Card,11
TXN_2026080078,2026-08-13,S04,P01,1.0,66.0,0.0,0,CUST_0269,Cash,11
TXN_2026080079,2026-08-17,S01,P03,1.0,36.0,20.0,1,,Credit Card,20
TXN_2026080080,2026-08-29,S02,P06,1.0,340.0,0.0,0,CUST_0456,UPI,20
TXN_2026080081,2026-08-11,S01,P03,2.0,45.0,0.0,0,CUST_0299,Credit Card,10
TXN_2026080082,2026-08-11,S01,P04,1.0,171.0,5.0,1,CUST_0202,Debit Card,20
TXN_2026080083,2026-08-23,S02,P06,2.0,340.0,0.0,0,CUST_0503,Cash,12
TXN_2026080084,2026-08-15,S02,P05,3.0,36.0,10.0,1,CUST_0649,UPI,17
TXN_2026080085,2026-08-08,S01,P03,-2.0,40.5,10.0,1,CUST_0485,Credit Card,9
TXN_2026080086,2026-08-15,S01,P09,1.0,175.0,0.0,0,CUST_0585,UPI,14
TXN_2026080087,2026-08-05,S01,P01,1.0,66.0,0.0,0,CUST_0560,Credit Card,15
TXN_2026080088,2026-08-06,S01,P10,1.0,60.0,0.0,0,CUST_0018,UPI,17
TXN_2026080089,2026-08-16,S04,P01,1.0,56.1,15.0,1,CUST_0478,Cash,16
TXN_2026080090,2026-08-14,S04,P01,2.0,56.1,15.0,1,CUST_0488,Credit Card,15
TXN_2026080091,2026-08-29,S01,P09,1.0,175.0,0.0,0,CUST_0446,Cash,21
TXN_2026080092,2026-08-12,S02,P02,2.0,220.0,20.0,1,CUST_0340,Digital Wallet,11
TXN_2026080093,2026-08-19,S04,P05,1.0,40.0,0.0,0,CUST_0531,UPI,11
TXN_2026080094,2026-08-20,S01,P07,1.0,125.0,0.0,0,CUST_0612,Debit Card,18
TXN_2026080095,2026-08-01,S04,P08,2.0,520.0,0.0,0,CUST_0116,Cash,9
TXN_2026080096,2026-08-22,S04,P10,1.0,60.0,0.0,0,CUST_0074,Credit Card,16
TXN_2026080097,2026-08-06,S01,P02,2.0,261.25,5.0,1,CUST_0269,Credit Card,16
TXN_2026080098,2026-08-30,S01,P05,2.0,40.0,0.0,0,CUST_0637,UPI,13
TXN_2026080099,2026-08-05,S04,P01,1.0,59.4,10.0,1,CUST_0116,Debit Card,20
TXN_2026080100,2026-08-14,S02,P03,2.0,42.75,5.0,1,CUST_0164,UPI,12
TXN_2026080101,2026-08-03,S01,P07,2.0,125.0,0.0,0,CUST_0583,Credit Card,12
TXN_2026080102,2026-08-31,S01,P03,2.0,42.75,5.0,1,CUST_0222,UPI,12
TXN_2026080103,2026-08-16,S02,P05,1.0,40.0,0.0,0,CUST_0126,UPI,11
TXN_2026080104,2026-08-19,S03,P04,3.0,171.0,5.0,1,CUST_0176,UPI,13
TXN_2026080105,2026-08-02,S03,P05,1.0,40.0,0.0,0,CUST_0375,UPI,18
TXN_2026080106,2026-08-24,S04,P10,1.0,60.0,0.0,0,CUST_0498,Credit Card,19
TXN_2026080107,2026-08-07,S01,P01,1.0,66.0,0.0,0,CUST_0085,UPI,19
TXN_2026080108,2026-08-29,S02,P04,1.0,153.0,15.0,1,CUST_0383,UPI,11
TXN_2026080109,2026-08-07,S02,P08,1.0,494.0,5.0,1,CUST_0633,Debit Card,8
TXN_2026080110,2026-08-07,S02,P03,1.0,38.25,15.0,1,CUST_0641,Debit Card,22
TXN_2026080111,2026-08-01,S01,P01,1.0,66.0,0.0,0,,Debit Card,8
TXN_2026080112,2026-08-15,S04,P04,1.0,135.0,25.0,1,,Cash,21
TXN_2026080113,2026-08-18,S04,P03,3.0,45.0,0.0,0,CUST_0518,UPI,19
TXN_2026080114,2026-08-02,S02,P01,1.0,59.4,10.0,1,CUST_0550,UPI,20
TXN_2026080115,2026-08-25,S02,P07,3.0,125.0,0.0,0,CUST_0116,UPI,14
TXN_2026080116,2026-08-15,S01,P04,3.0,180.0,0.0,0,CUST_0614,Cash,11
TXN_2026080117,2026-08-16,S02,P09,1.0,148.75,15.0,1,CUST_0008,Debit Card,17
TXN_2026080118,2026-08-15,S03,P07,1.0,112.5,10.0,1,,UPI,19
TXN_2026080119,2026-08-13,S02,P05,1.0,36.0,10.0,1,CUST_0590,UPI,11
TXN_2026080120,2026-08-18,S04,P01,5.0,66.0,0.0,0,CUST_0404,Credit Card,19
TXN_2026080121,2026-08-05,S02,P03,2.0,40.5,10.0,1,CUST_0567,UPI,11
TXN_2026080122,2026-08-06,S01,P01,4.0,66.0,0.0,0,CUST_0304,Credit Card,16
TXN_2026080123,2026-08-28,S03,P09,1.0,175.0,0.0,0,CUST_0467,Cash,20
TXN_2026080124,2026-08-30,S01,P01,3.0,56.1,15.0,1,CUST_0088,Credit Card,11
TXN_2026080125,2026-08-12,S01,P02,1.0,275.0,0.0,0,CUST_0010,Cash,12
TXN_2026080126,2026-08-09,S01,P04,3.0,135.0,25.0,1,CUST_0308,UPI,9
TXN_2026080127,2026-08-21,S02,P02,1.0,275.0,0.0,0,CUST_0434,Credit Card,11
TXN_2026080128,2026-08-14,S03,P01,2.0,52.8,20.0,1,CUST_0164,Cash,11
TXN_2026080129,2026-08-01,S02,P05,2.0,38.0,5.0,1,CUST_0239,Credit Card,11
TXN_2026080130,2026-08-05,S03,P01,2.0,66.0,0.0,0,,Credit Card,12
TXN_2026080131,2026-08-23,S02,P01,1.0,66.0,0.0,0,CUST_0335,Debit Card,19
TXN_2026080132,2026-08-21,S01,P03,2.0,40.5,10.0,1,CUST_0018,Cash,20
TXN_2026080133,2026-08-01,S04,P05,1.0,36.0,10.0,1,CUST_0071,UPI,14
TXN_2026080134,2026-08-08,S01,P04,2.0,180.0,0.0,0,CUST_0175,UPI,11
TXN_2026080135,2026-08-08,S01,P03,1.0,40.5,10.0,1,CUST_0339,UPI,12
TXN_2026080136,2026-08-22,S02,P04,1.0,180.0,0.0,0,CUST_0248,Cash,19
TXN_2026080137,2026-08-01,S01,P03,2.0,40.5,10.0,1,,Cash,18
TXN_2026080138,2026-08-03,S01,P09,1.0,131.25,25.0,1,CUST_0419,UPI,22
TXN_2026080139,2026-08-26,S02,P01,1.0,66.0,0.0,0,CUST_0325,UPI,8
TXN_2026080140,2026-08-06,S02,P05,1.0,-45.0,5.0,1,CUST_0306,Cash,19
TXN_2026080141,2026-08-21,S02,P09,3.0,175.0,0.0,0,CUST_0204,UPI,16
TXN_2026080142,2026-08-08,S04,P07,1.0,125.0,0.0,0,CUST_0123,UPI,20
TXN_2026080143,2026-08-03,S02,P01,3.0,56.1,15.0,1,CUST_0570,UPI,17
TXN_2026080144,2026-08-08,S04,P02,1.0,275.0,0.0,0,CUST_0447,UPI,15
TXN_2026080145,2026-08-23,S01,P05,2.0,40.0,0.0,0,CUST_0491,Debit Card,18
TXN_2026080146,2026-08-28,S02,P01,1.0,59.4,10.0,1,,UPI,20
TXN_2026080147,2026-08-27,S04,P07,2.0,118.75,5.0,1,CUST_0624,Credit Card,12
TXN_2026080148,2026-08-13,S02,P05,1.0,40.0,0.0,0,CUST_0128,Cash,10
TXN_2026080149,2026-08-22,S03,P05,1.0,40.0,0.0,0,CUST_0548,UPI,15
TXN_2026080150,2026-08-07,S01,P01,1.0,66.0,0.0,0,CUST_0047,UPI,12
TXN_2026080151,2026-08-09,S01,P05,3.0,40.0,0.0,0,CUST_0505,Cash,15
TXN_2026080152,2026-08-29,S02,P05,2.0,36.0,10.0,1,CUST_0115,Debit Card,22
TXN_2026080153,2026-08-01,S01,P07,3.0,125.0,0.0,0,CUST_0416,UPI,17
TXN_2026080154,2026-08-03,S04,P01,1.0,62.7,5.0,1,CUST_0223,UPI,18
TXN_2026080155,2026-08-07,S01,P01,1.0,66.0,0.0,0,CUST_0636,UPI,18
TXN_2026080156,2026-08-01,S04,P03,1.0,45.0,0.0,0,CUST_0503,Credit Card,19
TXN_2026080157,2026-08-06,S04,P01,1.0,66.0,0.0,0,CUST_0096,UPI,21
TXN_2026080158,2026-08-19,S01,P04,2.0,171.0,5.0,1,CUST_0107,Credit Card,18
TXN_2026080159,2026-08-14,S01,P09,-1.0,175.0,0.0,0,CUST_0632,UPI,15
TXN_2026080160,2026-08-28,S04,P03,1.0,36.0,20.0,1,CUST_0613,Debit Card,13
TXN_2026080161,2026-08-26,S04,P07,1.0,125.0,0.0,0,CUST_0615,UPI,13
TXN_2026080162,2026-08-11,S02,P01,2.0,66.0,0.0,0,CUST_0032,Credit Card,13
TXN_2026080163,2026-08-09,S01,P01,1.0,66.0,0.0,0,CUST_0493,UPI,13
TXN_2026080164,2026-08-13,S02,P01,5.0,66.0,0.0,0,CUST_0066,UPI,18
TXN_2026080165,2026-08-19,S03,P03,1.0,40.5,10.0,1,CUST_0179,Debit Card,17
TXN_2026080166,2026-08-09,S01,P09,2.0,148.75,15.0,1,CUST_0443,Debit Card,11
TXN_2026080167,2026-08-20,S03,P01,2.0,66.0,0.0,0,CUST_0549,Debit Card,22
TXN_2026080168,2026-08-14,S01,P05,1.0,38.0,5.0,1,CUST_0201,Debit Card,14
TXN_2026080169,2026-08-17,S01,P03,2.0,42.75,5.0,1,CUST_0049,UPI,17
TXN_2026080170,2026-08-15,S01,P09,1.0,140.0,20.0,1,CUST_0263,Debit Card,18
TXN_2026080171,2026-08-10,S01,P01,2.0,66.0,0.0,0,CUST_0133,UPI,17
TXN_2026080172,2026-08-30,S01,P01,2.0,66.0,0.0,0,CUST_0344,UPI,13
TXN_2026080173,2026-08-24,S02,P01,1.0,66.0,0.0,0,CUST_0176,Debit Card,19
TXN_2026080174,2026-08-05,S01,P03,3.0,45.0,0.0,0,CUST_0391,Cash,10
TXN_2026080175,2026-08-28,S01,P02,2.0,247.5,10.0,1,CUST_0011,Debit Card,17
TXN_2026080176,2026-08-16,S01,P08,2.0,442.0,15.0,1,CUST_0201,Debit Card,12
TXN_2026080177,2026-08-29,S04,P05,1.0,40.0,0.0,0,CUST_0003,Digital Wallet,17
TXN_2026080178,2026-08-26,S02,P05,1.0,34.0,15.0,1,CUST_0214,UPI,12
TXN_2026080179,2026-08-14,S02,P04,1.0,153.0,15.0,1,CUST_0307,Digital Wallet,19
TXN_2026080180,2026-08-01,S02,P01,3.0,52.8,20.0,1,CUST_0544,Credit Card,12
TXN_2026080181,2026-08-09,S04,P03,4.0,40.5,10.0,1,CUST_0560,Debit Card,20
TXN_2026080182,2026-08-17,S01,P10,1.0,54.0,10.0,1,CUST_0327,Credit Card,20
TXN_2026080183,2026-08-20,S03,P07,1.0,125.0,0.0,0,CUST_0199,Credit Card,13
TXN_2026080184,2026-08-09,S03,P09,2.0,140.0,20.0,1,CUST_0601,Debit Card,14
TXN_2026080185,2026-08-05,S02,P07,2.0,125.0,0.0,0,CUST_0109,UPI,18
TXN_2026080186,2026-08-27,S01,P01,2.0,66.0,0.0,0,CUST_0291,Cash,10
TXN_2026080187,2026-08-31,S02,P02,1.0,275.0,0.0,0,CUST_0108,UPI,9
TXN_2026080188,2026-08-16,S01,P01,1.0,59.4,10.0,1,CUST_0408,UPI,11
TXN_2026080189,2026-08-06,S02,P03,1.0,45.0,0.0,0,CUST_0552,UPI,17
TXN_2026080190,2026-08-09,S03,P01,1.0,59.4,10.0,1,CUST_0052,UPI,11
TXN_2026080191,2026-08-01,S01,P03,2.0,45.0,0.0,0,CUST_0112,UPI,12
TXN_2026080192,2026-08-29,S04,P05,1.0,40.0,0.0,0,CUST_0295,UPI,18
TXN_2026080193,2026-08-04,S01,P08,3.0,520.0,0.0,0,CUST_0580,Credit Card,8
TXN_2026080194,2026-08-18,S04,P06,1.0,340.0,0.0,0,CUST_0189,Credit Card,11
TXN_2026080195,2026-08-09,S02,P09,2.0,175.0,0.0,0,CUST_0065,UPI,20
TXN_2026080196,2026-08-18,S01,P01,2.0,66.0,0.0,0,CUST_0574,UPI,18
TXN_2026080197,2026-08-21,S01,P01,,66.0,0.0,0,CUST_0465,Cash,13
TXN_2026080198,2026-08-27,S04,P05,,34.0,15.0,1,CUST_0258,UPI,9
TXN_2026080199,2026-08-07,S01,P02,2.0,261.25,5.0,1,CUST_0646,UPI,17
TXN_2026080200,2026-08-01,S01,P02,3.0,261.25,5.0,1,CUST_0634,UPI,12
TXN_2026080201,2026-08-05,S01,P03,1.0,45.0,0.0,0,CUST_0331,UPI,21
TXN_2026080202,2026-08-29,S02,P02,3.0,275.0,0.0,0,CUST_0501,Debit Card,18
TXN_2026080203,2026-08-28,S02,P04,5.0,162.0,10.0,1,CUST_0210,UPI,22
TXN_2026080204,2026-08-19,S01,P03,2.0,42.75,5.0,1,CUST_0089,Credit Card,20
TXN_2026080205,2026-08-19,S01,P04,2.0,180.0,0.0,0,CUST_0028,UPI,16
TXN_2026080206,2026-08-22,S01,P05,1.0,40.0,0.0,0,CUST_0238,Debit Card,18
TXN_2026080207,2026-08-06,S01,P03,1.0,36.0,20.0,1,CUST_0336,Debit Card,19
TXN_2026080208,2026-08-29,S02,P02,2.0,275.0,0.0,0,CUST_0063,UPI,17
TXN_2026080209,2026-08-14,S03,P01,2.0,66.0,0.0,0,CUST_0553,UPI,9
TXN_2026080210,2026-08-13,S01,P03,1.0,45.0,0.0,0,CUST_0500,UPI,15
TXN_2026080211,2026-08-16,S01,P06,4.0,306.0,10.0,1,CUST_0541,Credit Card,11
TXN_2026080212,2026-08-02,S01,P06,1.0,306.0,10.0,1,CUST_0469,UPI,18
TXN_2026080213,2026-08-06,S04,P05,4.0,40.0,0.0,0,CUST_0592,Credit Card,18
TXN_2026080214,2026-08-23,S04,P02,1.0,275.0,0.0,0,CUST_0051,UPI,22
TXN_2026080215,2026-08-03,S04,P04,2.0,180.0,0.0,0,CUST_0112,UPI,17
TXN_2026080216,2026-08-19,S01,P04,2.0,180.0,0.0,0,CUST_0301,UPI,19
TXN_2026080217,2026-08-08,S01,P03,2.0,45.0,0.0,0,CUST_0090,UPI,12
TXN_2026080218,2026-08-13,S01,P04,1.0,180.0,0.0,0,CUST_0229,UPI,13
TXN_2026080219,2026-08-09,S01,P03,1.0,45.0,0.0,0,CUST_0150,UPI,20
TXN_2026080220,2026-08-12,S02,P04,2.0,162.0,10.0,1,CUST_0138,Credit Card,19
TXN_2026080221,2026-08-23,S03,P05,3.0,38.0,5.0,1,CUST_0135,UPI,18
TXN_2026080222,2026-08-10,S04,P01,-1.0,56.1,15.0,1,CUST_0457,Debit Card,12
TXN_2026080223,2026-08-18,S04,P06,1.0,340.0,0.0,0,CUST_0601,Debit Card,18
TXN_2026080224,2026-08-15,S01,P01,1.0,49.5,25.0,1,CUST_0494,Debit Card,20
TXN_2026080225,2026-08-22,S03,P01,2.0,52.8,20.0,1,CUST_0527,Cash,12
TXN_2026080226,2026-08-30,S01,P10,2.0,60.0,0.0,0,CUST_0333,UPI,18
TXN_2026080227,2026-08-23,S01,P10,4.0,60.0,0.0,0,,UPI,14
TXN_2026080228,2026-08-08,S03,P01,1.0,59.4,10.0,1,CUST_0174,Credit Card,10
TXN_2026080229,2026-08-01,S01,P03,1.0,40.5,10.0,1,CUST_0602,Credit Card,19
TXN_2026080230,2026-08-09,S02,P01,1.0,56.1,15.0,1,CUST_0213,Credit Card,11
TXN_2026080231,2026-08-19,S01,P03,2.0,42.75,5.0,1,CUST_0343,UPI,12
TXN_2026080232,2026-08-02,S03,P07,1.0,125.0,0.0,0,CUST_0061,Credit Card,19
TXN_2026080233,2026-08-16,S03,P10,1.0,60.0,0.0,0,CUST_0061,Cash,19
TXN_2026080234,2026-08-19,S01,P05,1.0,40.0,0.0,0,CUST_0524,UPI,12
TXN_2026080235,2026-08-11,S04,P03,2.0,38.25,15.0,1,CUST_0216,Digital Wallet,21
TXN_2026080236,2026-08-25,S01,P05,1.0,30.0,25.0,1,CUST_0589,UPI,12
TXN_2026080237,2026-08-04,S02,P03,1.0,0.0,0.0,0,CUST_0624,UPI,22
TXN_2026080238,2026-08-02,S03,P09,1.0,166.25,5.0,1,CUST_0578,UPI,19
TXN_2026080239,2026-08-23,S03,P08,4.0,520.0,0.0,0,CUST_0423,Credit Card,14
TXN_2026080240,2026-08-16,S04,P04,1.0,180.0,0.0,0,CUST_0423,Credit Card,11
TXN_2026080241,2026-08-22,S01,P03,2.0,38.25,15.0,1,CUST_0371,Credit Card,13
TXN_2026080242,2026-08-15,S02,P02,2.0,261.25,5.0,1,CUST_0206,Credit Card,11
TXN_2026080243,2026-08-08,S02,P01,2.0,66.0,0.0,0,CUST_0286,UPI,17
TXN_2026080244,2026-08-26,S04,P07,2.0,125.0,0.0,0,CUST_0105,UPI,13
TXN_2026080245,2026-08-26,S01,P03,1.0,45.0,0.0,0,CUST_0543,UPI,13
TXN_2026080246,2026-08-22,S03,P03,1.0,45.0,0.0,0,CUST_0242,Digital Wallet,19
TXN_2026080247,2026-08-09,S02,P03,1.0,45.0,0.0,0,,UPI,12
TXN_2026080248,2026-08-19,S01,P07,2.0,125.0,0.0,0,CUST_0498,Cash,17
TXN_2026080249,2026-08-12,S02,P01,3.0,62.7,5.0,1,CUST_0435,UPI,11
TXN_2026080250,2026-08-03,S01,P08,3.0,494.0,5.0,1,CUST_0484,UPI,18
TXN_2026080251,2026-08-29,S02,P09,2.0,166.25,5.0,1,CUST_0447,UPI,17
TXN_2026080252,2026-08-05,S04,P10,,54.0,10.0,1,CUST_0384,UPI,19
TXN_2026080253,2026-08-30,S02,P03,4.0,36.0,20.0,1,CUST_0510,Digital Wallet,9
TXN_2026080254,2026-08-15,S02,P01,2.0,56.1,15.0,1,CUST_0170,Debit Card,12
TXN_2026080255,2026-08-06,S02,P03,1.0,45.0,0.0,0,CUST_0323,Cash,11
TXN_2026080256,2026-08-17,S01,P03,1.0,45.0,0.0,0,CUST_0474,Cash,11
TXN_2026080257,2026-08-28,S01,P01,4.0,66.0,0.0,0,CUST_0232,Credit Card,10
TXN_2026080258,2026-08-23,S02,P05,2.0,38.0,5.0,1,CUST_0359,Debit Card,17
TXN_2026080259,2026-08-26,S01,P03,3.0,38.25,15.0,1,CUST_0275,Credit Card,17
TXN_2026080260,2026-08-21,S01,P08,1.0,468.0,10.0,1,CUST_0032,Credit Card,20
TXN_2026080261,2026-08-22,S02,P01,1.0,66.0,0.0,0,CUST_0177,UPI,14
TXN_2026080262,2026-08-28,S01,P05,1.0,38.0,5.0,1,CUST_0065,UPI,17
TXN_2026080263,2026-08-08,S01,P06,1.0,340.0,0.0,0,CUST_0027,Credit Card,22
TXN_2026080264,2026-08-16,S02,P06,3.0,255.0,25.0,1,CUST_0479,UPI,17
TXN_2026080265,2026-08-08,S01,P08,1.0,468.0,10.0,1,CUST_0268,Credit Card,17
TXN_2026080266,2026-08-31,S04,P05,1.0,36.0,10.0,1,CUST_0597,Cash,22
TXN_2026080267,2026-08-30,S04,P09,1.0,175.0,0.0,0,CUST_0066,Credit Card,22
TXN_2026080268,2026-08-02,S03,P03,-5.0,45.0,0.0,0,CUST_0133,Credit Card,14
TXN_2026080269,2026-08-23,S01,P04,1.0,180.0,0.0,0,CUST_0366,UPI,18
TXN_2026080270,2026-08-29,S03,P01,5.0,66.0,0.0,0,CUST_0082,Debit Card,16
TXN_2026080271,2026-08-06,S04,P01,2.0,66.0,0.0,0,CUST_0328,UPI,18
TXN_2026080272,2026-08-18,S03,P02,2.0,206.25,25.0,1,CUST_0098,Cash,21
TXN_2026080273,2026-08-29,S01,P01,3.0,66.0,0.0,0,CUST_0585,Digital Wallet,13
TXN_2026080274,2026-08-01,S02,P02,4.0,275.0,0.0,0,CUST_0327,Cash,19
TXN_2026080275,2026-08-22,S04,P01,1.0,66.0,0.0,0,CUST_0542,UPI,18
TXN_2026080276,2026-08-10,S02,P01,1.0,66.0,0.0,0,CUST_0125,UPI,12
TXN_2026080277,2026-08-29,S02,P09,1.0,148.75,15.0,1,,Cash,19
TXN_2026080278,2026-08-30,S02,P01,1.0,66.0,0.0,0,CUST_0133,Debit Card,14
TXN_2026080279,2026-08-30,S02,P05,1.0,32.0,20.0,1,CUST_0503,Cash,10
TXN_2026080280,2026-08-15,S01,P01,1.0,66.0,0.0,0,CUST_0157,Credit Card,22
TXN_2026080281,2026-08-28,S02,P09,-2.0,131.25,25.0,1,CUST_0559,Credit Card,14
TXN_2026080282,2026-08-27,S01,P09,3.0,175.0,0.0,0,CUST_0382,UPI,17
TXN_2026080283,2026-08-10,S02,P05,3.0,38.0,5.0,1,CUST_0022,Cash,19
TXN_2026080284,2026-08-27,S01,P05,1.0,40.0,0.0,0,CUST_0595,Debit Card,21
TXN_2026080285,2026-08-01,S02,P01,2.0,62.7,5.0,1,CUST_0419,UPI,20
TXN_2026080286,2026-08-19,S01,P10,2.0,54.0,10.0,1,CUST_0472,UPI,16
TXN_2026080287,2026-08-08,S03,P08,1.0,520.0,0.0,0,CUST_0234,Credit Card,17
TXN_2026080288,2026-08-04,S03,P09,2.0,175.0,0.0,0,CUST_0572,Debit Card,12
TXN_2026080289,2026-08-02,S01,P05,1.0,30.0,25.0,1,CUST_0454,UPI,15
TXN_2026080290,2026-08-22,S01,P03,1.0,45.0,0.0,0,CUST_0570,UPI,21
TXN_2026080291,2026-08-11,S01,P09,1.0,140.0,20.0,1,CUST_0162,UPI,18
TXN_2026080292,2026-08-23,S04,P02,1.0,247.5,10.0,1,CUST_0301,UPI,8
TXN_2026080293,2026-08-02,S02,P04,1.0,180.0,0.0,0,CUST_0306,Cash,10
TXN_2026080294,2026-08-10,S02,P01,1.0,66.0,0.0,0,CUST_0002,Debit Card,20
TXN_2026080295,2026-08-17,S01,P09,4.0,131.25,25.0,1,CUST_0271,Debit Card,20
TXN_2026080296,2026-08-25,S02,P01,-5.0,62.7,5.0,1,CUST_0421,Debit Card,16
TXN_2026080297,2026-08-10,S04,P02,2.0,275.0,0.0,0,CUST_0143,UPI,17
TXN_2026080298,2026-08-20,S04,P04,2.0,171.0,5.0,1,CUST_0535,Debit Card,12
TXN_2026080299,2026-08-28,S02,P06,2.0,340.0,0.0,0,CUST_0037,Digital Wallet,19
TXN_2026080300,2026-08-20,S01,P05,1.0,34.0,15.0,1,,Debit Card,17
TXN_2026080301,2026-08-08,S01,P02,3.0,275.0,0.0,0,CUST_0297,UPI,18
TXN_2026080302,2026-08-01,S01,P01,3.0,66.0,0.0,0,CUST_0097,Debit Card,13
TXN_2026080303,2026-08-28,S01,P06,1.0,340.0,0.0,0,CUST_0281,Cash,15
TXN_2026080304,2026-08-01,S01,P10,1.0,60.0,0.0,0,CUST_0110,UPI,11
TXN_2026080305,2026-08-28,S01,P07,2.0,125.0,0.0,0,CUST_0549,UPI,21
TXN_2026080306,2026-08-17,S01,P03,1.0,42.75,5.0,1,CUST_0552,Cash,21
TXN_2026080307,2026-08-30,S04,P09,1.0,157.5,10.0,1,CUST_0597,Cash,19
TXN_2026080308,2026-08-26,S02,P03,1.0,42.75,5.0,1,CUST_0188,Credit Card,21
TXN_2026080309,2026-08-31,S04,P04,3.0,180.0,0.0,0,CUST_0488,UPI,18
TXN_2026080310,2026-08-12,S03,P03,1.0,42.75,5.0,1,CUST_0354,UPI,12
TXN_2026080311,2026-08-24,S01,P03,1.0,36.0,125.0,1,CUST_0019,Credit Card,19
TXN_2026080312,2026-08-13,S03,P06,1.0,340.0,0.0,0,CUST_0393,Cash,13
TXN_2026080313,2026-08-15,S01,P04,2.0,180.0,0.0,0,CUST_0261,UPI,15
TXN_2026080314,2026-08-20,S02,P03,3.0,45.0,0.0,0,CUST_0410,UPI,12
TXN_2026080315,2026-08-28,S01,P02,1.0,275.0,0.0,0,CUST_0403,Cash,14
TXN_2026080316,2026-08-31,S04,P01,1.0,66.0,0.0,0,CUST_0484,UPI,18
TXN_2026080317,2026-08-25,S01,P04,1.0,162.0,10.0,1,CUST_0304,Debit Card,10
TXN_2026080318,2026-08-14,S01,P02,2.0,233.75,15.0,1,CUST_0624,UPI,10
TXN_2026080319,2026-08-14,S04,P01,2.0,66.0,0.0,0,CUST_0018,Debit Card,18
TXN_2026080320,2026-08-23,S01,P05,2.0,36.0,10.0,1,CUST_0184,Digital Wallet,19
TXN_2026080321,2026-08-08,S03,P05,1.0,40.0,0.0,0,CUST_0405,UPI,17
TXN_2026080322,2026-08-04,S03,P06,1.0,340.0,0.0,0,CUST_0131,Cash,11
TXN_2026080323,2026-08-12,S04,P04,1.0,171.0,5.0,1,CUST_0479,Digital Wallet,15
TXN_2026080324,2026-08-09,S04,P09,4.0,175.0,0.0,0,CUST_0008,Digital Wallet,19
TXN_2026080325,2026-08-10,S04,P09,2.0,175.0,0.0,0,CUST_0318,UPI,18
TXN_2026080326,2026-08-08,S01,P07,2.0,112.5,10.0,1,CUST_0391,Credit Card,10
TXN_2026080327,2026-08-02,S04,P05,,34.0,15.0,1,CUST_0519,UPI,22
TXN_2026080328,2026-08-01,S02,P03,3.0,42.75,5.0,1,CUST_0136,UPI,12
TXN_2026080329,2026-08-31,S02,P10,1.0,60.0,0.0,0,CUST_0531,Credit Card,12
TXN_2026080330,2026-08-14,S01,P02,1.0,275.0,0.0,0,CUST_0367,UPI,15
TXN_2026080331,2026-08-13,S02,P01,3.0,66.0,0.0,0,CUST_0489,Debit Card,13
TXN_2026080332,2026-08-22,S04,P03,-3.0,45.0,0.0,0,CUST_0011,Credit Card,22
TXN_2026080333,2026-08-08,S04,P01,1.0,56.1,15.0,1,CUST_0553,Cash,9
TXN_2026080334,2026-08-30,S02,P10,3.0,54.0,10.0,1,CUST_0446,Debit Card,13
TXN_2026080335,2026-08-25,S01,P04,1.0,171.0,5.0,1,CUST_0114,UPI,14
TXN_2026080336,2026-08-03,S01,P04,1.0,153.0,15.0,1,CUST_0196,Credit Card,16
TXN_2026080337,2026-08-14,S04,P05,1.0,40.0,0.0,0,CUST_0323,Debit Card,8
TXN_2026080338,2026-08-28,S03,P03,2.0,40.5,10.0,1,CUST_0512,UPI,9
TXN_2026080339,2026-08-30,S02,P01,2.0,66.0,0.0,0,CUST_0628,UPI,12
TXN_2026080340,2026-08-15,S01,P05,2.0,40.0,0.0,0,CUST_0630,Cash,17
TXN_2026080341,2026-08-20,S02,P05,1.0,40.0,0.0,0,CUST_0165,UPI,19
TXN_2026080342,2026-08-06,S02,P03,1.0,36.0,20.0,1,CUST_0252,Cash,18
TXN_2026080343,2026-08-31,S04,P06,4.0,340.0,0.0,0,CUST_0044,Cash,17
TXN_2026080344,2026-08-08,S02,P02,1.0,275.0,0.0,0,CUST_0470,Credit Card,14
TXN_2026080345,2026-08-30,S01,P02,2.0,261.25,5.0,1,CUST_0489,Debit Card,20
TXN_2026080346,2026-08-21,S02,P01,2.0,66.0,0.0,0,CUST_0181,UPI,15
TXN_2026080347,2026-08-20,S01,P03,2.0,45.0,0.0,0,CUST_0077,Cash,13
TXN_2026080348,2026-08-16,S04,P07,5.0,112.5,10.0,1,,Cash,17
TXN_2026080349,2026-08-08,S01,P07,1.0,125.0,0.0,0,CUST_0628,UPI,18
TXN_2026080350,2026-08-06,S02,P03,2.0,36.0,20.0,1,CUST_0067,Credit Card,14
TXN_2026080351,2026-08-08,S01,P04,1.0,171.0,5.0,1,,Credit Card,8
TXN_2026080352,2026-08-06,S03,P05,1.0,40.0,0.0,0,,UPI,10
TXN_2026080353,2026-08-25,S02,P02,1.0,275.0,0.0,0,CUST_0244,Digital Wallet,20
TXN_2026080354,2026-08-12,S03,P01,1.0,62.7,5.0,1,CUST_0341,UPI,9
TXN_2026080355,2026-08-02,S01,P10,3.0,60.0,0.0,0,,Credit Card,17
TXN_2026080356,2026-08-30,S01,P05,2.0,40.0,0.0,0,CUST_0398,UPI,11
TXN_2026080357,2026-08-28,S01,P10,1.0,54.0,10.0,1,CUST_0448,Credit Card,12
TXN_2026080358,2026-08-29,S02,P03,1.0,40.5,10.0,1,CUST_0097,Debit Card,12
TXN_2026080359,2026-08-31,S01,P05,1.0,38.0,5.0,1,CUST_0331,Credit Card,8
TXN_2026080360,2026-08-06,S02,P02,2.0,233.75,15.0,1,CUST_0205,Debit Card,11
TXN_2026080361,2026-08-13,S04,P02,3.0,275.0,0.0,0,CUST_0449,Debit Card,18
TXN_2026080362,2026-08-24,S04,P04,1.0,180.0,0.0,0,CUST_0418,UPI,16
TXN_2026080363,2026-08-22,S02,P03,1.0,40.5,10.0,1,CUST_0649,UPI,19
TXN_2026080364,2026-08-05,S02,P01,1.0,66.0,0.0,0,CUST_0077,UPI,9
TXN_2026080365,2026-08-26,S01,P02,1.0,275.0,0.0,0,CUST_0549,UPI,20
TXN_2026080366,2026-08-08,S02,P01,2.0,59.4,10.0,1,CUST_0425,UPI,22
TXN_2026080367,2026-08-08,S04,P05,1.0,40.0,0.0,0,CUST_0429,Cash,8
TXN_2026080368,2026-08-17,S01,P03,1.0,45.0,0.0,0,CUST_0485,Digital Wallet,22
TXN_2026080369,2026-08-19,S02,P01,1.0,62.7,5.0,1,CUST_0135,UPI,12
TXN_2026080370,2026-08-18,S04,P01,2.0,59.4,10.0,1,CUST_0254,UPI,18
TXN_2026080371,2026-08-03,S04,P01,1.0,66.0,0.0,0,CUST_0560,UPI,12
TXN_2026080372,2026-08-28,S01,P05,3.0,38.0,5.0,1,CUST_0255,Cash,16
TXN_2026080373,2026-08-09,S02,P01,2.0,66.0,0.0,0,CUST_0646,Credit Card,16
TXN_2026080374,2026-08-04,S01,P06,2.0,340.0,0.0,0,CUST_0499,Credit Card,13
TXN_2026080375,2026-08-28,S01,P01,1.0,66.0,0.0,0,CUST_0613,Credit Card,18
TXN_2026080376,2026-08-30,S04,P02,1.0,275.0,-10.0,0,CUST_0484,Debit Card,17
TXN_2026080377,2026-08-28,S04,P09,1.0,157.5,10.0,1,CUST_0046,UPI,16
TXN_2026080378,2026-08-26,S03,P05,1.0,40.0,0.0,0,CUST_0443,UPI,22
TXN_2026080379,2026-08-21,S01,P01,1.0,49.5,25.0,1,CUST_0582,,21
TXN_2026080380,2026-08-17,S04,P07,1.0,125.0,0.0,0,CUST_0648,Credit Card,21
TXN_2026080381,2026-08-03,S02,P03,1.0,36.0,20.0,1,,Cash,20
TXN_2026080382,2026-08-14,S01,P07,1.0,125.0,0.0,0,CUST_0004,UPI,12
TXN_2026080383,2026-08-12,S02,P05,2.0,40.0,0.0,0,CUST_0001,UPI,13
TXN_2026080384,2026-08-09,S01,P05,1.0,40.0,0.0,0,CUST_0290,Cash,12
TXN_2026080385,2026-08-23,S03,P10,1.0,57.0,5.0,1,CUST_0109,UPI,22
TXN_2026080386,2026-08-16,S02,P02,1.0,233.75,15.0,1,CUST_0575,UPI,11
TXN_2026080387,2026-08-03,S01,P05,2.0,36.0,10.0,1,CUST_0460,Cash,13
TXN_2026080388,2026-08-08,S01,P03,2.0,42.75,5.0,1,CUST_0266,Debit Card,11
TXN_2026080389,2026-08-22,S01,P01,1.0,66.0,0.0,0,,UPI,12
TXN_2026080390,2026-08-02,S01,P01,2.0,66.0,0.0,0,CUST_0434,Debit Card,12
TXN_2026080391,2026-08-28,S02,P01,1.0,66.0,0.0,0,CUST_0044,Debit Card,18
TXN_2026080392,2026-08-16,S04,P05,2.0,40.0,0.0,0,CUST_0510,UPI,9
TXN_2026080393,2026-08-15,S01,P04,2.0,162.0,10.0,1,CUST_0262,Debit Card,17
TXN_2026080394,2026-08-19,S01,P04,2.0,153.0,15.0,1,CUST_0633,Credit Card,19
TXN_2026080395,2026-08-27,S02,P01,2.0,66.0,0.0,0,CUST_0152,Digital Wallet,19
TXN_2026080396,2026-08-11,S04,P03,1.0,40.5,10.0,1,CUST_0213,Digital Wallet,11
TXN_2026080397,2026-08-22,S01,P09,,175.0,0.0,0,CUST_0234,UPI,20
TXN_2026080398,2026-08-18,S01,P03,1.0,45.0,0.0,0,CUST_0623,Credit Card,19
TXN_2026080399,2026-08-09,S02,P05,4.0,40.0,0.0,0,CUST_0361,UPI,8
TXN_2026080400,2026-08-28,S01,P06,1.0,340.0,0.0,0,CUST_0320,UPI,19
TXN_2026080401,2026-08-26,S01,P06,1.0,340.0,0.0,0,CUST_0222,UPI,19
TXN_2026080402,2026-08-21,S03,P04,1.0,180.0,0.0,0,CUST_0210,Debit Card,16
TXN_2026080403,2026-08-28,S02,P08,1.0,520.0,0.0,0,CUST_0396,Credit Card,9
TXN_2026080404,2026-08-28,S02,P03,2.0,45.0,0.0,0,CUST_0583,UPI,17
TXN_2026080405,2026-08-23,S03,P08,1.0,520.0,0.0,0,CUST_0489,Debit Card,19
TXN_2026080406,2026-08-27,S02,P02,1.0,275.0,0.0,0,CUST_0601,Debit Card,12
TXN_2026080407,2026-08-22,S01,P02,1.0,206.25,25.0,1,CUST_0464,Debit Card,18
TXN_2026080408,2026-08-22,S01,P01,2.0,59.4,10.0,1,CUST_0624,UPI,13
TXN_2026080409,2026-08-20,S01,P06,1.0,272.0,20.0,1,CUST_0452,Debit Card,17
TXN_2026080410,2026-08-24,S01,P03,1.0,42.75,5.0,1,CUST_0413,Cash,14
TXN_2026080411,2026-08-05,S02,P02,2.0,261.25,5.0,1,CUST_0476,UPI,13
TXN_2026080412,2026-08-28,S04,P02,1.0,275.0,0.0,0,CUST_0256,UPI,20
TXN_2026080413,2026-08-28,S04,P09,1.0,157.5,10.0,1,CUST_0150,Digital Wallet,19
TXN_2026080414,2026-08-01,S02,P07,2.0,125.0,0.0,0,CUST_0127,Credit Card,13
TXN_2026080415,2026-08-27,S01,P04,1.0,180.0,0.0,0,CUST_0392,Credit Card,15
TXN_2026080416,2026-08-04,S01,P05,1.0,40.0,0.0,0,CUST_0480,UPI,18
TXN_2026080417,2026-08-11,S04,P03,1.0,45.0,0.0,0,CUST_0397,Credit Card,19
TXN_2026080418,2026-08-24,S02,P03,1.0,45.0,0.0,0,CUST_0402,UPI,18
TXN_2026080419,2026-08-06,S02,P09,1.0,131.25,25.0,1,CUST_0274,UPI,17
TXN_2026080420,2026-08-26,S03,P01,2.0,66.0,0.0,0,CUST_0139,Credit Card,21
TXN_2026080421,2026-08-27,S03,P03,3.0,38.25,15.0,1,CUST_0103,UPI,19
TXN_2026080422,2026-08-16,S04,P03,2.0,45.0,0.0,0,CUST_0242,Debit Card,10
TXN_2026080423,2026-08-01,S01,P03,1.0,40.5,10.0,1,CUST_0117,Digital Wallet,17
TXN_2026080424,2026-08-09,S03,P03,1.0,42.75,5.0,1,CUST_0214,Credit Card,14
TXN_2026080425,2026-08-20,S04,P04,2.0,171.0,5.0,1,CUST_0484,Credit Card,19
TXN_2026080426,2026-08-31,S01,P01,1.0,66.0,0.0,0,CUST_0529,UPI,9
TXN_2026080427,2026-08-20,S02,P04,1.0,171.0,5.0,1,CUST_0224,UPI,14
TXN_2026080428,2026-08-09,S01,P02,2.0,275.0,0.0,0,CUST_0270,Digital Wallet,13
TXN_2026080429,2026-08-20,S04,P01,1.0,66.0,0.0,0,CUST_0134,UPI,11
TXN_2026080430,2026-08-17,S01,P01,1.0,62.7,5.0,1,CUST_0114,UPI,14
TXN_2026080431,2026-08-25,S02,P06,1.0,340.0,0.0,0,CUST_0441,Credit Card,18
TXN_2026080432,2026-08-04,S01,P03,2.0,45.0,0.0,0,CUST_0644,Credit Card,13
TXN_2026080433,2026-08-24,S03,P05,1.0,40.0,0.0,0,CUST_0365,UPI,17
TXN_2026080434,2026-08-17,S01,P05,1.0,34.0,15.0,1,CUST_0232,UPI,17
TXN_2026080435,2026-08-30,S01,P05,1.0,36.0,10.0,1,CUST_0458,Debit Card,17
TXN_2026080436,2026-08-11,S02,P03,3.0,45.0,0.0,0,,UPI,17
TXN_2026080437,2026-08-20,S04,P03,1.0,45.0,0.0,0,CUST_0604,UPI,10
TXN_2026080438,2026-08-29,S01,P03,1.0,45.0,0.0,0,CUST_0611,UPI,12
TXN_2026080439,2026-08-03,S01,P05,2.0,40.0,0.0,0,CUST_0207,UPI,19
TXN_2026080440,2026-08-30,S03,P03,1.0,40.5,10.0,1,CUST_0520,Credit Card,16
TXN_2026080441,2026-08-22,S02,P07,1.0,112.5,10.0,1,CUST_0468,Credit Card,18
TXN_2026080442,2026-08-02,S04,P08,1.0,468.0,10.0,1,,Debit Card,17
TXN_2026080443,2026-08-10,S01,P01,2.0,56.1,15.0,1,CUST_0321,UPI,8
TXN_2026080444,2026-08-23,S02,P01,1.0,62.7,5.0,1,CUST_0093,UPI,19
TXN_2026080445,2026-08-02,S01,P05,3.0,38.0,5.0,1,CUST_0408,UPI,9
TXN_2026080446,2026-08-19,S01,P03,1.0,40.5,10.0,1,CUST_0158,UPI,21
TXN_2026080447,2026-08-11,S03,P01,5.0,62.7,5.0,1,CUST_0099,UPI,12
TXN_2026080448,2026-08-20,S02,P08,2.0,442.0,15.0,1,CUST_0225,UPI,16
TXN_2026080449,2026-08-02,S03,P02,5.0,247.5,10.0,1,CUST_0441,UPI,9
TXN_2026080450,2026-08-28,S01,P09,1.0,175.0,0.0,0,CUST_0585,Credit Card,20
TXN_2026080451,2026-08-31,S02,P05,1.0,32.0,20.0,1,CUST_0401,UPI,22
TXN_2026080452,2026-08-30,S02,P06,2.0,323.0,5.0,1,CUST_0571,UPI,11
TXN_2026080453,2026-08-24,S04,P01,2.0,66.0,0.0,0,CUST_0064,UPI,13
TXN_2026080454,2026-08-04,S01,P02,3.0,247.5,10.0,1,CUST_0560,UPI,8
TXN_2026080455,2026-08-24,S01,P04,1.0,180.0,0.0,0,CUST_0279,Debit Card,19
TXN_2026080456,2026-08-01,S01,P01,1.0,59.4,10.0,1,CUST_0519,UPI,13
TXN_2026080457,2026-08-01,S02,P03,3.0,36.0,20.0,1,,UPI,17
TXN_2026080458,2026-08-11,S01,P03,3.0,45.0,0.0,0,CUST_0368,UPI,8
TXN_2026080459,2026-08-16,S04,P01,1.0,56.1,15.0,1,CUST_0618,UPI,18
TXN_2026080460,2026-08-25,S01,P01,2.0,59.4,10.0,1,CUST_0098,Debit Card,16
TXN_2026080461,2026-08-22,S04,P06,2.0,323.0,5.0,1,CUST_0268,Digital Wallet,18
TXN_2026080462,2026-08-15,S01,P01,1.0,66.0,0.0,0,CUST_0060,UPI,19
TXN_2026080463,2026-08-09,S02,P01,4.0,66.0,0.0,0,CUST_0500,Debit Card,10
TXN_2026080464,2026-08-31,S04,P05,1.0,40.0,0.0,0,CUST_0308,UPI,17
TXN_2026080465,2026-08-14,S01,P10,2.0,60.0,0.0,0,CUST_0493,UPI,18
TXN_2026080466,2026-08-15,S04,P03,3.0,45.0,0.0,0,CUST_0411,UPI,16
TXN_2026080467,2026-08-06,S02,P01,1.0,59.4,10.0,1,CUST_0140,Cash,11
TXN_2026080468,2026-08-25,S04,P04,3.0,135.0,25.0,1,CUST_0328,UPI,19
TXN_2026080469,2026-08-22,S02,P09,2.0,175.0,0.0,0,CUST_0464,Digital Wallet,22
TXN_2026080470,2026-08-08,S01,P06,3.0,340.0,0.0,0,CUST_0637,Credit Card,22
TXN_2026080471,2026-08-03,S01,P05,1.0,36.0,10.0,1,CUST_0163,UPI,19
TXN_2026080472,2026-08-22,S01,P03,1.0,45.0,0.0,0,CUST_0060,Debit Card,14
TXN_2026080473,2026-08-21,S01,P04,2.0,153.0,15.0,1,CUST_0031,Cash,13
TXN_2026080474,2026-08-09,S01,P01,,59.4,10.0,1,CUST_0333,Debit Card,9
TXN_2026080475,2026-08-30,S01,P05,1.0,36.0,10.0,1,CUST_0076,Debit Card,14
TXN_2026080476,2026-08-05,S02,P05,1.0,40.0,0.0,0,CUST_0317,UPI,11
TXN_2026080477,2026-08-15,S03,P10,1.0,60.0,0.0,0,CUST_0417,UPI,12
TXN_2026080478,2026-08-30,S01,P02,2.0,275.0,0.0,0,CUST_0190,UPI,20
TXN_2026080479,2026-08-14,S01,P01,2.0,66.0,0.0,0,CUST_0489,Credit Card,22
TXN_2026080480,2026-08-21,S02,P04,2.0,162.0,10.0,1,CUST_0315,Cash,21
TXN_2026080481,2026-08-13,S01,P05,2.0,40.0,0.0,0,CUST_0296,Debit Card,11
TXN_2026080482,2026-08-09,S01,P06,2.0,340.0,0.0,0,CUST_0501,Cash,20
TXN_2026080483,2026-08-31,S01,P01,1.0,59.4,10.0,1,CUST_0177,UPI,11
TXN_2026080484,2026-08-14,S04,P02,3.0,275.0,0.0,0,CUST_0215,Debit Card,16
TXN_2026080485,2026-08-29,S04,P04,1.0,180.0,0.0,0,CUST_0597,Cash,18
TXN_2026080486,2026-08-08,S01,P03,1.0,38.25,15.0,1,CUST_0332,Credit Card,15
TXN_2026080487,2026-08-07,S02,P08,1.0,520.0,0.0,0,CUST_0128,UPI,21
TXN_2026080488,2026-08-01,S02,P03,1.0,45.0,0.0,0,CUST_0269,Debit Card,13
TXN_2026080489,2026-08-21,S02,P06,1.0,340.0,0.0,0,CUST_0551,Credit Card,16
TXN_2026080490,2026-08-12,S03,P04,1.0,171.0,5.0,1,CUST_0535,Digital Wallet,9
TXN_2026080491,2026-08-28,S02,P06,1.0,340.0,0.0,0,CUST_0366,UPI,20
TXN_2026080492,2026-08-15,S01,P03,1.0,45.0,0.0,0,CUST_0619,UPI,14
TXN_2026080493,2026-08-30,S01,P07,,125.0,0.0,0,CUST_0348,Credit Card,18
TXN_2026080494,2026-08-06,S02,P02,1.0,275.0,0.0,0,CUST_0142,UPI,18
TXN_2026080495,2026-08-28,S04,P04,1.0,180.0,0.0,0,,Credit Card,18
TXN_2026080496,2026-08-25,S02,P01,1.0,62.7,5.0,1,,UPI,16
TXN_2026080497,2026-08-25,S04,P03,3.0,42.75,5.0,1,CUST_0442,Cash,12
TXN_2026080498,2026-08-27,S04,P03,75.0,42.75,5.0,1,CUST_0290,Cash,17
TXN_2026080499,2026-08-24,S01,P02,3.0,275.0,0.0,0,CUST_0112,UPI,21
TXN_2026080500,2026-08-20,S03,P10,2.0,60.0,0.0,0,CUST_0214,UPI,20
TXN_2026080501,2026-08-04,S02,P01,3.0,59.4,10.0,1,CUST_0650,Credit Card,10
TXN_2026080502,2026-08-01,S04,P06,1.0,323.0,5.0,1,CUST_0200,Debit Card,8
TXN_2026080503,2026-08-29,S04,P10,1.0,51.0,15.0,1,CUST_0405,UPI,16
TXN_2026080504,2026-08-20,S03,P01,1.0,66.0,0.0,0,CUST_0421,UPI,19
TXN_2026080505,2026-08-26,S01,P05,1.0,40.0,0.0,0,CUST_0007,Credit Card,13
TXN_2026080506,2026-08-15,S03,P02,2.0,247.5,10.0,1,CUST_0525,Debit Card,18
TXN_2026080507,2026-08-04,S01,P01,3.0,49.5,25.0,1,CUST_0592,UPI,20
TXN_2026080508,2026-08-04,S03,P03,2.0,33.75,25.0,1,,Debit Card,15
TXN_2026080509,2026-08-22,S04,P09,,131.25,25.0,1,CUST_0389,Cash,12
TXN_2026080510,2026-08-15,S01,P01,4.0,56.1,15.0,1,CUST_0416,UPI,20
TXN_2026080511,2026-08-07,S02,P04,5.0,171.0,5.0,1,CUST_0150,Credit Card,15
TXN_2026080512,2026-08-16,S02,P04,1.0,180.0,0.0,0,CUST_0428,UPI,14
TXN_2026080513,2026-08-02,S02,P08,3.0,494.0,5.0,1,CUST_0293,UPI,13
TXN_2026080514,2026-08-19,S01,P01,1.0,66.0,0.0,0,CUST_0334,UPI,14
TXN_2026080515,2026-08-09,S03,P05,1.0,40.0,0.0,0,CUST_0272,UPI,18
TXN_2026080516,2026-08-26,S04,P05,1.0,38.0,5.0,1,CUST_0043,Cash,15
TXN_2026080517,2026-08-10,S04,P05,2.0,36.0,10.0,1,CUST_0468,Credit Card,13
TXN_2026080518,2026-08-15,S01,P10,1.0,57.0,5.0,1,CUST_0319,UPI,19
TXN_2026080519,2026-08-01,S04,P07,1.0,125.0,0.0,0,CUST_0492,UPI,11
TXN_2026080520,2026-08-02,S03,P01,1.0,66.0,0.0,0,CUST_0527,Credit Card,11
TXN_2026080521,2026-08-13,S01,P03,1.0,36.0,20.0,1,CUST_0172,UPI,18
TXN_2026080522,2026-08-15,S01,P03,1.0,40.5,10.0,1,CUST_0649,UPI,20
TXN_2026080523,2026-08-19,S01,P03,1.0,45.0,0.0,0,CUST_0321,Credit Card,12
TXN_2026080524,2026-08-09,S04,P03,1.0,42.75,5.0,1,CUST_0044,Cash,11
TXN_2026080525,2026-08-22,S02,P03,1.0,36.0,20.0,1,CUST_0532,UPI,18
TXN_2026080526,2026-08-28,S03,P03,1.0,45.0,0.0,0,CUST_0631,Credit Card,17
TXN_2026080527,2026-08-25,S01,P10,3.0,60.0,0.0,0,,UPI,15
TXN_2026080528,2026-08-02,S03,P01,5.0,66.0,0.0,0,CUST_0083,Credit Card,10
TXN_2026080529,2026-08-15,S01,P09,1.0,175.0,0.0,0,CUST_0543,Credit Card,10
TXN_2026080530,2026-08-03,S01,P03,1.0,45.0,0.0,0,CUST_0322,Debit Card,19
TXN_2026080531,2026-08-08,S02,P05,4.0,40.0,0.0,0,CUST_0234,Credit Card,15
TXN_2026080532,2026-08-31,S01,P07,1.0,125.0,0.0,0,CUST_0540,UPI,20
TXN_2026080533,2026-08-05,S04,P03,2.0,45.0,0.0,0,CUST_0252,UPI,17
TXN_2026080534,2026-08-16,S01,P03,1.0,45.0,0.0,0,CUST_0449,UPI,17
TXN_2026080535,2026-08-20,S02,P03,1.0,38.25,15.0,1,CUST_0239,Credit Card,21
TXN_2026080536,2026-08-23,S02,P03,2.0,42.75,5.0,1,,Cash,11
TXN_2026080537,2026-08-18,S02,P09,2.0,175.0,0.0,0,CUST_0464,Credit Card,17
TXN_2026080538,2026-08-01,S01,P07,1.0,125.0,0.0,0,CUST_0314,Debit Card,9
TXN_2026080539,2026-08-11,S01,P01,1.0,66.0,0.0,0,CUST_0175,UPI,13
TXN_2026080540,2026-08-16,S04,P01,3.0,62.7,5.0,1,,Credit Card,11
TXN_2026080541,2026-08-03,S01,P03,1.0,42.75,5.0,1,CUST_0385,UPI,11
TXN_2026080542,2026-08-12,S04,P01,2.0,52.8,20.0,1,CUST_0295,UPI,21
TXN_2026080543,2026-08-01,S04,P05,1.0,38.0,5.0,1,CUST_0215,UPI,17
TXN_2026080544,2026-08-02,S01,P01,1.0,56.1,15.0,1,CUST_0075,Debit Card,20
TXN_2026080545,2026-08-13,S01,P04,1.0,180.0,0.0,0,CUST_0344,UPI,15
TXN_2026080546,2026-08-04,S02,P01,2.0,56.1,15.0,1,CUST_0142,Credit Card,17
TXN_2026080547,2026-08-18,S04,P03,250.0,40.5,10.0,1,CUST_0199,Debit Card,8
TXN_2026080548,2026-08-22,S04,P05,1.0,40.0,0.0,0,CUST_0171,UPI,15
TXN_2026080549,2026-08-26,S02,P03,1.0,45.0,0.0,0,CUST_0406,Debit Card,17
TXN_2026080550,2026-08-07,S03,P10,4.0,60.0,0.0,0,CUST_0228,UPI,8
TXN_2026080551,2026-08-06,S01,P08,5.0,520.0,0.0,0,CUST_0411,UPI,19
TXN_2026080552,2026-08-03,S04,P03,2.0,40.5,10.0,1,CUST_0062,UPI,13
TXN_2026080553,2026-08-21,S04,P01,5.0,59.4,10.0,1,CUST_0327,UPI,15
TXN_2026080554,2026-08-23,S01,P07,1.0,125.0,0.0,0,,Debit Card,17
TXN_2026080555,2026-08-01,S01,P09,5.0,175.0,0.0,0,CUST_0584,Cash,22
TXN_2026080556,2026-08-30,S01,P07,1.0,93.75,25.0,1,CUST_0590,UPI,10
TXN_2026080557,2026-08-02,S01,P01,1.0,66.0,0.0,0,CUST_0189,UPI,17
TXN_2026080558,2026-08-17,S04,P10,1.0,60.0,0.0,0,CUST_0356,UPI,17
TXN_2026080559,2026-08-23,S01,P02,4.0,275.0,0.0,0,,Credit Card,9
TXN_2026080560,2026-08-28,S01,P05,2.0,32.0,20.0,1,CUST_0263,UPI,18
TXN_2026080561,2026-08-23,S01,P09,2.0,157.5,10.0,1,CUST_0306,Credit Card,12
TXN_2026080562,2026-08-26,S04,P02,5.0,275.0,0.0,0,CUST_0558,Debit Card,10
TXN_2026080563,2026-08-11,S02,P09,2.0,175.0,0.0,0,CUST_0224,UPI,11
TXN_2026080564,2026-08-26,S02,P03,2.0,45.0,0.0,0,CUST_0328,Digital Wallet,19
TXN_2026080565,2026-08-03,S01,P10,1.0,60.0,0.0,0,CUST_0588,UPI,10
TXN_2026080566,2026-08-29,S04,P02,3.0,247.5,10.0,1,CUST_0074,Digital Wallet,15
TXN_2026080567,2026-08-17,S04,P10,5.0,60.0,0.0,0,CUST_0511,UPI,11
TXN_2026080568,2026-08-26,S01,P01,4.0,66.0,0.0,0,CUST_0142,UPI,11
TXN_2026080569,2026-08-15,S01,P05,1.0,38.0,5.0,1,CUST_0585,Debit Card,11
TXN_2026080570,2026-08-21,S01,P04,1.0,180.0,0.0,0,CUST_0102,Debit Card,16
TXN_2026080571,2026-08-17,S01,P03,1.0,33.75,25.0,1,CUST_0606,Debit Card,12
TXN_2026080572,2026-08-23,S02,P02,1.0,275.0,0.0,0,CUST_0581,UPI,10
TXN_2026080573,2026-08-03,S04,P05,1.0,40.0,0.0,0,CUST_0065,Cash,19
TXN_2026080574,2026-08-02,S02,P01,2.0,56.1,15.0,1,CUST_0193,UPI,17
TXN_2026080575,2026-08-08,S04,P04,2.0,180.0,0.0,0,CUST_0062,UPI,11
TXN_2026080576,2026-08-05,S02,P02,4.0,275.0,0.0,0,CUST_0532,UPI,15
TXN_2026080577,2026-08-28,S03,P10,1.0,60.0,0.0,0,CUST_0241,Debit Card,9
TXN_2026080578,2026-08-08,S03,P01,1.0,66.0,0.0,0,,Debit Card,17
TXN_2026080579,2026-08-31,S01,P01,1.0,49.5,25.0,1,CUST_0300,UPI,13
TXN_2026080580,2026-08-11,S01,P02,1.0,275.0,0.0,0,CUST_0195,UPI,10
TXN_2026080581,2026-08-06,S02,P03,1.0,45.0,0.0,0,CUST_0454,UPI,11
TXN_2026080582,2026-08-25,S01,P02,1.0,233.75,15.0,1,CUST_0574,UPI,13
TXN_2026080583,2026-08-21,S01,P03,-3.0,45.0,0.0,0,CUST_0619,Credit Card,19
TXN_2026080584,2026-08-16,S02,P08,1.0,442.0,15.0,1,CUST_0637,Debit Card,11
TXN_2026080585,2026-08-18,S04,P05,1.0,40.0,0.0,0,CUST_0301,Credit Card,10
TXN_2026080586,2026-08-23,S02,P04,2.0,180.0,0.0,0,CUST_0456,Cash,16
TXN_2026080587,2026-08-08,S04,P01,2.0,66.0,0.0,0,CUST_0202,UPI,17
TXN_2026080588,2026-08-31,S02,P05,2.0,40.0,0.0,0,CUST_0302,UPI,10
TXN_2026080589,2026-08-31,S03,P01,3.0,66.0,0.0,0,CUST_0624,Credit Card,12
TXN_2026080590,2026-08-21,S02,P06,2.0,340.0,0.0,0,CUST_0337,Debit Card,12
TXN_2026080591,2026-08-07,S04,P02,3.0,261.25,5.0,1,CUST_0032,Credit Card,11
TXN_2026080592,2026-08-22,S02,P03,1.0,45.0,0.0,0,CUST_0098,Cash,13
TXN_2026080593,2026-08-02,S02,P03,1.0,45.0,0.0,0,CUST_0191,Credit Card,8
TXN_2026080594,2026-08-01,S02,P08,2.0,520.0,0.0,0,CUST_0541,UPI,18
TXN_2026080595,2026-08-09,S02,P01,1.0,66.0,0.0,0,CUST_0048,,22
TXN_2026080596,2026-08-15,S01,P04,2.0,180.0,0.0,0,CUST_0250,Debit Card,18
TXN_2026080597,2026-08-28,S01,P01,2.0,66.0,0.0,0,,Debit Card,13
TXN_2026080598,2026-08-23,S01,P05,1.0,34.0,15.0,1,CUST_0272,UPI,18
TXN_2026080599,2026-08-24,S04,P09,1.0,175.0,0.0,0,CUST_0485,UPI,17
TXN_2026080600,2026-08-14,S01,P03,3.0,45.0,0.0,0,CUST_0328,Credit Card,20
TXN_2026080601,2026-08-11,S01,P03,3.0,45.0,0.0,0,CUST_0180,Credit Card,17
TXN_2026080602,2026-08-12,S03,P09,2.0,175.0,0.0,0,CUST_0023,UPI,18
TXN_2026080603,2026-08-31,S01,P04,2.0,162.0,10.0,1,CUST_0606,Credit Card,12
TXN_2026080604,2026-08-02,S02,P03,3.0,45.0,0.0,0,CUST_0370,UPI,14
TXN_2026080605,2026-08-28,S01,P04,2.0,180.0,0.0,0,CUST_0245,Cash,13
TXN_2026080606,2026-08-18,S04,P05,1.0,40.0,0.0,0,CUST_0160,UPI,8
TXN_2026080607,2026-08-15,S04,P01,1.0,52.8,20.0,1,CUST_0373,Debit Card,13
TXN_2026080608,2026-08-23,S04,P07,1.0,125.0,0.0,0,CUST_0285,Credit Card,16
TXN_2026080609,2026-08-16,S02,P03,1.0,42.75,5.0,1,CUST_0521,UPI,17
TXN_2026080610,2026-08-28,S03,P01,1.0,66.0,0.0,0,CUST_0450,Credit Card,21
TXN_2026080611,2026-08-29,S01,P06,4.0,340.0,0.0,0,CUST_0647,UPI,12
TXN_2026080612,2026-08-14,S01,P03,2.0,42.75,5.0,1,CUST_0622,Credit Card,11
TXN_2026080613,2026-08-09,S01,P01,3.0,66.0,0.0,0,CUST_0581,Credit Card,20
TXN_2026080614,2026-08-19,S02,P05,2.0,40.0,0.0,0,CUST_0136,UPI,21
TXN_2026080615,2026-08-29,S02,P08,1.0,520.0,0.0,0,CUST_0096,UPI,16
TXN_2026080616,2026-08-07,S02,P08,1.0,520.0,0.0,0,CUST_0119,Debit Card,10
TXN_2026080617,2026-08-20,S01,P10,4.0,60.0,0.0,0,CUST_0374,UPI,16
TXN_2026080618,2026-08-20,S02,P08,1.0,520.0,0.0,0,CUST_0274,Credit Card,10
TXN_2026080619,2026-08-23,S03,P01,2.0,66.0,0.0,0,CUST_0177,UPI,20
TXN_2026080620,2026-08-04,S02,P03,1.0,45.0,0.0,0,CUST_0277,Cash,18
TXN_2026080621,2026-08-23,S03,P07,1.0,118.75,5.0,1,CUST_0138,Credit Card,12
TXN_2026080622,2026-08-29,S01,P03,1.0,45.0,0.0,0,CUST_0132,Debit Card,20
TXN_2026080623,2026-08-06,S04,P05,1.0,40.0,0.0,0,CUST_0044,UPI,18
TXN_2026080624,2026-08-08,S02,P05,3.0,38.0,5.0,1,CUST_0123,UPI,21
TXN_2026080625,2026-08-30,S01,P03,2.0,45.0,0.0,0,CUST_0136,UPI,22
TXN_2026080626,2026-08-06,S01,P09,2.0,148.75,15.0,1,CUST_0367,UPI,8
TXN_2026080627,2026-08-28,S02,P04,3.0,153.0,15.0,1,CUST_0373,Debit Card,10
TXN_2026080628,2026-08-16,S04,P03,2.0,40.5,10.0,1,CUST_0126,Credit Card,17
TXN_2026080629,2026-08-08,S02,P10,3.0,60.0,0.0,0,CUST_0439,UPI,21
TXN_2026080630,2026-08-28,S01,P03,1.0,42.75,5.0,1,CUST_0576,Credit Card,22
TXN_2026080631,2026-08-15,S04,P01,3.0,62.7,5.0,1,CUST_0051,UPI,17
TXN_2026080632,2026-08-16,S02,P04,2.0,,10.0,1,CUST_0137,UPI,11
TXN_2026080633,2026-08-12,S02,P07,1.0,125.0,0.0,0,CUST_0158,Cash,11
TXN_2026080634,2026-08-19,S02,P06,1.0,323.0,5.0,1,CUST_0056,Credit Card,19
TXN_2026080635,2026-08-06,S01,P06,1.0,323.0,5.0,1,CUST_0593,Credit Card,17
TXN_2026080636,2026-08-13,S02,P05,1.0,40.0,0.0,0,,UPI,17
TXN_2026080637,2026-08-30,S01,P02,3.0,261.25,5.0,1,,UPI,15
TXN_2026080638,2026-08-09,S04,P08,,520.0,0.0,0,CUST_0326,UPI,18
TXN_2026080639,2026-08-21,S02,P09,4.0,166.25,5.0,1,CUST_0640,Cash,20
TXN_2026080640,2026-08-11,S02,P01,1.0,62.7,5.0,1,CUST_0638,Credit Card,13
TXN_2026080641,2026-08-25,S02,P01,2.0,66.0,0.0,0,,UPI,12
TXN_2026080642,2026-08-04,S04,P10,1.0,54.0,10.0,1,CUST_0474,Debit Card,18
TXN_2026080643,2026-08-30,S04,P08,2.0,442.0,15.0,1,CUST_0377,Credit Card,20
TXN_2026080644,2026-08-15,S02,P09,2.0,175.0,0.0,0,CUST_0333,Debit Card,13
TXN_2026080645,2026-08-08,S03,P08,3.0,520.0,0.0,0,CUST_0175,UPI,12
TXN_2026080646,2026-08-02,S02,P04,1.0,171.0,5.0,1,CUST_0441,UPI,12
TXN_2026080647,2026-08-06,S02,P05,2.0,40.0,0.0,0,CUST_0126,UPI,12
TXN_2026080648,2026-08-16,S01,P04,1.0,180.0,0.0,0,CUST_0219,UPI,11
TXN_2026080649,2026-08-11,S02,P01,2.0,59.4,10.0,1,CUST_0278,Debit Card,17
TXN_2026080650,2026-08-27,S01,P06,3.0,272.0,20.0,1,CUST_0485,Debit Card,12
TXN_2026080651,2026-08-15,S04,P04,2.0,180.0,0.0,0,,Credit Card,17
TXN_2026080652,2026-08-08,S01,P05,1.0,40.0,0.0,0,CUST_0141,Cash,9
TXN_2026080653,2026-08-20,S04,P04,1.0,0.0,5.0,1,CUST_0607,UPI,10
TXN_2026080654,2026-08-23,S02,P03,1.0,42.75,5.0,1,CUST_0110,Cash,17
TXN_2026080655,2026-08-06,S02,P01,2.0,59.4,10.0,1,CUST_0052,Cash,16
TXN_2026080656,2026-08-06,S02,P02,1.0,275.0,0.0,0,CUST_0615,UPI,12
TXN_2026080657,2026-08-01,S01,P01,3.0,66.0,0.0,0,CUST_0613,UPI,19
TXN_2026080658,2026-08-23,S01,P01,1.0,66.0,0.0,0,CUST_0319,Debit Card,11
TXN_2026080659,2026-08-22,S01,P10,1.0,57.0,5.0,1,CUST_0199,UPI,13
TXN_2026080660,2026-08-15,S02,P01,2.0,66.0,0.0,0,,Debit Card,17
TXN_2026080661,2026-08-27,S02,P02,2.0,233.75,15.0,1,CUST_0505,UPI,20
TXN_2026080662,2026-08-26,S03,P05,2.0,40.0,0.0,0,,Credit Card,14
TXN_2026080663,2026-08-19,S01,P05,1.0,34.0,15.0,1,CUST_0514,Credit Card,14
TXN_2026080664,2026-08-28,S01,P01,1.0,-45.0,0.0,0,CUST_0017,UPI,17
TXN_2026080665,2026-08-07,S02,P06,1.0,323.0,5.0,1,CUST_0315,UPI,13
TXN_2026080666,2026-08-04,S04,P06,1.0,272.0,20.0,1,CUST_0436,UPI,18
TXN_2026080667,2026-08-09,S03,P02,2.0,220.0,20.0,1,CUST_0388,Credit Card,12
TXN_2026080668,2026-08-02,S02,P02,1.0,220.0,20.0,1,CUST_0077,Cash,19
TXN_2026080669,2026-08-17,S02,P09,5.0,175.0,0.0,0,CUST_0371,UPI,12
TXN_2026080670,2026-08-30,S01,P07,2.0,125.0,0.0,0,CUST_0165,Debit Card,22
TXN_2026080671,2026-08-01,S04,P05,2.0,40.0,0.0,0,CUST_0609,UPI,13
TXN_2026080672,2026-08-04,S02,P01,5.0,66.0,0.0,0,CUST_0617,Debit Card,20
TXN_2026080673,2026-08-15,S01,P03,1.0,45.0,0.0,0,,Cash,14
TXN_2026080674,2026-08-30,S02,P04,1.0,171.0,5.0,1,CUST_0035,UPI,12
TXN_2026080675,2026-08-10,S01,P01,2.0,59.4,10.0,1,CUST_0514,Cash,12
TXN_2026080676,2026-08-16,S04,P03,1.0,45.0,0.0,0,CUST_0461,Credit Card,20
TXN_2026080677,2026-08-02,S01,P05,4.0,36.0,10.0,1,CUST_0138,UPI,13
TXN_2026080678,2026-08-05,S02,P03,5.0,45.0,0.0,0,CUST_0574,Cash,13
TXN_2026080679,2026-08-31,S01,P06,3.0,306.0,10.0,1,CUST_0571,UPI,11
TXN_2026080680,2026-08-30,S03,P07,4.0,125.0,0.0,0,CUST_0265,UPI,21
TXN_2026080681,2026-08-01,S03,P03,2.0,45.0,0.0,0,CUST_0333,Credit Card,12
TXN_2026080682,2026-08-30,S02,P07,2.0,125.0,0.0,0,CUST_0188,Debit Card,12
TXN_2026080683,2026-08-21,S02,P01,1.0,56.1,15.0,1,CUST_0063,Debit Card,21
TXN_2026080684,2026-08-28,S04,P07,2.0,100.0,20.0,1,CUST_0279,UPI,20
TXN_2026080685,2026-08-15,S01,P01,1.0,66.0,0.0,0,CUST_0542,Cash,12
TXN_2026080686,2026-08-16,S01,P01,3.0,66.0,0.0,0,CUST_0171,Debit Card,20
TXN_2026080687,2026-08-16,S01,P05,4.0,38.0,5.0,1,CUST_0503,Cash,12
TXN_2026080688,2026-08-22,S04,P03,1.0,45.0,0.0,0,CUST_0533,UPI,10
TXN_2026080689,2026-08-05,S01,P09,1.0,166.25,5.0,1,CUST_0299,Debit Card,19
TXN_2026080690,2026-08-01,S03,P03,1.0,45.0,0.0,0,CUST_0201,Cash,19
TXN_2026080691,2026-08-10,S03,P02,2.0,247.5,10.0,1,CUST_0135,UPI,13
TXN_2026080692,2026-08-23,S01,P04,2.0,180.0,0.0,0,CUST_0272,Digital Wallet,10
TXN_2026080693,2026-08-07,S01,P03,2.0,45.0,0.0,0,CUST_0535,UPI,11
TXN_2026080694,2026-08-22,S01,P03,3.0,45.0,0.0,0,CUST_0442,UPI,19
TXN_2026080695,2026-08-30,S02,P05,1.0,32.0,20.0,1,CUST_0087,Cash,21
TXN_2026080696,2026-08-03,S01,P06,2.0,340.0,0.0,0,CUST_0031,Digital Wallet,12
TXN_2026080697,2026-08-22,S01,P08,2.0,468.0,10.0,1,CUST_0121,UPI,19
TXN_2026080698,2026-08-15,S04,P10,1.0,60.0,0.0,0,CUST_0069,UPI,12
TXN_2026080699,2026-08-28,S04,P02,1.0,275.0,0.0,0,CUST_0646,Debit Card,18
TXN_2026080700,2026-08-06,S01,P05,3.0,30.0,25.0,1,CUST_0496,Cash,9
TXN_2026080701,2026-08-22,S01,P03,5.0,45.0,0.0,0,CUST_0146,Credit Card,17
TXN_2026080702,2026-08-27,S01,P05,2.0,34.0,15.0,1,CUST_0333,Credit Card,12
TXN_2026080703,2026-08-30,S03,P03,3.0,36.0,20.0,1,CUST_0481,Debit Card,20
TXN_2026080704,2026-08-22,S04,P10,1.0,57.0,5.0,1,CUST_0263,UPI,12
TXN_2026080705,2026-08-16,S01,P05,5.0,40.0,0.0,0,CUST_0293,Digital Wallet,14
TXN_2026080706,2026-08-20,S01,P10,1.0,54.0,10.0,1,CUST_0429,UPI,20
TXN_2026080707,2026-08-28,S03,P07,1.0,106.25,15.0,1,CUST_0086,Credit Card,15
TXN_2026080708,2026-08-18,S02,P09,1.0,131.25,25.0,1,CUST_0016,Credit Card,12
TXN_2026080709,2026-08-01,S01,P07,2.0,106.25,15.0,1,,Credit Card,17
TXN_2026080710,2026-08-29,S02,P03,1.0,45.0,0.0,0,CUST_0118,Debit Card,20
TXN_2026080711,2026-08-22,S01,P02,1.0,261.25,5.0,1,CUST_0270,Digital Wallet,15
TXN_2026080712,2026-08-22,S01,P03,1.0,45.0,0.0,0,CUST_0395,Credit Card,11
TXN_2026080713,2026-08-08,S03,P01,1.0,66.0,0.0,0,,Debit Card,14
TXN_2026080714,2026-08-21,S04,P04,1.0,171.0,5.0,1,CUST_0104,UPI,21
TXN_2026080715,2026-08-13,S02,P04,2.0,162.0,10.0,1,CUST_0167,Debit Card,9
TXN_2026080716,2026-08-21,S04,P04,1.0,171.0,5.0,1,CUST_0300,UPI,14
TXN_2026080717,2026-08-04,S02,P10,1.0,54.0,10.0,1,CUST_0028,UPI,18
TXN_2026080718,2026-08-21,S03,P09,1.0,175.0,0.0,0,CUST_0424,UPI,9
TXN_2026080719,2026-08-31,S02,P01,1.0,66.0,0.0,0,CUST_0562,Debit Card,13
TXN_2026080720,2026-08-02,S04,P03,1.0,45.0,0.0,0,,Digital Wallet,21
TXN_2026080721,2026-08-31,S04,P03,2.0,45.0,0.0,0,CUST_0324,Credit Card,8
TXN_2026080722,2026-08-14,S01,P03,1.0,45.0,0.0,0,CUST_0348,UPI,19
TXN_2026080723,2026-08-28,S04,P06,1.0,272.0,20.0,1,CUST_0121,UPI,20
TXN_2026080724,2026-08-25,S04,P04,2.0,180.0,0.0,0,CUST_0528,Credit Card,12
TXN_2026080725,2026-08-18,S03,P04,1.0,180.0,0.0,0,CUST_0561,UPI,12
TXN_2026080726,2026-08-23,S01,P08,1.0,520.0,0.0,0,CUST_0164,UPI,20
TXN_2026080727,2026-08-28,S04,P07,1.0,118.75,5.0,1,CUST_0062,Credit Card,19
TXN_2026080728,2026-08-14,S04,P01,1.0,66.0,0.0,0,CUST_0340,Digital Wallet,10
TXN_2026080729,2026-08-11,S01,P05,1.0,40.0,0.0,0,CUST_0312,UPI,12
TXN_2026080730,2026-08-22,S04,P03,1.0,45.0,0.0,0,CUST_0376,UPI,17
TXN_2026080731,2026-08-26,S01,P02,1.0,275.0,0.0,0,CUST_0346,Debit Card,14
TXN_2026080732,2026-08-24,S01,P01,1.0,59.4,10.0,1,,Debit Card,16
TXN_2026080733,2026-08-26,S02,P03,2.0,42.75,5.0,1,CUST_0585,Cash,21
TXN_2026080734,2026-08-15,S02,P03,4.0,45.0,0.0,0,CUST_0581,UPI,14
TXN_2026080735,2026-08-26,S02,P02,2.0,206.25,25.0,1,CUST_0177,UPI,20
TXN_2026080736,2026-08-04,S01,P05,2.0,40.0,0.0,0,CUST_0354,Digital Wallet,18
TXN_2026080737,2026-08-17,S04,P06,1.0,340.0,0.0,0,CUST_0514,UPI,10
TXN_2026080738,2026-08-01,S01,P02,1.0,247.5,10.0,1,CUST_0309,Debit Card,19
TXN_2026080739,2026-08-11,S01,P01,1.0,59.4,10.0,1,CUST_0119,UPI,16
TXN_2026080740,2026-08-12,S01,P07,2.0,125.0,0.0,0,CUST_0519,Credit Card,12
TXN_2026080741,2026-08-13,S02,P01,2.0,62.7,5.0,1,CUST_0478,Debit Card,12
TXN_2026080742,2026-08-22,S04,P09,3.0,175.0,0.0,0,CUST_0414,Credit Card,17
TXN_2026080743,2026-08-13,S02,P05,1.0,32.0,20.0,1,CUST_0587,Debit Card,17
TXN_2026080744,2026-08-15,S04,P03,1.0,42.75,5.0,1,CUST_0351,UPI,22
TXN_2026080745,2026-08-08,S01,P02,1.0,275.0,0.0,0,CUST_0506,Digital Wallet,20
TXN_2026080746,2026-08-12,S02,P01,1.0,66.0,0.0,0,CUST_0195,UPI,11
TXN_2026080747,2026-08-08,S02,P02,1.0,261.25,5.0,1,CUST_0187,UPI,19
TXN_2026080748,2026-08-02,S02,P01,2.0,62.7,5.0,1,CUST_0450,UPI,8
TXN_2026080749,2026-08-19,S01,P05,1.0,34.0,15.0,1,CUST_0496,Debit Card,11
TXN_2026080750,2026-08-22,S03,P01,2.0,56.1,15.0,1,CUST_0515,Cash,11
TXN_2026080751,2026-08-20,S02,P04,1.0,180.0,0.0,0,CUST_0273,Credit Card,17
TXN_2026080752,2026-08-15,S03,P05,2.0,34.0,15.0,1,CUST_0052,Credit Card,11
TXN_2026080753,2026-08-13,S02,P02,2.0,275.0,0.0,0,CUST_0263,Cash,13
TXN_2026080754,2026-08-28,S01,P01,5.0,66.0,0.0,0,CUST_0368,Debit Card,12
TXN_2026080755,2026-08-16,S02,P01,3.0,62.7,5.0,1,CUST_0133,Credit Card,13
TXN_2026080756,2026-08-15,S01,P01,1.0,66.0,0.0,0,CUST_0225,Debit Card,21
TXN_2026080757,2026-08-01,S04,P05,1.0,40.0,0.0,0,CUST_0310,Credit Card,22
TXN_2026080758,2026-08-11,S02,P03,1.0,40.5,10.0,1,CUST_0573,UPI,18
TXN_2026080759,2026-08-13,S01,P06,1.0,340.0,0.0,0,CUST_0016,UPI,17
TXN_2026080760,2026-08-13,S04,P03,1.0,38.25,15.0,1,CUST_0195,Digital Wallet,18
TXN_2026080761,2026-08-19,S02,P03,1.0,45.0,0.0,0,CUST_0443,UPI,19
TXN_2026080762,2026-08-17,S01,P04,2.0,180.0,0.0,0,CUST_0303,UPI,19
TXN_2026080763,2026-08-20,S02,P05,1.0,40.0,0.0,0,CUST_0048,Cash,9
TXN_2026080764,2026-08-24,S01,P02,1.0,275.0,0.0,0,,UPI,13
TXN_2026080765,2026-08-26,S04,P01,2.0,49.5,25.0,1,CUST_0499,Cash,13
TXN_2026080766,2026-08-23,S04,P04,2.0,180.0,0.0,0,CUST_0562,Debit Card,13
TXN_2026080767,2026-08-30,S04,P03,2.0,45.0,0.0,0,CUST_0469,Digital Wallet,13
TXN_2026080768,2026-08-01,S02,P03,2.0,45.0,0.0,0,CUST_0041,UPI,19
TXN_2026080769,2026-08-07,S02,P05,1.0,36.0,10.0,1,CUST_0456,UPI,19
TXN_2026080770,2026-08-01,S03,P03,1.0,45.0,0.0,0,CUST_0534,Cash,8
TXN_2026080771,2026-08-21,S01,P05,2.0,38.0,5.0,1,CUST_0371,UPI,13
TXN_2026080772,2026-08-29,S02,P04,1.0,162.0,10.0,1,CUST_0182,Credit Card,17
TXN_2026080773,2026-08-08,S02,P05,1.0,40.0,0.0,0,CUST_0517,Debit Card,10
TXN_2026080774,2026-08-29,S01,P05,1.0,32.0,20.0,1,CUST_0590,UPI,9
TXN_2026080775,2026-08-02,S02,P04,3.0,153.0,15.0,1,CUST_0231,Cash,19
TXN_2026080776,2026-08-30,S04,P05,1.0,40.0,0.0,0,CUST_0348,Credit Card,15
TXN_2026080777,2026-08-12,S04,P08,2.0,468.0,10.0,1,CUST_0479,UPI,20
TXN_2026080778,2026-08-03,S01,P03,1.0,40.5,10.0,1,CUST_0209,UPI,19
TXN_2026080779,2026-08-15,S01,P03,4.0,38.25,15.0,1,CUST_0278,UPI,20
TXN_2026080780,2026-08-09,S01,P06,2.0,340.0,0.0,0,CUST_0053,UPI,9
TXN_2026080781,2026-08-09,S04,P04,1.0,162.0,10.0,1,CUST_0010,Debit Card,11
TXN_2026080782,2026-08-10,S01,P01,1.0,66.0,0.0,0,CUST_0464,UPI,13
TXN_2026080783,2026-08-26,S03,P09,500.0,175.0,0.0,0,CUST_0583,UPI,11
TXN_2026080784,2026-08-17,S01,P01,1.0,59.4,10.0,1,CUST_0158,Cash,16
TXN_2026080785,2026-08-10,S02,P06,1.0,306.0,10.0,1,CUST_0019,Credit Card,19
TXN_2026080786,2026-08-20,S01,P06,2.0,323.0,5.0,1,CUST_0055,UPI,21
TXN_2026080787,2026-08-23,S03,P10,1.0,57.0,5.0,1,CUST_0021,Cash,20
TXN_2026080788,2026-08-09,S01,P01,2.0,59.4,10.0,1,CUST_0282,UPI,15
TXN_2026080789,2026-08-14,S02,P05,2.0,34.0,15.0,1,CUST_0540,Cash,18
TXN_2026080790,2026-08-04,S01,P03,2.0,45.0,0.0,0,CUST_0417,Debit Card,12
TXN_2026080791,2026-08-06,S03,P03,1.0,45.0,0.0,0,CUST_0285,Debit Card,14
TXN_2026080792,2026-08-22,S04,P01,1.0,56.1,15.0,1,CUST_0532,Debit Card,20
TXN_2026080793,2026-08-06,S01,P04,1.0,180.0,0.0,0,CUST_0532,Credit Card,8
TXN_2026080794,2026-08-16,S04,P03,1.0,45.0,0.0,0,CUST_0511,Debit Card,17
TXN_2026080795,2026-08-23,S02,P01,4.0,62.7,5.0,1,CUST_0396,Cash,20
TXN_2026080796,2026-08-04,S01,P05,3.0,38.0,5.0,1,CUST_0120,UPI,10
TXN_2026080797,2026-08-18,S02,P05,1.0,40.0,0.0,0,CUST_0097,UPI,22
TXN_2026080798,2026-08-09,S01,P06,1.0,289.0,15.0,1,CUST_0120,Cash,8
TXN_2026080799,2026-08-30,S03,P09,4.0,175.0,0.0,0,CUST_0537,Credit Card,20
TXN_2026080800,2026-08-15,S03,P03,1.0,45.0,0.0,0,CUST_0153,Cash,13
TXN_2026080801,2026-08-26,S01,P10,1.0,60.0,0.0,0,CUST_0245,Credit Card,11
TXN_2026080802,2026-08-17,S02,P08,1.0,520.0,0.0,0,CUST_0516,Credit Card,11
TXN_2026080803,2026-08-02,S04,P02,2.0,275.0,0.0,0,CUST_0393,UPI,18
TXN_2026080804,2026-08-20,S04,P01,4.0,66.0,0.0,0,CUST_0143,UPI,20
TXN_2026080805,2026-08-30,S02,P03,3.0,40.5,10.0,1,CUST_0504,Credit Card,18
TXN_2026080806,2026-08-19,S04,P03,1.0,40.5,10.0,1,CUST_0220,Credit Card,20
TXN_2026080807,2026-08-26,S02,P04,2.0,180.0,0.0,0,CUST_0160,Credit Card,20
TXN_2026080808,2026-08-28,S01,P04,1.0,180.0,0.0,0,CUST_0076,Debit Card,8
TXN_2026080809,2026-08-08,S04,P06,1.0,340.0,0.0,0,CUST_0611,Credit Card,18
TXN_2026080810,2026-08-07,S02,P04,1.0,171.0,5.0,1,CUST_0639,Cash,13
TXN_2026080811,2026-08-20,S02,P01,4.0,66.0,0.0,0,CUST_0032,UPI,15
TXN_2026080812,2026-08-14,S02,P08,1.0,468.0,10.0,1,CUST_0334,Credit Card,10
TXN_2026080813,2026-08-27,S04,P03,1.0,45.0,0.0,0,CUST_0525,UPI,12
TXN_2026080814,2026-08-29,S04,P10,1.0,48.0,20.0,1,CUST_0440,Credit Card,18
TXN_2026080815,2026-08-12,S02,P01,5.0,66.0,0.0,0,CUST_0352,,12
TXN_2026080816,2026-08-08,S01,P10,2.0,51.0,15.0,1,CUST_0339,UPI,18
TXN_2026080817,2026-08-25,S02,P01,2.0,62.7,5.0,1,CUST_0400,UPI,20
TXN_2026080818,2026-08-09,S02,P02,1.0,261.25,5.0,1,CUST_0396,UPI,8
TXN_2026080819,2026-08-27,S01,P01,2.0,62.7,5.0,1,CUST_0202,Credit Card,19
TXN_2026080820,2026-08-14,S03,P05,2.0,36.0,10.0,1,CUST_0530,Digital Wallet,18
TXN_2026080821,2026-08-22,S02,P08,3.0,494.0,5.0,1,CUST_0093,UPI,9
TXN_2026080822,2026-08-03,S01,P03,1.0,40.5,10.0,1,CUST_0358,Debit Card,19
TXN_2026080823,2026-08-20,S01,P09,1.0,175.0,0.0,0,,Credit Card,12
TXN_2026080824,2026-08-15,S01,P05,2.0,40.0,0.0,0,CUST_0060,UPI,12
TXN_2026080825,2026-08-19,S04,P05,2.0,40.0,0.0,0,CUST_0477,UPI,10
TXN_2026080826,2026-08-06,S01,P07,1.0,112.5,10.0,1,,UPI,17
TXN_2026080827,2026-08-23,S01,P02,1.0,275.0,0.0,0,CUST_0001,Debit Card,16
TXN_2026080828,2026-08-28,S02,P03,4.0,40.5,10.0,1,CUST_0555,UPI,13
TXN_2026080829,2026-08-08,S01,P09,1.0,175.0,0.0,0,CUST_0311,UPI,11
TXN_2026080830,2026-08-03,S01,P09,1.0,175.0,0.0,0,CUST_0168,UPI,20
TXN_2026080831,2026-08-01,S01,P10,1.0,60.0,0.0,0,CUST_0192,Credit Card,20
TXN_2026080832,2026-08-21,S02,P09,1.0,175.0,0.0,0,,Debit Card,17
TXN_2026080833,2026-08-19,S02,P01,2.0,62.7,5.0,1,,UPI,12
TXN_2026080834,2026-08-17,S01,P07,1.0,125.0,0.0,0,CUST_0417,Credit Card,10
TXN_2026080835,2026-08-08,S02,P03,1.0,45.0,0.0,0,CUST_0158,Credit Card,20
TXN_2026080836,2026-08-13,S04,P10,1.0,51.0,15.0,1,CUST_0500,UPI,10
TXN_2026080837,2026-08-19,S01,P03,3.0,45.0,0.0,0,CUST_0366,UPI,8
TXN_2026080838,2026-08-16,S01,P04,3.0,180.0,0.0,0,CUST_0340,Credit Card,15
TXN_2026080839,2026-08-31,S01,P04,2.0,153.0,15.0,1,CUST_0335,Credit Card,19
TXN_2026080840,2026-08-05,S02,P03,2.0,45.0,0.0,0,CUST_0583,Debit Card,15
TXN_2026080841,2026-08-22,S03,P01,-2.0,66.0,0.0,0,CUST_0327,Debit Card,9
TXN_2026080842,2026-08-14,S01,P09,3.0,175.0,0.0,0,CUST_0114,UPI,18
TXN_2026080843,2026-08-14,S03,P07,2.0,125.0,0.0,0,CUST_0418,UPI,18
TXN_2026080844,2026-08-23,S01,P01,2.0,66.0,0.0,0,CUST_0468,Credit Card,18
TXN_2026080845,2026-08-22,S02,P06,1.0,340.0,0.0,0,CUST_0143,Debit Card,12
TXN_2026080846,2026-08-31,S03,P05,1.0,40.0,0.0,0,CUST_0609,UPI,19
TXN_2026080847,2026-08-04,S01,P03,2.0,45.0,0.0,0,CUST_0309,Cash,16
TXN_2026080848,2026-08-03,S02,P02,1.0,275.0,0.0,0,CUST_0401,Credit Card,17
TXN_2026080849,2026-08-23,S01,P08,1.0,520.0,0.0,0,CUST_0320,UPI,17
TXN_2026080850,2026-08-18,S03,P05,2.0,40.0,0.0,0,CUST_0212,Debit Card,12
TXN_2026080851,2026-08-09,S01,P04,1.0,180.0,0.0,0,CUST_0317,UPI,12
TXN_2026080852,2026-08-03,S04,P05,2.0,38.0,5.0,1,CUST_0185,Credit Card,8
TXN_2026080853,2026-08-03,S01,P01,1.0,56.1,15.0,1,CUST_0205,Credit Card,14
TXN_2026080854,2026-08-29,S04,P03,2.0,40.5,10.0,1,CUST_0364,UPI,16
TXN_2026080855,2026-08-07,S01,P01,1.0,59.4,10.0,1,CUST_0216,Cash,19
TXN_2026080856,2026-08-11,S03,P01,4.0,62.7,5.0,1,CUST_0246,Debit Card,9
TXN_2026080857,2026-08-08,S01,P05,1.0,40.0,0.0,0,CUST_0239,UPI,20
TXN_2026080858,2026-08-12,S04,P09,2.0,175.0,0.0,0,CUST_0391,UPI,12
TXN_2026080859,2026-08-02,S01,P03,1.0,45.0,0.0,0,CUST_0520,UPI,13
TXN_2026080860,2026-08-16,S01,P01,1.0,66.0,0.0,0,CUST_0590,Cash,9
TXN_2026080861,2026-08-02,S02,P05,2.0,40.0,0.0,0,CUST_0277,UPI,18
TXN_2026080862,2026-08-26,S01,P08,3.0,442.0,15.0,1,CUST_0202,UPI,18
TXN_2026080863,2026-08-08,S01,P06,1.0,289.0,15.0,1,CUST_0214,UPI,20
TXN_2026080864,2026-08-17,S04,P08,1.0,520.0,0.0,0,CUST_0606,UPI,13
TXN_2026080865,2026-08-28,S04,P04,1.0,171.0,5.0,1,CUST_0478,Debit Card,12
TXN_2026080866,2026-08-21,S01,P06,1.0,340.0,0.0,0,CUST_0508,Debit Card,18
TXN_2026080867,2026-08-17,S04,P01,4.0,62.7,5.0,1,CUST_0075,Credit Card,18
TXN_2026080868,2026-08-11,S02,P03,1.0,42.75,5.0,1,CUST_0142,Credit Card,21
TXN_2026080869,2026-08-11,S01,P03,2.0,45.0,0.0,0,CUST_0590,Credit Card,11
TXN_2026080870,2026-08-22,S03,P04,1.0,171.0,5.0,1,CUST_0322,UPI,18
TXN_2026080871,2026-08-31,S02,P09,1.0,166.25,5.0,1,CUST_0461,UPI,9
TXN_2026080872,2026-08-22,S04,P08,1.0,520.0,0.0,0,CUST_0146,UPI,16
TXN_2026080873,2026-08-18,S01,P01,1.0,66.0,0.0,0,CUST_0054,Debit Card,10
TXN_2026080874,2026-08-23,S02,P01,1.0,52.8,20.0,1,CUST_0356,Cash,18
TXN_2026080875,2026-08-15,S01,P03,1.0,38.25,15.0,1,CUST_0277,UPI,17
TXN_2026080876,2026-08-02,S01,P02,3.0,261.25,5.0,1,CUST_0595,UPI,9
TXN_2026080877,2026-08-18,S01,P05,1.0,40.0,0.0,0,CUST_0400,UPI,13
TXN_2026080878,2026-08-30,S04,P09,1.0,175.0,0.0,0,CUST_0516,Debit Card,14
TXN_2026080879,2026-08-06,S04,P10,1.0,54.0,10.0,1,CUST_0499,Cash,12
TXN_2026080880,2026-08-22,S03,P05,1.0,40.0,0.0,0,CUST_0311,UPI,8
TXN_2026080881,2026-08-07,S02,P07,1.0,125.0,0.0,0,CUST_0271,Debit Card,13
TXN_2026080882,2026-08-17,S01,P04,1.0,180.0,0.0,0,CUST_0576,Debit Card,19
TXN_2026080883,2026-08-03,S01,P01,3.0,66.0,0.0,0,CUST_0449,UPI,13
TXN_2026080884,2026-08-15,S01,P04,3.0,180.0,0.0,0,CUST_0112,UPI,13
TXN_2026080885,2026-08-24,S01,P04,3.0,180.0,0.0,0,CUST_0239,Credit Card,21
TXN_2026080886,2026-08-11,S03,P06,1.0,340.0,0.0,0,,UPI,8
TXN_2026080887,2026-08-22,S02,P01,1.0,56.1,15.0,1,CUST_0374,UPI,19
TXN_2026080888,2026-08-26,S01,P03,5.0,45.0,0.0,0,CUST_0020,UPI,16
TXN_2026080889,2026-08-29,S01,P03,2.0,45.0,0.0,0,CUST_0576,Credit Card,21
TXN_2026080890,2026-08-08,S01,P10,1.0,54.0,10.0,1,CUST_0289,Cash,14
TXN_2026080891,2026-08-13,S02,P03,1.0,45.0,0.0,0,CUST_0593,Credit Card,18
TXN_2026080892,2026-08-05,S04,P06,1.0,340.0,0.0,0,CUST_0197,UPI,9
TXN_2026080893,2026-08-31,S02,P06,2.0,340.0,0.0,0,CUST_0382,UPI,20
TXN_2026080894,2026-08-29,S04,P02,3.0,247.5,10.0,1,CUST_0581,Credit Card,13
TXN_2026080895,2026-08-17,S02,P04,1.0,171.0,5.0,1,CUST_0492,,16
TXN_2026080896,2026-08-27,S01,P09,1.0,175.0,0.0,0,CUST_0164,Credit Card,11
TXN_2026080897,2026-08-16,S01,P03,1.0,42.75,5.0,1,,UPI,21
TXN_2026080898,2026-08-20,S04,P10,1.0,48.0,20.0,1,,Debit Card,18
TXN_2026080899,2026-08-03,S03,P01,1.0,66.0,0.0,0,CUST_0068,Cash,9
TXN_2026080900,2026-08-24,S01,P01,2.0,0.0,5.0,1,CUST_0021,Cash,11
TXN_2026080901,2026-08-04,S02,P09,1.0,175.0,0.0,0,CUST_0512,UPI,14
TXN_2026080902,2026-08-27,S02,P07,2.0,125.0,0.0,0,CUST_0597,Credit Card,12
TXN_2026080903,2026-08-25,S02,P10,1.0,60.0,0.0,0,,UPI,13
TXN_2026080904,2026-08-23,S04,P05,2.0,36.0,10.0,1,CUST_0536,Debit Card,22
TXN_2026080905,2026-08-01,S02,P09,2.0,166.25,5.0,1,CUST_0111,UPI,18
TXN_2026080906,2026-08-10,S02,P07,1.0,118.75,5.0,1,CUST_0595,Debit Card,25
TXN_2026080907,2026-08-09,S01,P07,2.0,125.0,0.0,0,CUST_0460,UPI,15
TXN_2026080908,2026-08-12,S01,P04,1.0,180.0,0.0,0,CUST_0078,Cash,18
TXN_2026080909,2026-08-03,S01,P03,1.0,42.75,5.0,1,CUST_0434,Debit Card,15
TXN_2026080910,2026-08-30,S01,P09,1.0,175.0,0.0,0,CUST_0380,UPI,13
TXN_2026080911,2026-08-18,S03,P03,1.0,45.0,0.0,0,CUST_0440,Cash,16
TXN_2026080912,2026-08-10,S03,P04,2.0,180.0,0.0,0,CUST_0339,UPI,14
TXN_2026080913,2026-08-13,S01,P03,1.0,45.0,0.0,0,CUST_0424,Digital Wallet,22
TXN_2026080914,2026-08-15,S04,P04,2.0,180.0,0.0,0,CUST_0169,Debit Card,16
TXN_2026080915,2026-08-19,S01,P03,3.0,40.5,10.0,1,CUST_0262,Digital Wallet,19
TXN_2026080916,2026-08-16,S01,P01,1.0,66.0,0.0,0,CUST_0579,UPI,18
TXN_2026080917,2026-08-29,S01,P08,1.0,494.0,5.0,1,CUST_0229,UPI,16
TXN_2026080918,2026-08-16,S01,P03,1.0,45.0,0.0,0,CUST_0161,Debit Card,15
TXN_2026080919,2026-08-31,S01,P04,1.0,162.0,10.0,1,CUST_0427,Cash,13
TXN_2026080920,2026-08-28,S02,P01,1.0,66.0,0.0,0,,UPI,10
TXN_2026080921,2026-08-07,S02,P01,2.0,56.1,15.0,1,,UPI,19
TXN_2026080922,2026-08-29,S04,P02,1.0,275.0,0.0,0,CUST_0111,UPI,20
TXN_2026080923,2026-08-04,S01,P05,2.0,38.0,5.0,1,CUST_0221,Cash,12
TXN_2026080924,2026-08-26,S01,P01,1.0,66.0,0.0,0,CUST_0064,Debit Card,20
TXN_2026080925,2026-08-13,S01,P09,1.0,157.5,10.0,1,CUST_0638,UPI,12
TXN_2026080926,2026-08-28,S02,P01,1.0,66.0,0.0,0,,UPI,17
TXN_2026080927,2026-08-28,S01,P01,1.0,66.0,0.0,0,CUST_0474,Credit Card,13
TXN_2026080928,2026-08-26,S04,P01,1.0,66.0,0.0,0,CUST_0485,UPI,10
TXN_2026080929,2026-08-25,S02,P01,2.0,56.1,15.0,1,CUST_0013,Debit Card,9
TXN_2026080930,2026-08-10,S02,P06,2.0,340.0,0.0,0,CUST_0153,Credit Card,13
TXN_2026080931,2026-08-03,S02,P08,1.0,494.0,5.0,1,CUST_0239,Debit Card,9
TXN_2026080932,2026-08-14,S01,P05,2.0,30.0,25.0,1,CUST_0190,Cash,10
TXN_2026080933,2026-08-06,S01,P01,1.0,66.0,0.0,0,CUST_0086,Credit Card,11
TXN_2026080934,2026-08-22,S01,P02,1.0,220.0,20.0,1,CUST_0021,UPI,8
TXN_2026080935,2026-08-11,S02,P03,3.0,45.0,0.0,0,CUST_0319,Debit Card,11
TXN_2026080936,2026-08-31,S01,P10,3.0,51.0,15.0,1,CUST_0158,UPI,17
TXN_2026080937,2026-08-21,S01,P02,3.0,220.0,20.0,1,CUST_0481,Cash,19
TXN_2026080938,2026-08-27,S04,P05,1.0,30.0,25.0,1,CUST_0076,UPI,11
TXN_2026080939,2026-08-04,S01,P03,5.0,45.0,0.0,0,CUST_0329,Cash,9
TXN_2026080940,2026-08-28,S04,P02,2.0,233.75,15.0,1,CUST_0416,UPI,18
TXN_2026080941,2026-08-29,S03,P03,1.0,45.0,0.0,0,CUST_0203,UPI,8
TXN_2026080942,2026-08-16,S01,P01,4.0,66.0,0.0,0,CUST_0229,UPI,19
TXN_2026080943,2026-08-19,S01,P06,2.0,340.0,0.0,0,CUST_0152,Cash,11
TXN_2026080944,2026-08-24,S01,P02,2.0,275.0,0.0,0,CUST_0072,Digital Wallet,12
TXN_2026080945,2026-08-06,S03,P05,3.0,36.0,10.0,1,CUST_0225,UPI,10
TXN_2026080946,2026-08-16,S02,P01,1.0,66.0,0.0,0,CUST_0473,UPI,12
TXN_2026080947,2026-08-13,S03,P10,2.0,45.0,25.0,1,CUST_0643,UPI,19
TXN_2026080948,2026-08-05,S04,P01,1.0,62.7,5.0,1,CUST_0360,UPI,11
TXN_2026080949,2026-08-12,S03,P08,5.0,442.0,15.0,1,CUST_0540,Debit Card,22
TXN_2026080950,2026-08-02,S01,P07,2.0,112.5,10.0,1,CUST_0609,Credit Card,13
TXN_2026080951,2026-08-01,S01,P10,2.0,54.0,10.0,1,CUST_0046,Debit Card,20
TXN_2026080952,2026-08-05,S04,P03,1.0,45.0,0.0,0,CUST_0001,Debit Card,11
TXN_2026080953,2026-08-30,S01,P05,2.0,40.0,0.0,0,CUST_0245,Credit Card,11
TXN_2026080954,2026-08-17,S01,P03,1.0,45.0,0.0,0,CUST_0219,Cash,17
TXN_2026080955,2026-08-30,S03,P01,2.0,66.0,0.0,0,CUST_0614,UPI,9
TXN_2026080956,2026-08-15,S02,P03,2.0,45.0,0.0,0,CUST_0291,UPI,19
TXN_2026080957,2026-08-10,S04,P01,1.0,62.7,5.0,1,CUST_0458,Debit Card,15
TXN_2026080958,2026-08-16,S02,P10,1.0,60.0,0.0,0,CUST_0204,UPI,18
TXN_2026080959,2026-08-15,S01,P01,1.0,66.0,0.0,0,CUST_0202,UPI,11
TXN_2026080960,2026-08-03,S04,P04,1.0,180.0,0.0,0,CUST_0566,Cash,18
TXN_2026080961,2026-08-21,S01,P05,1.0,40.0,0.0,0,CUST_0482,Credit Card,17
TXN_2026080962,2026-08-08,S01,P04,250.0,171.0,5.0,1,CUST_0511,Credit Card,19
TXN_2026080963,2026-08-20,S02,P05,1.0,38.0,5.0,1,CUST_0278,Debit Card,13
TXN_2026080964,2026-08-21,S01,P01,3.0,52.8,20.0,1,CUST_0016,UPI,21
TXN_2026080965,2026-08-05,S02,P04,3.0,180.0,0.0,0,CUST_0525,Cash,21
TXN_2026080966,2026-08-02,S01,P02,2.0,275.0,0.0,0,CUST_0356,UPI,20
TXN_2026080967,2026-08-25,S02,P10,1.0,60.0,0.0,0,CUST_0356,Credit Card,17
TXN_2026080968,2026-08-15,S01,P06,2.0,289.0,15.0,1,CUST_0599,Debit Card,14
TXN_2026080969,2026-08-02,S03,P10,1.0,60.0,0.0,0,CUST_0078,Credit Card,9
TXN_2026080970,2026-08-31,S04,P01,2.0,66.0,0.0,0,CUST_0067,Debit Card,21
TXN_2026080971,2026-08-02,S01,P02,1.0,275.0,0.0,0,CUST_0214,Cash,21
TXN_2026080972,2026-08-22,S01,P01,120.0,66.0,0.0,0,CUST_0449,Debit Card,8
TXN_2026080973,2026-08-31,S01,P01,2.0,66.0,0.0,0,CUST_0433,UPI,13
TXN_2026080974,2026-08-08,S01,P02,1.0,247.5,10.0,1,CUST_0545,Credit Card,20
TXN_2026080975,2026-08-05,S03,P05,3.0,38.0,5.0,1,CUST_0115,Cash,9
TXN_2026080976,2026-08-04,S03,P02,2.0,275.0,0.0,0,CUST_0420,Credit Card,11
TXN_2026080977,2026-08-10,S01,P04,1.0,180.0,0.0,0,CUST_0499,Debit Card,22
TXN_2026080978,2026-08-03,S01,P08,2.0,520.0,0.0,0,CUST_0380,Credit Card,20
TXN_2026080979,2026-08-22,S01,P05,1.0,36.0,10.0,1,CUST_0143,UPI,20
TXN_2026080980,2026-08-02,S02,P03,1.0,38.25,15.0,1,CUST_0632,UPI,11
TXN_2026080981,2026-08-16,S01,P03,1.0,38.25,15.0,1,CUST_0024,Cash,12
TXN_2026080982,2026-08-31,S04,P03,1.0,45.0,0.0,0,CUST_0539,Credit Card,17
TXN_2026080983,2026-08-26,S03,P01,1.0,62.7,5.0,1,CUST_0075,UPI,16
TXN_2026080984,2026-08-20,S01,P05,1.0,32.0,20.0,1,CUST_0535,Cash,13
TXN_2026080985,2026-08-10,S02,P03,1.0,42.75,5.0,1,CUST_0041,Credit Card,20
TXN_2026080986,2026-08-20,S04,P08,1.0,520.0,0.0,0,CUST_0568,Debit Card,20
TXN_2026080987,2026-08-17,S02,P06,2.0,323.0,5.0,1,CUST_0413,UPI,12
TXN_2026080988,2026-08-14,S01,P05,1.0,38.0,5.0,1,CUST_0415,Cash,11
TXN_2026080989,2026-08-04,S01,P03,1.0,45.0,0.0,0,CUST_0449,Credit Card,11
TXN_2026080990,2026-08-28,S04,P01,1.0,66.0,0.0,0,CUST_0610,Debit Card,16
TXN_2026080991,2026-08-15,S02,P06,1.0,323.0,5.0,1,CUST_0436,UPI,11
TXN_2026080992,2026-08-07,S02,P03,4.0,40.5,10.0,1,CUST_0552,UPI,15
TXN_2026080993,2026-08-12,S04,P02,2.0,206.25,25.0,1,CUST_0239,UPI,15
TXN_2026080994,2026-08-14,S04,P01,2.0,66.0,0.0,0,CUST_0042,Cash,20
TXN_2026080995,2026-08-27,S04,P01,1.0,59.4,10.0,1,CUST_0010,UPI,13
TXN_2026080996,2026-08-23,S01,P06,2.0,340.0,0.0,0,CUST_0265,Debit Card,17
TXN_2026080997,2026-08-25,S02,P02,4.0,220.0,20.0,1,CUST_0581,UPI,19
TXN_2026080998,2026-08-01,S03,P04,1.0,180.0,0.0,0,CUST_0445,UPI,17
TXN_2026080999,2026-08-14,S03,P03,1.0,45.0,0.0,0,CUST_0139,UPI,21
TXN_2026081000,2026-08-15,S02,P04,1.0,180.0,0.0,0,CUST_0196,Debit Card,17
TXN_2026081001,2026-08-01,S01,P08,5.0,494.0,5.0,1,CUST_0074,Debit Card,20
TXN_2026081002,2026-08-09,S03,P08,1.0,0.0,0.0,0,CUST_0615,Cash,12
TXN_2026081003,2026-08-24,S03,P03,2.0,40.5,10.0,1,CUST_0225,Cash,17
TXN_2026081004,2026-08-05,S01,P01,1.0,66.0,0.0,0,CUST_0635,UPI,17
TXN_2026081005,2026-08-17,S02,P03,3.0,45.0,0.0,0,CUST_0102,Cash,22
TXN_2026081006,2026-08-08,S01,P05,2.0,40.0,0.0,0,,Credit Card,11
TXN_2026081007,2026-08-01,S01,P04,3.0,180.0,0.0,0,CUST_0161,Cash,11
TXN_2026081008,2026-08-08,S01,P05,3.0,40.0,0.0,0,CUST_0233,UPI,17
TXN_2026081009,2026-08-31,S02,P01,1.0,62.7,5.0,1,CUST_0491,Cash,12
TXN_2026081010,2026-08-26,S02,P05,2.0,40.0,0.0,0,CUST_0311,UPI,18
TXN_2026081011,2026-08-30,S02,P01,2.0,66.0,0.0,0,CUST_0227,UPI,22
TXN_2026081012,2026-08-16,S02,P06,1.0,340.0,0.0,0,CUST_0273,UPI,21
TXN_2026081013,2026-08-04,S04,P03,1.0,45.0,0.0,0,CUST_0317,UPI,12
TXN_2026081014,2026-08-17,S01,P05,1.0,40.0,0.0,0,,Credit Card,11
TXN_2026081015,2026-08-15,S01,P01,1.0,52.8,20.0,1,CUST_0291,,17
TXN_2026081016,2026-08-27,S04,P03,5.0,45.0,0.0,0,CUST_0469,Debit Card,17
TXN_2026081017,2026-08-03,S01,P05,1.0,36.0,10.0,1,,UPI,18
TXN_2026081018,2026-08-16,S04,P02,2.0,247.5,10.0,1,,UPI,19
TXN_2026081019,2026-08-05,S04,P06,1.0,340.0,0.0,0,CUST_0404,UPI,17
TXN_2026081020,2026-08-11,S02,P05,1.0,38.0,5.0,1,CUST_0427,Cash,10
TXN_2026081021,2026-08-23,S04,P04,1.0,180.0,0.0,0,CUST_0375,UPI,19
TXN_2026081022,2026-08-15,S01,P03,1.0,45.0,0.0,0,CUST_0567,Credit Card,9
TXN_2026081023,2026-08-13,S01,P03,1.0,40.5,10.0,1,CUST_0252,UPI,8
TXN_2026081024,2026-08-13,S02,P05,2.0,36.0,10.0,1,CUST_0533,Credit Card,19
TXN_2026081025,2026-08-15,S01,P03,2.0,38.25,15.0,1,CUST_0307,UPI,17
TXN_2026081026,2026-08-25,S04,P05,2.0,38.0,5.0,1,CUST_0430,UPI,18
TXN_2026081027,2026-08-28,S01,P03,2.0,45.0,0.0,0,CUST_0264,UPI,14
TXN_2026081028,2026-08-30,S02,P01,3.0,59.4,10.0,1,CUST_0068,UPI,8
TXN_2026081029,2026-08-25,S02,P01,2.0,62.7,5.0,1,CUST_0107,UPI,13
TXN_2026081030,2026-08-10,S02,P01,1.0,62.7,5.0,1,CUST_0400,Credit Card,17
TXN_2026081031,2026-08-22,S01,P03,1.0,38.25,15.0,1,CUST_0579,UPI,12
TXN_2026081032,2026-08-15,S01,P06,1.0,289.0,15.0,1,CUST_0199,UPI,18
TXN_2026081033,2026-08-09,S04,P06,1.0,340.0,0.0,0,,UPI,19
TXN_2026081034,2026-08-27,S01,P01,1.0,66.0,0.0,0,,Cash,15
TXN_2026081035,2026-08-01,S04,P10,4.0,57.0,5.0,1,CUST_0442,Credit Card,20
TXN_2026081036,2026-08-29,S02,P04,1.0,171.0,5.0,1,CUST_0001,Debit Card,20
TXN_2026081037,2026-08-15,S03,P09,2.0,166.25,5.0,1,CUST_0358,UPI,20
TXN_2026081038,2026-08-21,S03,P05,1.0,40.0,0.0,0,CUST_0115,UPI,18
TXN_2026081039,2026-08-21,S01,P05,1.0,40.0,0.0,0,CUST_0600,UPI,13
TXN_2026081040,2026-08-29,S02,P01,2.0,66.0,0.0,0,CUST_0197,Credit Card,16
TXN_2026081041,2026-08-21,S04,P01,1.0,62.7,5.0,1,CUST_0604,Credit Card,18
TXN_2026081042,2026-08-20,S02,P01,3.0,66.0,0.0,0,CUST_0274,Cash,12
TXN_2026081043,2026-08-02,S04,P05,1.0,38.0,5.0,1,CUST_0160,Cash,19
TXN_2026081044,2026-08-16,S02,P03,3.0,36.0,20.0,1,CUST_0173,UPI,17
TXN_2026081045,2026-08-05,S01,P06,2.0,340.0,0.0,0,,UPI,10
TXN_2026081046,2026-08-23,S01,P03,2.0,45.0,0.0,0,CUST_0458,UPI,17
TXN_2026081047,2026-08-16,S04,P07,3.0,125.0,0.0,0,CUST_0585,UPI,9
TXN_2026081048,2026-08-22,S01,P01,1.0,66.0,0.0,0,,Cash,8
TXN_2026081049,2026-08-02,S04,P01,1.0,66.0,0.0,0,CUST_0481,UPI,20
TXN_2026081050,2026-08-03,S04,P03,1.0,45.0,0.0,0,CUST_0455,Digital Wallet,16
TXN_2026081051,2026-08-23,S01,P03,1.0,45.0,0.0,0,CUST_0196,Credit Card,17
TXN_2026081052,2026-08-02,S01,P03,1.0,45.0,0.0,0,CUST_0599,Credit Card,12
TXN_2026081053,2026-08-02,S03,P06,3.0,306.0,10.0,1,CUST_0309,UPI,17
TXN_2026081054,2026-08-01,S01,P01,1.0,56.1,15.0,1,CUST_0556,Credit Card,11
TXN_2026081055,2026-08-30,S03,P03,3.0,45.0,0.0,0,CUST_0494,Credit Card,19
TXN_2026081056,2026-08-23,S02,P07,3.0,106.25,15.0,1,CUST_0439,UPI,19
TXN_2026081057,2026-08-12,S02,P01,2.0,66.0,0.0,0,CUST_0650,UPI,20
TXN_2026081058,2026-08-10,S03,P10,3.0,60.0,0.0,0,CUST_0359,UPI,10
TXN_2026081059,2026-08-12,S01,P10,2.0,57.0,5.0,1,CUST_0036,Credit Card,17
TXN_2026081060,2026-08-25,S02,P01,1.0,66.0,0.0,0,CUST_0034,UPI,19
TXN_2026081061,2026-08-21,S01,P02,2.0,275.0,0.0,0,CUST_0088,Debit Card,11
TXN_2026081062,2026-08-06,S01,P03,2.0,45.0,0.0,0,CUST_0016,Debit Card,10
TXN_2026081063,2026-08-06,S02,P06,1.0,289.0,15.0,1,CUST_0421,UPI,19
TXN_2026081064,2026-08-03,S04,P05,1.0,40.0,0.0,0,,Credit Card,19
TXN_2026081065,2026-08-21,S01,P05,1.0,36.0,10.0,1,CUST_0126,UPI,15
TXN_2026081066,2026-08-24,S02,P06,1.0,306.0,10.0,1,CUST_0008,Debit Card,10
TXN_2026081067,2026-08-09,S02,P01,4.0,66.0,0.0,0,CUST_0472,UPI,16
TXN_2026081068,2026-08-01,S01,P07,1.0,125.0,0.0,0,CUST_0468,UPI,14
TXN_2026081069,2026-08-03,S01,P05,1.0,40.0,0.0,0,CUST_0510,UPI,16
TXN_2026081070,2026-08-30,S04,P04,1.0,180.0,0.0,0,CUST_0402,Debit Card,15
TXN_2026081071,2026-08-10,S03,P08,1.0,520.0,0.0,0,CUST_0176,UPI,17
TXN_2026081072,2026-08-25,S02,P05,1.0,40.0,0.0,0,CUST_0367,UPI,18
TXN_2026081073,2026-08-20,S02,P01,1.0,66.0,0.0,0,CUST_0488,UPI,19
TXN_2026081074,2026-08-13,S01,P03,4.0,45.0,0.0,0,CUST_0018,UPI,18
TXN_2026081075,2026-08-07,S02,P03,1.0,45.0,0.0,0,CUST_0056,Debit Card,11
TXN_2026081076,2026-08-04,S02,P01,2.0,66.0,0.0,0,CUST_0035,Credit Card,14
TXN_2026081077,2026-08-20,S02,P10,1.0,51.0,15.0,1,CUST_0630,Cash,9
TXN_2026081078,2026-08-25,S01,P01,3.0,66.0,0.0,0,CUST_0573,UPI,15
TXN_2026081079,2026-08-21,S01,P05,2.0,38.0,5.0,1,CUST_0600,UPI,22
TXN_2026081080,2026-08-17,S01,P04,2.0,153.0,15.0,1,CUST_0347,Debit Card,18
TXN_2026081081,2026-08-02,S04,P01,2.0,66.0,0.0,0,CUST_0032,Debit Card,11
TXN_2026081082,2026-08-30,S02,P09,2.0,175.0,0.0,0,,UPI,12
TXN_2026081083,2026-08-26,S02,P08,1.0,520.0,0.0,0,CUST_0576,Credit Card,9
TXN_2026081084,2026-08-09,S01,P04,1.0,144.0,20.0,1,CUST_0199,Debit Card,11
TXN_2026081085,2026-08-31,S01,P02,1.0,261.25,5.0,1,CUST_0256,UPI,16
TXN_2026081086,2026-08-19,S03,P01,1.0,66.0,0.0,0,CUST_0342,Debit Card,13
TXN_2026081087,2026-08-19,S02,P03,1.0,40.5,10.0,1,CUST_0231,UPI,11
TXN_2026081088,2026-08-24,S02,P02,3.0,261.25,5.0,1,CUST_0301,Cash,11
TXN_2026081089,2026-08-26,S01,P04,1.0,180.0,0.0,0,CUST_0547,Credit Card,18
TXN_2026081090,2026-08-21,S03,P10,1.0,54.0,10.0,1,CUST_0026,UPI,17
TXN_2026081091,2026-08-04,S01,P04,4.0,171.0,5.0,1,CUST_0535,UPI,20
TXN_2026081092,2026-08-11,S01,P08,4.0,520.0,0.0,0,CUST_0474,Digital Wallet,11
TXN_2026081093,2026-08-29,S02,P05,5.0,34.0,15.0,1,CUST_0387,Debit Card,20
TXN_2026081094,2026-08-08,S01,P03,1.0,45.0,0.0,0,CUST_0285,UPI,17
TXN_2026081095,2026-08-12,S01,P08,1.0,494.0,5.0,1,CUST_0450,Credit Card,12
TXN_2026081096,2026-08-15,S02,P03,3.0,45.0,0.0,0,CUST_0320,Credit Card,12
TXN_2026081097,2026-08-15,S02,P08,1.0,442.0,15.0,1,CUST_0156,UPI,14
TXN_2026081098,2026-08-20,S04,P02,1.0,261.25,5.0,1,,UPI,15
TXN_2026081099,2026-08-30,S02,P01,1.0,62.7,5.0,1,CUST_0420,Credit Card,9
TXN_2026081100,2026-08-08,S01,P08,2.0,390.0,25.0,1,CUST_0113,UPI,20
TXN_2026081101,2026-08-04,S01,P04,1.0,180.0,0.0,0,CUST_0422,UPI,10
TXN_2026081102,2026-08-07,S04,P08,2.0,520.0,0.0,0,CUST_0598,Debit Card,16
TXN_2026081103,2026-08-28,S02,P09,1.0,175.0,0.0,0,,Credit Card,14
TXN_2026081104,2026-08-21,S03,P01,1.0,66.0,0.0,0,CUST_0572,UPI,16
TXN_2026081105,2026-08-09,S01,P04,1.0,180.0,0.0,0,CUST_0054,UPI,20
TXN_2026081106,2026-08-26,S02,P03,1.0,42.75,5.0,1,CUST_0605,Credit Card,22
TXN_2026081107,2026-08-28,S01,P05,5.0,38.0,5.0,1,CUST_0325,Credit Card,8
TXN_2026081108,2026-08-27,S02,P06,4.0,340.0,0.0,0,,Credit Card,14
TXN_2026081109,2026-08-29,S04,P02,1.0,233.75,15.0,1,CUST_0265,UPI,19
TXN_2026081110,2026-08-08,S04,P04,4.0,171.0,5.0,1,,Credit Card,13
TXN_2026081111,2026-08-24,S02,P05,2.0,34.0,15.0,1,CUST_0213,Cash,18
TXN_2026081112,2026-08-15,S02,P01,75.0,56.1,15.0,1,CUST_0333,UPI,22
TXN_2026081113,2026-08-27,S04,P07,2.0,125.0,0.0,0,CUST_0010,UPI,18
TXN_2026081114,2026-08-23,S02,P05,-2.0,38.0,5.0,1,CUST_0358,Debit Card,10
TXN_2026081115,2026-08-25,S01,P10,1.0,60.0,0.0,0,CUST_0203,UPI,20
TXN_2026081116,2026-08-21,S02,P03,1.0,38.25,15.0,1,CUST_0058,UPI,22
TXN_2026081117,2026-08-06,S01,P01,1.0,59.4,10.0,1,CUST_0494,UPI,18
TXN_2026081118,2026-08-17,S02,P04,1.0,180.0,0.0,0,CUST_0510,UPI,14
TXN_2026081119,2026-08-31,S02,P01,1.0,52.8,20.0,1,CUST_0223,UPI,21
TXN_2026081120,2026-08-30,S02,P10,2.0,57.0,5.0,1,CUST_0369,UPI,22
TXN_2026081121,2026-08-02,S01,P01,2.0,52.8,20.0,1,CUST_0418,Cash,21
TXN_2026081122,2026-08-06,S01,P06,1.0,340.0,0.0,0,CUST_0547,Credit Card,14
TXN_2026081123,2026-08-04,S02,P04,1.0,153.0,15.0,1,CUST_0103,Credit Card,19
TXN_2026081124,2026-08-23,S04,P03,2.0,42.75,5.0,1,CUST_0161,UPI,18
TXN_2026081125,2026-08-26,S02,P01,1.0,62.7,5.0,1,CUST_0200,Credit Card,11
TXN_2026081126,2026-08-07,S01,P05,2.0,36.0,10.0,1,CUST_0160,UPI,17
TXN_2026081127,2026-08-16,S04,P04,5.0,171.0,5.0,1,CUST_0136,Debit Card,19
TXN_2026081128,2026-08-27,S04,P02,5.0,261.25,5.0,1,CUST_0398,Cash,20
TXN_2026081129,2026-08-23,S01,P09,2.0,175.0,0.0,0,CUST_0392,Debit Card,20
TXN_2026081130,2026-08-17,S01,P03,1.0,40.5,10.0,1,CUST_0106,Credit Card,11
TXN_2026081131,2026-08-19,S03,P03,1.0,42.75,5.0,1,CUST_0583,Debit Card,16
TXN_2026081132,2026-08-16,S04,P04,2.0,153.0,15.0,1,CUST_0589,Credit Card,15
TXN_2026081133,2026-08-10,S04,P01,5.0,66.0,0.0,0,CUST_0054,UPI,20
TXN_2026081134,2026-08-18,S04,P09,1.0,175.0,0.0,0,CUST_0277,UPI,8
TXN_2026081135,2026-08-22,S02,P03,1.0,45.0,0.0,0,CUST_0111,Cash,19
TXN_2026081136,2026-08-28,S02,P01,3.0,59.4,10.0,1,CUST_0224,UPI,17
TXN_2026081137,2026-08-21,S01,P03,1.0,45.0,0.0,0,CUST_0075,Debit Card,20
TXN_2026081138,2026-08-24,S01,P05,1.0,40.0,0.0,0,CUST_0506,UPI,15
TXN_2026081139,2026-08-05,S02,P04,3.0,171.0,5.0,1,CUST_0014,UPI,18
TXN_2026081140,2026-08-15,S02,P05,1.0,40.0,0.0,0,CUST_0482,Credit Card,22
TXN_2026081141,2026-08-01,S02,P01,1.0,56.1,15.0,1,CUST_0189,UPI,19
TXN_2026081142,2026-08-08,S03,P02,1.0,275.0,0.0,0,CUST_0364,Debit Card,9
TXN_2026081143,2026-08-23,S01,P07,2.0,100.0,20.0,1,CUST_0239,Debit Card,11
TXN_2026081144,2026-08-31,S02,P01,1.0,66.0,0.0,0,CUST_0401,Credit Card,19
TXN_2026081145,2026-08-03,S01,P08,1.0,520.0,0.0,0,CUST_0304,Credit Card,13
TXN_2026081146,2026-08-13,S02,P01,2.0,66.0,0.0,0,CUST_0091,UPI,18
TXN_2026081147,2026-08-26,S03,P07,1.0,112.5,10.0,1,CUST_0392,UPI,18
TXN_2026081148,2026-08-07,S03,P03,1.0,45.0,0.0,0,,UPI,22
TXN_2026081149,2026-08-18,S04,P05,1.0,40.0,0.0,0,CUST_0017,UPI,15
TXN_2026081150,2026-08-23,S01,P01,2.0,56.1,15.0,1,,Cash,19
TXN_2026081151,2026-08-20,S02,P01,2.0,66.0,0.0,0,,Credit Card,9
TXN_2026081152,2026-08-07,S01,P01,2.0,59.4,10.0,1,CUST_0146,Debit Card,15
TXN_2026081153,2026-08-12,S02,P01,2.0,59.4,10.0,1,CUST_0282,Credit Card,11
TXN_2026081154,2026-08-25,S04,P03,2.0,45.0,0.0,0,CUST_0549,UPI,20
TXN_2026081155,2026-08-18,S03,P04,1.0,171.0,5.0,1,CUST_0582,Credit Card,20
TXN_2026081156,2026-08-01,S04,P04,3.0,171.0,5.0,1,,Debit Card,12
TXN_2026081157,2026-08-24,S01,P06,3.0,340.0,0.0,0,CUST_0170,UPI,13
TXN_2026081158,2026-08-01,S04,P05,1.0,40.0,0.0,0,CUST_0346,Debit Card,18
TXN_2026081159,2026-08-24,S01,P05,1.0,34.0,15.0,1,CUST_0499,Credit Card,19
TXN_2026081160,2026-08-07,S04,P03,2.0,45.0,0.0,0,CUST_0460,UPI,18
TXN_2026081161,2026-08-30,S01,P03,1.0,45.0,0.0,0,CUST_0297,Credit Card,22
TXN_2026081162,2026-08-12,S01,P03,1.0,42.75,5.0,1,CUST_0142,UPI,20
TXN_2026081163,2026-08-11,S02,P07,2.0,125.0,0.0,0,CUST_0053,UPI,14
TXN_2026081164,2026-08-05,S04,P02,2.0,220.0,20.0,1,CUST_0118,Debit Card,13
TXN_2026081165,2026-08-10,S01,P01,2.0,66.0,0.0,0,CUST_0365,Cash,17
TXN_2026081166,2026-08-28,S01,P05,1.0,40.0,0.0,0,,Debit Card,19
TXN_2026081167,2026-08-31,S04,P01,1.0,62.7,5.0,1,CUST_0414,Cash,15
TXN_2026081168,2026-08-12,S01,P09,2.0,175.0,0.0,0,CUST_0077,Cash,19
TXN_2026081169,2026-08-15,S01,P08,3.0,494.0,5.0,1,CUST_0557,Cash,8
TXN_2026081170,2026-08-23,S02,P01,1.0,56.1,15.0,1,CUST_0018,UPI,20
TXN_2026081171,2026-08-28,S01,P01,2.0,66.0,0.0,0,CUST_0403,Credit Card,19
TXN_2026081172,2026-08-19,S04,P03,1.0,45.0,0.0,0,CUST_0205,UPI,14
TXN_2026081173,2026-08-13,S03,P05,2.0,40.0,0.0,0,CUST_0499,Credit Card,14
TXN_2026081174,2026-08-14,S02,P02,4.0,247.5,10.0,1,CUST_0324,Cash,10
TXN_2026081175,2026-08-22,S04,P05,2.0,40.0,0.0,0,CUST_0595,UPI,19
TXN_2026081176,2026-08-01,S02,P05,3.0,40.0,0.0,0,CUST_0562,Credit Card,19
TXN_2026081177,2026-08-20,S01,P03,1.0,42.75,5.0,1,CUST_0281,Credit Card,17
TXN_2026081178,2026-08-12,S01,P01,3.0,66.0,0.0,0,CUST_0166,UPI,10
TXN_2026081179,2026-08-25,S02,P06,1.0,340.0,0.0,0,CUST_0243,UPI,12
TXN_2026081180,2026-08-03,S01,P01,1.0,52.8,20.0,1,CUST_0479,Credit Card,15
TXN_2026081181,2026-08-19,S04,P07,1.0,125.0,0.0,0,CUST_0164,UPI,12
TXN_2026081182,2026-08-15,S03,P03,1.0,45.0,0.0,0,CUST_0324,Credit Card,15
TXN_2026081183,2026-08-21,S01,P04,1.0,180.0,0.0,0,CUST_0568,Credit Card,12
TXN_2026081184,2026-08-02,S02,P08,2.0,442.0,15.0,1,CUST_0551,Credit Card,13
TXN_2026081185,2026-08-18,S03,P08,3.0,520.0,0.0,0,CUST_0640,UPI,18
TXN_2026081186,2026-08-18,S04,P03,2.0,45.0,0.0,0,CUST_0634,Credit Card,20
TXN_2026081187,2026-08-18,S04,P01,1.0,66.0,0.0,0,CUST_0208,UPI,14
TXN_2026081188,2026-08-19,S02,P06,4.0,255.0,25.0,1,CUST_0315,Cash,18
TXN_2026081189,2026-08-22,S03,P03,1.0,45.0,0.0,0,CUST_0304,UPI,11
TXN_2026081190,2026-08-26,S02,P01,2.0,66.0,0.0,0,CUST_0239,Cash,17
TXN_2026081191,2026-08-09,S02,P09,3.0,166.25,5.0,1,CUST_0224,Debit Card,20
TXN_2026081192,2026-08-27,S01,P01,5.0,66.0,0.0,0,CUST_0088,Debit Card,8
TXN_2026081193,2026-08-16,S01,P01,1.0,59.4,10.0,1,CUST_0537,UPI,12
TXN_2026081194,2026-08-02,S02,P01,2.0,59.4,10.0,1,CUST_0429,UPI,11
TXN_2026081195,2026-08-02,S01,P05,1.0,40.0,0.0,0,CUST_0220,UPI,17
TXN_2026081196,2026-08-11,S01,P05,1.0,38.0,5.0,1,,UPI,18
TXN_2026081197,2026-08-25,S03,P03,1.0,45.0,0.0,0,CUST_0647,Cash,9
TXN_2026081198,2026-08-23,S01,P03,1.0,45.0,0.0,0,CUST_0066,UPI,9
TXN_2026081199,2026-08-25,S02,P03,1.0,40.5,10.0,1,CUST_0592,Digital Wallet,20
TXN_2026081200,2026-08-16,S02,P05,2.0,40.0,0.0,0,,Debit Card,15
TXN_2026081201,2026-08-15,S04,P01,1.0,66.0,0.0,0,CUST_0255,UPI,15
TXN_2026081202,2026-08-05,S02,P09,2.0,175.0,0.0,0,CUST_0125,Credit Card,21
TXN_2026081203,2026-08-11,S01,P02,2.0,233.75,15.0,1,CUST_0146,UPI,13
TXN_2026081204,2026-08-15,S02,P10,3.0,51.0,15.0,1,CUST_0615,UPI,20
TXN_2026081205,2026-08-03,S04,P01,1.0,66.0,0.0,0,CUST_0385,UPI,22
TXN_2026081206,2026-08-08,S04,P06,3.0,340.0,0.0,0,CUST_0447,Cash,12
TXN_2026081207,2026-08-19,S02,P02,4.0,206.25,25.0,1,CUST_0387,Credit Card,16
TXN_2026081208,2026-08-23,S01,P01,2.0,66.0,0.0,0,CUST_0383,Credit Card,17
TXN_2026081209,2026-08-31,S04,P08,2.0,520.0,0.0,0,CUST_0277,UPI,20
TXN_2026081210,2026-08-29,S01,P08,1.0,468.0,10.0,1,CUST_0382,Credit Card,13
TXN_2026081211,2026-08-21,S02,P03,4.0,45.0,0.0,0,CUST_0124,UPI,19
TXN_2026081212,2026-08-14,S02,P05,2.0,38.0,5.0,1,CUST_0267,UPI,22
TXN_2026081213,2026-08-21,S01,P04,1.0,153.0,15.0,1,,UPI,20
TXN_2026081214,2026-08-25,S01,P08,1.0,520.0,0.0,0,CUST_0381,UPI,20
TXN_2026081215,2026-08-04,S01,P03,2.0,42.75,5.0,1,CUST_0601,Credit Card,18
TXN_2026081216,2026-08-14,S03,P04,1.0,171.0,5.0,1,,UPI,20
TXN_2026081217,2026-08-27,S04,P03,2.0,36.0,20.0,1,CUST_0548,Digital Wallet,11
TXN_2026081218,2026-08-13,S01,P03,1.0,45.0,0.0,0,CUST_0599,UPI,18
TXN_2026081219,2026-08-18,S04,P09,2.0,148.75,15.0,1,CUST_0118,Credit Card,19
TXN_2026081220,2026-08-19,S01,P01,2.0,66.0,0.0,0,CUST_0328,UPI,15
TXN_2026081221,2026-08-06,S02,P01,3.0,66.0,0.0,0,CUST_0068,UPI,9
TXN_2026081222,2026-08-12,S01,P04,2.0,180.0,0.0,0,CUST_0434,Cash,17
TXN_2026081223,2026-08-11,S04,P05,2.0,34.0,15.0,1,CUST_0359,Debit Card,9
TXN_2026081224,2026-08-01,S03,P01,3.0,66.0,0.0,0,CUST_0443,Debit Card,14
TXN_2026081225,2026-08-01,S02,P03,2.0,38.25,15.0,1,CUST_0164,Cash,14
TXN_2026081226,2026-08-27,S04,P10,3.0,60.0,0.0,0,CUST_0361,Debit Card,22
TXN_2026081227,2026-08-09,S02,P02,1.0,233.75,15.0,1,CUST_0585,Credit Card,13
TXN_2026081228,2026-08-16,S04,P05,2.0,40.0,0.0,0,CUST_0119,Cash,19
TXN_2026081229,2026-08-10,S03,P06,1.0,340.0,0.0,0,CUST_0195,UPI,9
TXN_2026081230,2026-08-30,S04,P03,4.0,42.75,5.0,1,CUST_0601,Credit Card,17
TXN_2026081231,2026-08-09,S02,P09,1.0,175.0,0.0,0,,Debit Card,17
TXN_2026081232,2026-08-15,S01,P05,1.0,40.0,0.0,0,CUST_0241,UPI,17
TXN_2026081233,2026-08-28,S02,P03,1.0,42.75,5.0,1,CUST_0509,Cash,19
TXN_2026081234,2026-08-27,S01,P04,1.0,180.0,0.0,0,CUST_0565,UPI,19
TXN_2026081235,2026-08-06,S02,P05,1.0,38.0,5.0,1,CUST_0142,Cash,19
TXN_2026081236,2026-08-26,S02,P05,1.0,40.0,0.0,0,CUST_0031,UPI,15
TXN_2026081237,2026-08-15,S02,P08,3.0,520.0,0.0,0,CUST_0223,UPI,18
TXN_2026081238,2026-08-15,S01,P03,1.0,38.25,15.0,1,CUST_0266,UPI,16
TXN_2026081239,2026-08-05,S01,P02,1.0,275.0,0.0,0,CUST_0282,Cash,9
TXN_2026081240,2026-08-03,S02,P01,-3.0,59.4,10.0,1,CUST_0381,UPI,20
TXN_2026081241,2026-08-23,S04,P01,1.0,66.0,0.0,0,CUST_0556,Credit Card,20
TXN_2026081242,2026-08-16,S01,P01,3.0,66.0,0.0,0,CUST_0062,Credit Card,13
TXN_2026081243,2026-08-15,S02,P08,1.0,520.0,0.0,0,CUST_0521,UPI,20
TXN_2026081244,2026-08-23,S03,P05,2.0,40.0,0.0,0,,Digital Wallet,19
TXN_2026081245,2026-08-24,S02,P05,1.0,40.0,0.0,0,CUST_0602,UPI,14
TXN_2026081246,2026-08-05,S01,P05,1.0,40.0,0.0,0,CUST_0536,Credit Card,13
TXN_2026081247,2026-08-20,S02,P07,2.0,125.0,0.0,0,CUST_0140,Credit Card,22
TXN_2026081248,2026-08-05,S01,P03,1.0,45.0,0.0,0,CUST_0316,UPI,18
TXN_2026081249,2026-08-24,S04,P08,5.0,442.0,15.0,1,CUST_0340,UPI,14
TXN_2026081250,2026-08-21,S01,P03,1.0,45.0,0.0,0,CUST_0590,Debit Card,18
TXN_2026081251,2026-08-30,S01,P09,3.0,166.25,5.0,1,CUST_0528,Cash,17
TXN_2026081252,2026-08-02,S01,P05,5.0,40.0,0.0,0,CUST_0541,UPI,16
TXN_2026081253,2026-08-02,S01,P02,1.0,247.5,10.0,1,CUST_0416,UPI,18
TXN_2026081254,2026-08-09,S03,P04,2.0,180.0,0.0,0,CUST_0467,Digital Wallet,17
TXN_2026081255,2026-08-09,S01,P04,1.0,180.0,0.0,0,CUST_0375,UPI,18
TXN_2026081256,2026-08-08,S01,P01,2.0,66.0,0.0,0,CUST_0291,Credit Card,20
TXN_2026081257,2026-08-29,S02,P05,2.0,40.0,0.0,0,CUST_0043,Credit Card,22
TXN_2026081258,2026-08-08,S01,P03,1.0,38.25,15.0,1,CUST_0053,UPI,18
TXN_2026081259,2026-08-09,S01,P01,1.0,66.0,0.0,0,CUST_0232,Credit Card,20
TXN_2026081260,2026-08-24,S04,P10,2.0,51.0,15.0,1,CUST_0212,Cash,20
TXN_2026081261,2026-08-15,S03,P05,3.0,34.0,15.0,1,CUST_0008,Credit Card,13
TXN_2026081262,2026-08-25,S04,P08,4.0,520.0,0.0,0,CUST_0634,Debit Card,21
TXN_2026081263,2026-08-02,S04,P05,2.0,40.0,0.0,0,CUST_0483,Credit Card,9
TXN_2026081264,2026-08-16,S03,P03,,38.25,15.0,1,CUST_0042,Credit Card,13
TXN_2026081265,2026-08-01,S01,P04,3.0,180.0,0.0,0,CUST_0333,UPI,18
TXN_2026081266,2026-08-02,S03,P05,3.0,36.0,10.0,1,CUST_0233,Debit Card,16
TXN_2026081267,2026-08-29,S04,P10,1.0,51.0,15.0,1,CUST_0070,UPI,17
TXN_2026081268,2026-08-05,S03,P02,-3.0,247.5,10.0,1,CUST_0016,UPI,19
TXN_2026081269,2026-08-17,S02,P08,3.0,468.0,10.0,1,CUST_0069,Cash,11
TXN_2026081270,2026-08-14,S01,P09,3.0,148.75,15.0,1,CUST_0053,Debit Card,22
TXN_2026081271,2026-08-11,S04,P05,1.0,38.0,5.0,1,CUST_0379,Digital Wallet,15
TXN_2026081272,2026-08-29,S03,P09,4.0,175.0,0.0,0,CUST_0463,UPI,21
TXN_2026081273,2026-08-01,S04,P03,1.0,45.0,0.0,0,,Cash,14
TXN_2026081274,2026-08-22,S01,P10,5.0,54.0,10.0,1,CUST_0063,Credit Card,17
TXN_2026081275,2026-08-30,S01,P05,1.0,34.0,15.0,1,CUST_0261,Digital Wallet,15
TXN_2026081276,2026-08-18,S01,P01,1.0,66.0,0.0,0,CUST_0500,Cash,25
TXN_2026081277,2026-08-30,S03,P09,1.0,175.0,0.0,0,CUST_0121,Digital Wallet,11
TXN_2026081278,2026-08-02,S01,P03,3.0,45.0,0.0,0,CUST_0240,Cash,14
TXN_2026081279,2026-08-14,S01,P03,1.0,38.25,15.0,1,CUST_0465,UPI,9
TXN_2026081280,2026-08-09,S04,P04,2.0,180.0,0.0,0,CUST_0107,Debit Card,17
TXN_2026081281,2026-08-23,S01,P01,1.0,62.7,5.0,1,CUST_0180,UPI,21
TXN_2026081282,2026-08-31,S04,P03,2.0,38.25,15.0,1,CUST_0016,Debit Card,9
TXN_2026081283,2026-08-09,S01,P07,1.0,125.0,0.0,0,CUST_0355,Digital Wallet,18
TXN_2026081284,2026-08-21,S04,P01,1.0,52.8,20.0,1,CUST_0309,UPI,19
TXN_2026081285,2026-08-07,S02,P02,1.0,220.0,20.0,1,CUST_0589,Credit Card,12
TXN_2026081286,2026-08-18,S04,P01,1.0,52.8,20.0,1,CUST_0605,Debit Card,12
TXN_2026081287,2026-08-15,S04,P03,2.0,45.0,0.0,0,CUST_0181,UPI,11
TXN_2026081288,2026-08-30,S01,P05,1.0,40.0,0.0,0,CUST_0174,UPI,13
TXN_2026081289,2026-08-20,S01,P06,1.0,306.0,10.0,1,CUST_0354,UPI,10
TXN_2026081290,2026-08-12,S01,P10,1.0,60.0,0.0,0,,UPI,13
TXN_2026081291,2026-08-04,S02,P05,1.0,40.0,0.0,0,CUST_0219,Credit Card,13
TXN_2026081292,2026-08-05,S04,P02,1.0,233.75,15.0,1,CUST_0315,Credit Card,19
TXN_2026081293,2026-08-08,S02,P09,1.0,166.25,5.0,1,CUST_0434,UPI,19
TXN_2026081294,2026-08-08,S02,P06,2.0,340.0,0.0,0,CUST_0282,Digital Wallet,19
TXN_2026081295,2026-08-28,S01,P04,1.0,180.0,0.0,0,CUST_0259,Credit Card,17
TXN_2026081296,2026-08-18,S04,P05,2.0,36.0,10.0,1,CUST_0559,Credit Card,13
TXN_2026081297,2026-08-16,S04,P09,1.0,148.75,15.0,1,CUST_0005,UPI,14
TXN_2026081298,2026-08-04,S01,P05,1.0,40.0,0.0,0,CUST_0574,Credit Card,13
TXN_2026081299,2026-08-28,S02,P03,2.0,45.0,0.0,0,CUST_0596,UPI,17
TXN_2026081300,2026-08-23,S01,P05,3.0,38.0,5.0,1,CUST_0645,Debit Card,21
TXN_2026081301,2026-08-02,S02,P01,1.0,66.0,0.0,0,CUST_0394,Debit Card,12
TXN_2026081302,2026-08-23,S02,P03,1.0,45.0,0.0,0,CUST_0336,UPI,15
TXN_2026081303,2026-08-17,S01,P03,1.0,45.0,0.0,0,CUST_0063,Cash,25
TXN_2026081304,2026-08-03,S02,P01,3.0,66.0,0.0,0,CUST_0044,Credit Card,20
TXN_2026081305,2026-08-15,S01,P01,2.0,66.0,0.0,0,CUST_0153,UPI,12
TXN_2026081306,2026-08-15,S02,P01,3.0,59.4,10.0,1,CUST_0156,Cash,12
TXN_2026081307,2026-08-06,S02,P05,1.0,40.0,0.0,0,CUST_0478,UPI,20
TXN_2026081308,2026-08-30,S01,P07,2.0,106.25,15.0,1,CUST_0275,Debit Card,9
TXN_2026081309,2026-08-28,S03,P10,2.0,51.0,15.0,1,CUST_0358,Credit Card,17
TXN_2026081310,2026-08-22,S03,P03,1.0,42.75,5.0,1,CUST_0426,UPI,20
TXN_2026081311,2026-08-15,S01,P05,1.0,40.0,0.0,0,CUST_0532,Digital Wallet,20
TXN_2026081312,2026-08-14,S01,P09,1.0,148.75,15.0,1,CUST_0483,Credit Card,8
TXN_2026081313,2026-08-21,S03,P01,3.0,56.1,15.0,1,CUST_0214,UPI,13
TXN_2026081314,2026-08-17,S04,P05,3.0,40.0,0.0,0,CUST_0079,Cash,12
TXN_2026081315,2026-08-02,S01,P06,1.0,340.0,0.0,0,CUST_0139,Credit Card,17
TXN_2026081316,2026-08-16,S01,P01,1.0,66.0,0.0,0,CUST_0098,Debit Card,18
TXN_2026081317,2026-08-26,S01,P08,3.0,520.0,0.0,0,,Cash,22
TXN_2026081318,2026-08-15,S02,P07,1.0,125.0,0.0,0,CUST_0156,UPI,16
TXN_2026081319,2026-08-02,S01,P01,1.0,66.0,0.0,0,CUST_0050,UPI,17
TXN_2026081320,2026-08-25,S01,P01,1.0,66.0,0.0,0,CUST_0479,UPI,14
TXN_2026081321,2026-08-07,S03,P01,1.0,66.0,0.0,0,CUST_0228,Cash,11
TXN_2026081322,2026-08-09,S02,P03,3.0,38.25,15.0,1,CUST_0457,UPI,13
TXN_2026081323,2026-08-06,S01,P04,1.0,153.0,15.0,1,CUST_0522,UPI,12
TXN_2026081324,2026-08-11,S02,P04,2.0,144.0,20.0,1,CUST_0149,UPI,19
TXN_2026081325,2026-08-24,S02,P02,1.0,275.0,0.0,0,CUST_0058,UPI,17
TXN_2026081326,2026-08-16,S01,P09,1.0,166.25,5.0,1,CUST_0162,Credit Card,13
TXN_2026081327,2026-08-07,S01,P03,3.0,40.5,10.0,1,CUST_0477,Cash,16
TXN_2026081328,2026-08-28,S04,P01,1.0,62.7,5.0,1,CUST_0107,UPI,12
TXN_2026081329,2026-08-28,S01,P03,1.0,45.0,0.0,0,CUST_0427,UPI,11
TXN_2026081330,2026-08-28,S03,P04,5.0,180.0,0.0,0,CUST_0395,Debit Card,20
TXN_2026081331,2026-08-08,S04,P03,1.0,36.0,20.0,1,CUST_0186,UPI,21
TXN_2026081332,2026-08-15,S01,P02,1.0,275.0,0.0,0,CUST_0558,Cash,9
TXN_2026081333,2026-08-31,S01,P01,2.0,66.0,0.0,0,CUST_0446,Credit Card,19
TXN_2026081334,2026-08-25,S02,P07,1.0,125.0,0.0,0,CUST_0641,UPI,15
TXN_2026081335,2026-08-01,S04,P10,1.0,48.0,20.0,1,CUST_0448,Digital Wallet,14
TXN_2026081336,2026-08-02,S04,P03,2.0,45.0,0.0,0,CUST_0087,UPI,18
TXN_2026081337,2026-08-15,S03,P03,1.0,42.75,5.0,1,CUST_0249,UPI,12
TXN_2026081338,2026-08-29,S01,P05,2.0,40.0,0.0,0,CUST_0440,UPI,8
TXN_2026081339,2026-08-17,S02,P05,1.0,40.0,0.0,0,CUST_0257,Digital Wallet,12
TXN_2026081340,2026-08-16,S02,P03,-3.0,45.0,0.0,0,CUST_0277,Debit Card,11
TXN_2026081341,2026-08-03,S02,P09,1.0,175.0,0.0,0,CUST_0438,UPI,8
TXN_2026081342,2026-08-21,S01,P04,3.0,144.0,20.0,1,CUST_0516,Cash,13
TXN_2026081343,2026-08-27,S01,P03,3.0,40.5,10.0,1,CUST_0577,Credit Card,15
TXN_2026081344,2026-08-13,S03,P05,1.0,40.0,0.0,0,CUST_0202,UPI,19
TXN_2026081345,2026-08-25,S02,P10,4.0,60.0,0.0,0,CUST_0575,Debit Card,13
TXN_2026081346,2026-08-30,S01,P06,1.0,340.0,0.0,0,CUST_0180,Debit Card,11
TXN_2026081347,2026-08-07,S01,P01,2.0,56.1,15.0,1,CUST_0325,Credit Card,12
TXN_2026081348,2026-08-16,S04,P03,3.0,45.0,0.0,0,CUST_0623,UPI,20
TXN_2026081349,2026-08-09,S03,P03,1.0,45.0,0.0,0,CUST_0475,UPI,11
TXN_2026081350,2026-08-25,S01,P03,1.0,45.0,0.0,0,CUST_0400,Debit Card,20
TXN_2026081351,2026-08-18,S01,P05,1.0,40.0,0.0,0,CUST_0217,Cash,15
TXN_2026081352,2026-08-21,S01,P07,1.0,125.0,0.0,0,CUST_0453,Debit Card,21
TXN_2026081353,2026-08-26,S04,P05,1.0,38.0,5.0,1,CUST_0404,Cash,14
TXN_2026081354,2026-08-13,S02,P10,1.0,60.0,0.0,0,CUST_0240,Debit Card,11
TXN_2026081355,2026-08-29,S02,P02,1.0,233.75,15.0,1,CUST_0186,Cash,17
TXN_2026081356,2026-08-17,S02,P08,2.0,416.0,20.0,1,CUST_0048,UPI,17
TXN_2026081357,2026-08-05,S01,P06,1.0,340.0,0.0,0,CUST_0386,UPI,18
TXN_2026081358,2026-08-22,S04,P03,1.0,45.0,0.0,0,CUST_0208,Credit Card,14
TXN_2026081359,2026-08-25,S02,P05,1.0,38.0,5.0,1,CUST_0157,UPI,9
TXN_2026081360,2026-08-10,S01,P01,2.0,62.7,5.0,1,CUST_0225,Debit Card,17
TXN_2026081361,2026-08-28,S01,P06,3.0,340.0,0.0,0,CUST_0144,Cash,21
TXN_2026081362,2026-08-29,S02,P04,1.0,180.0,0.0,0,CUST_0419,UPI,21
TXN_2026081363,2026-08-09,S04,P02,2.0,233.75,15.0,1,CUST_0111,Cash,17
TXN_2026081364,2026-08-31,S01,P05,3.0,40.0,0.0,0,CUST_0465,Credit Card,8
TXN_2026081365,2026-08-05,S04,P05,5.0,38.0,5.0,1,,Credit Card,10
TXN_2026081366,2026-08-07,S03,P01,1.0,62.7,5.0,1,CUST_0625,Credit Card,20
TXN_2026081367,2026-08-06,S01,P01,1.0,66.0,0.0,0,CUST_0601,UPI,19
TXN_2026081368,2026-08-28,S01,P03,1.0,40.5,10.0,1,CUST_0334,UPI,21
TXN_2026081369,2026-08-21,S01,P04,1.0,153.0,15.0,1,CUST_0075,Credit Card,17
TXN_2026081370,2026-08-05,S03,P08,2.0,520.0,0.0,0,CUST_0412,Cash,20
TXN_2026081371,2026-08-15,S01,P09,1.0,148.75,15.0,1,CUST_0519,Credit Card,19
TXN_2026081372,2026-08-20,S01,P04,2.0,180.0,0.0,0,CUST_0625,UPI,17
TXN_2026081373,2026-08-03,S02,P06,1.0,306.0,10.0,1,CUST_0036,UPI,19
TXN_2026081374,2026-08-28,S03,P03,1.0,42.75,5.0,1,CUST_0625,Digital Wallet,10
TXN_2026081375,2026-08-26,S01,P06,5.0,323.0,5.0,1,CUST_0223,Credit Card,18
TXN_2026081376,2026-08-16,S02,P01,5.0,66.0,0.0,0,CUST_0530,Cash,21
TXN_2026081377,2026-08-30,S02,P03,2.0,45.0,0.0,0,CUST_0241,Credit Card,11
TXN_2026081378,2026-08-14,S02,P05,1.0,34.0,15.0,1,CUST_0134,Credit Card,19
TXN_2026081379,2026-08-31,S04,P01,4.0,66.0,0.0,0,CUST_0391,Debit Card,13
TXN_2026081380,2026-08-22,S01,P05,1.0,38.0,5.0,1,CUST_0102,UPI,19
TXN_2026081381,2026-08-21,S04,P07,2.0,0.0,20.0,1,CUST_0498,Debit Card,18
TXN_2026081382,2026-08-06,S03,P03,1.0,45.0,0.0,0,CUST_0511,Credit Card,20
TXN_2026081383,2026-08-28,S02,P03,2.0,45.0,0.0,0,CUST_0537,Debit Card,18
TXN_2026081384,2026-08-14,S03,P08,2.0,442.0,15.0,1,CUST_0545,Cash,14
TXN_2026081385,2026-08-06,S02,P06,3.0,289.0,15.0,1,CUST_0343,UPI,8
TXN_2026081386,2026-08-01,S01,P02,2.0,275.0,0.0,0,CUST_0006,Credit Card,19
TXN_2026081387,2026-08-18,S02,P03,3.0,42.75,5.0,1,,UPI,14
TXN_2026081388,2026-08-17,S02,P05,1.0,32.0,20.0,1,,UPI,18
TXN_2026081389,2026-08-23,S02,P04,2.0,180.0,0.0,0,CUST_0473,Debit Card,10
TXN_2026081390,2026-08-28,S01,P01,1.0,66.0,0.0,0,CUST_0216,UPI,20
TXN_2026081391,2026-08-03,S04,P03,1.0,45.0,0.0,0,CUST_0349,Credit Card,15
TXN_2026081392,2026-08-23,S02,P09,2.0,175.0,0.0,0,CUST_0183,UPI,20
TXN_2026081393,2026-08-06,S01,P05,3.0,38.0,5.0,1,CUST_0168,UPI,18
TXN_2026081394,2026-08-28,S02,P10,1.0,54.0,10.0,1,CUST_0038,UPI,10
TXN_2026081395,2026-08-26,S03,P06,1.0,340.0,0.0,0,CUST_0471,UPI,17
TXN_2026081396,2026-08-17,S03,P10,1.0,51.0,15.0,1,CUST_0452,Cash,20
TXN_2026081397,2026-08-23,S02,P01,3.0,66.0,0.0,0,CUST_0490,Credit Card,19
TXN_2026081398,2026-08-10,S04,P06,1.0,340.0,0.0,0,CUST_0142,Cash,14
TXN_2026081399,2026-08-15,S01,P01,1.0,66.0,0.0,0,CUST_0103,UPI,21
TXN_2026081400,2026-08-26,S02,P05,1.0,34.0,15.0,1,CUST_0042,Debit Card,12
TXN_2026081401,2026-08-15,S04,P03,1.0,45.0,0.0,0,CUST_0147,Debit Card,13
TXN_2026081402,2026-08-12,S04,P03,,45.0,0.0,0,CUST_0066,UPI,19
TXN_2026081403,2026-08-16,S03,P08,4.0,390.0,25.0,1,CUST_0193,Debit Card,12
TXN_2026081404,2026-08-27,S04,P08,1.0,390.0,25.0,1,CUST_0298,Debit Card,16
TXN_2026081405,2026-08-11,S01,P01,1.0,66.0,0.0,0,CUST_0038,Credit Card,18
TXN_2026081406,2026-08-06,S04,P05,3.0,40.0,0.0,0,CUST_0502,Debit Card,18
TXN_2026081407,2026-08-23,S01,P03,3.0,42.75,5.0,1,CUST_0618,Credit Card,11
TXN_2026081408,2026-08-27,S01,P03,1.0,42.75,5.0,1,CUST_0428,UPI,17
TXN_2026081409,2026-08-03,S01,P07,1.0,100.0,20.0,1,CUST_0352,Credit Card,17
TXN_2026081410,2026-08-08,S02,P03,5.0,45.0,0.0,0,CUST_0326,Cash,17
TXN_2026081411,2026-08-05,S01,P10,2.0,60.0,0.0,0,CUST_0038,UPI,19
TXN_2026081412,2026-08-12,S01,P01,3.0,62.7,5.0,1,CUST_0097,UPI,11
TXN_2026081413,2026-08-15,S01,P05,1.0,38.0,5.0,1,CUST_0108,Credit Card,19
TXN_2026081414,2026-08-24,S01,P05,2.0,36.0,10.0,1,CUST_0631,Debit Card,19
TXN_2026081415,2026-08-21,S02,P02,2.0,233.75,15.0,1,CUST_0151,Debit Card,18
TXN_2026081416,2026-08-20,S02,P03,3.0,42.75,5.0,1,CUST_0074,UPI,16
TXN_2026081417,2026-08-12,S01,P07,5.0,125.0,0.0,0,,Debit Card,14
TXN_2026081418,2026-08-27,S03,P06,1.0,323.0,5.0,1,CUST_0335,Credit Card,14
TXN_2026081419,2026-08-15,S04,P03,2.0,45.0,0.0,0,CUST_0252,Credit Card,19
TXN_2026081420,2026-08-31,S03,P04,1.0,180.0,0.0,0,,Credit Card,16
TXN_2026081421,2026-08-20,S01,P01,2.0,52.8,20.0,1,CUST_0385,Debit Card,13
TXN_2026081422,2026-08-04,S03,P01,2.0,62.7,5.0,1,CUST_0456,Cash,17
TXN_2026081423,2026-08-22,S01,P03,3.0,45.0,0.0,0,CUST_0259,Credit Card,20
TXN_2026081424,2026-08-11,S01,P01,1.0,66.0,0.0,0,CUST_0465,Credit Card,9
TXN_2026081425,2026-08-22,S01,P07,1.0,125.0,0.0,0,CUST_0034,UPI,22
TXN_2026081426,2026-08-02,S04,P05,1.0,-45.0,0.0,0,CUST_0495,UPI,10
TXN_2026081427,2026-08-06,S01,P10,1.0,54.0,10.0,1,CUST_0326,Cash,16
TXN_2026081428,2026-08-28,S01,P05,1.0,38.0,5.0,1,,Credit Card,17
TXN_2026081429,2026-08-08,S01,P10,4.0,60.0,0.0,0,CUST_0616,Credit Card,11
TXN_2026081430,2026-08-27,S04,P04,1.0,180.0,0.0,0,CUST_0541,Debit Card,20
TXN_2026081431,2026-08-09,S02,P05,1.0,40.0,0.0,0,CUST_0466,UPI,15
TXN_2026081432,2026-08-21,S01,P10,3.0,60.0,0.0,0,CUST_0304,Cash,11
TXN_2026081433,2026-08-22,S02,P05,3.0,40.0,0.0,0,CUST_0117,Debit Card,18
TXN_2026081434,2026-08-16,S02,P01,1.0,56.1,15.0,1,CUST_0207,Debit Card,18
TXN_2026081435,2026-08-10,S02,P05,1.0,36.0,10.0,1,CUST_0481,UPI,21
TXN_2026081436,2026-08-07,S01,P09,1.0,131.25,25.0,1,CUST_0650,Credit Card,15
TXN_2026081437,2026-08-01,S04,P06,1.0,323.0,5.0,1,CUST_0403,UPI,12
TXN_2026081438,2026-08-10,S01,P04,2.0,171.0,5.0,1,CUST_0587,Credit Card,9
TXN_2026081439,2026-08-21,S03,P05,2.0,40.0,0.0,0,CUST_0233,Debit Card,19
TXN_2026081440,2026-08-30,S01,P10,2.0,60.0,0.0,0,CUST_0284,UPI,17
TXN_2026081441,2026-08-28,S01,P01,3.0,62.7,5.0,1,CUST_0480,Debit Card,22
TXN_2026081442,2026-08-24,S01,P05,2.0,40.0,0.0,0,CUST_0009,Credit Card,18
TXN_2026081443,2026-08-25,S02,P02,5.0,247.5,10.0,1,CUST_0379,Debit Card,21
TXN_2026081444,2026-08-22,S01,P05,3.0,40.0,0.0,0,CUST_0603,Credit Card,22
TXN_2026081445,2026-08-09,S03,P05,1.0,30.0,25.0,1,CUST_0381,UPI,14
TXN_2026081446,2026-08-29,S01,P01,1.0,66.0,0.0,0,CUST_0360,UPI,11
TXN_2026081447,2026-08-22,S02,P01,1.0,66.0,0.0,0,CUST_0176,Cash,11
TXN_2026081448,2026-08-18,S04,P05,2.0,34.0,15.0,1,,Credit Card,13
TXN_2026081449,2026-08-04,S02,P01,2.0,66.0,0.0,0,CUST_0405,UPI,16
TXN_2026081450,2026-08-15,S03,P02,1.0,233.75,15.0,1,CUST_0033,UPI,10
TXN_2026081451,2026-08-15,S02,P07,3.0,125.0,0.0,0,CUST_0465,UPI,13
TXN_2026081452,2026-08-28,S01,P03,1.0,42.75,5.0,1,CUST_0157,Cash,13
TXN_2026081453,2026-08-17,S04,P03,3.0,45.0,125.0,0,CUST_0565,Debit Card,8
TXN_2026081454,2026-08-13,S01,P10,1.0,60.0,0.0,0,CUST_0202,UPI,13
TXN_2026081455,2026-08-31,S02,P02,1.0,247.5,10.0,1,CUST_0175,UPI,10
TXN_2026081456,2026-08-04,S03,P03,1.0,45.0,0.0,0,CUST_0244,UPI,15
TXN_2026081457,2026-08-14,S01,P05,1.0,40.0,0.0,0,CUST_0269,Cash,11
TXN_2026081458,2026-08-02,S01,P06,1.0,306.0,10.0,1,CUST_0446,Credit Card,19
TXN_2026081459,2026-08-23,S02,P09,2.0,140.0,20.0,1,CUST_0074,Debit Card,9
TXN_2026081460,2026-08-29,S04,P09,1.0,175.0,0.0,0,CUST_0096,Debit Card,20
TXN_2026081461,2026-08-09,S04,P06,3.0,340.0,0.0,0,CUST_0173,Cash,17
TXN_2026081462,2026-08-28,S02,P02,1.0,247.5,10.0,1,CUST_0406,Cash,15
TXN_2026081463,2026-08-09,S02,P01,1.0,59.4,10.0,1,CUST_0155,UPI,17
TXN_2026081464,2026-08-29,S04,P03,3.0,33.75,25.0,1,CUST_0183,Digital Wallet,13
TXN_2026081465,2026-08-24,S01,P01,1.0,66.0,0.0,0,CUST_0323,Cash,11
TXN_2026081466,2026-08-26,S01,P05,2.0,38.0,5.0,1,CUST_0289,UPI,19
TXN_2026081467,2026-08-01,S03,P05,1.0,40.0,0.0,0,CUST_0258,Cash,20
TXN_2026081468,2026-08-30,S04,P01,1.0,66.0,0.0,0,CUST_0587,Debit Card,21
TXN_2026081469,2026-08-23,S04,P07,1.0,125.0,0.0,0,,Debit Card,18
TXN_2026081470,2026-08-10,S02,P02,1.0,275.0,0.0,0,CUST_0330,UPI,14
TXN_2026081471,2026-08-27,S01,P03,1.0,45.0,0.0,0,CUST_0231,Credit Card,15
TXN_2026081472,2026-08-09,S02,P05,1.0,40.0,0.0,0,CUST_0161,UPI,18
TXN_2026081473,2026-08-28,S01,P03,3.0,38.25,15.0,1,CUST_0186,Cash,19
TXN_2026081474,2026-08-04,S01,P03,1.0,40.5,10.0,1,CUST_0143,Cash,13
TXN_2026081475,2026-08-23,S03,P01,3.0,66.0,0.0,0,CUST_0282,Credit Card,20
TXN_2026081476,2026-08-17,S01,P03,1.0,38.25,15.0,1,CUST_0640,Credit Card,13
TXN_2026081477,2026-08-03,S04,P06,3.0,255.0,25.0,1,CUST_0027,Debit Card,17
TXN_2026081478,2026-08-08,S02,P09,3.0,175.0,0.0,0,CUST_0246,UPI,21
TXN_2026081479,2026-08-01,S02,P03,1.0,45.0,0.0,0,CUST_0487,Credit Card,21
TXN_2026081480,2026-08-15,S01,P03,4.0,45.0,0.0,0,CUST_0647,Debit Card,18
TXN_2026081481,2026-08-10,S01,P05,1.0,40.0,0.0,0,CUST_0202,UPI,13
TXN_2026081482,2026-08-19,S01,P10,,60.0,0.0,0,CUST_0021,UPI,12
TXN_2026081483,2026-08-10,S04,P02,2.0,275.0,0.0,0,CUST_0591,Debit Card,9
TXN_2026081484,2026-08-10,S04,P03,5.0,45.0,0.0,0,CUST_0094,UPI,18
TXN_2026081485,2026-08-24,S02,P06,3.0,340.0,0.0,0,CUST_0008,Cash,16
TXN_2026081486,2026-08-02,S01,P05,1.0,40.0,0.0,0,CUST_0472,UPI,17
TXN_2026081487,2026-08-29,S04,P01,1.0,66.0,0.0,0,CUST_0339,UPI,15
TXN_2026081488,2026-08-28,S01,P05,1.0,40.0,0.0,0,CUST_0259,Credit Card,16
TXN_2026081489,2026-08-22,S01,P01,1.0,66.0,0.0,0,CUST_0055,Debit Card,17
TXN_2026081490,2026-08-19,S02,P04,1.0,180.0,0.0,0,CUST_0548,Credit Card,20
TXN_2026081491,2026-08-28,S04,P04,1.0,153.0,15.0,1,CUST_0006,Debit Card,8
TXN_2026081492,2026-08-06,S01,P08,1.0,494.0,5.0,1,CUST_0377,Credit Card,19
TXN_2026081493,2026-08-03,S01,P03,3.0,45.0,0.0,0,CUST_0554,Debit Card,14
TXN_2026081494,2026-08-08,S04,P02,1.0,233.75,15.0,1,CUST_0050,UPI,19
TXN_2026081495,2026-08-25,S01,P02,3.0,247.5,10.0,1,CUST_0112,UPI,21
TXN_2026081496,2026-08-01,S01,P08,1.0,520.0,0.0,0,CUST_0146,UPI,13
TXN_2026081497,2026-08-19,S02,P01,5.0,66.0,0.0,0,CUST_0230,UPI,10
TXN_2026081498,2026-08-31,S04,P03,1.0,45.0,0.0,0,CUST_0497,UPI,12
TXN_2026081499,2026-08-28,S02,P01,2.0,66.0,0.0,0,CUST_0306,UPI,12
TXN_2026081500,2026-08-16,S04,P06,2.0,340.0,0.0,0,CUST_0542,Digital Wallet,19
TXN_2026081501,2026-08-02,S02,P03,2.0,45.0,0.0,0,CUST_0461,UPI,9
TXN_2026081502,2026-08-27,S01,P03,1.0,38.25,15.0,1,CUST_0628,UPI,9
TXN_2026081503,2026-08-19,S04,P03,1.0,45.0,0.0,0,CUST_0226,Cash,18
TXN_2026081504,2026-08-04,S02,P08,2.0,520.0,0.0,0,CUST_0059,UPI,17
TXN_2026081505,2026-08-03,S01,P04,1.0,180.0,0.0,0,,UPI,14
TXN_2026081506,2026-08-29,S02,P05,2.0,32.0,20.0,1,CUST_0428,Credit Card,17
TXN_2026081507,2026-08-22,S01,P09,1.0,175.0,0.0,0,,UPI,19
TXN_2026081508,2026-08-27,S01,P09,1.0,175.0,0.0,0,CUST_0498,UPI,10
TXN_2026081509,2026-08-28,S01,P03,1.0,45.0,0.0,0,CUST_0593,UPI,17
TXN_2026081510,2026-08-18,S02,P10,1.0,60.0,0.0,0,CUST_0305,Cash,19
TXN_2026081511,2026-08-16,S04,P01,3.0,66.0,0.0,0,CUST_0067,UPI,13
TXN_2026081512,2026-08-15,S02,P03,1.0,40.5,10.0,1,CUST_0230,UPI,19
TXN_2026081513,2026-08-10,S04,P09,1.0,175.0,0.0,0,CUST_0333,Credit Card,20
TXN_2026081514,2026-08-15,S01,P02,1.0,275.0,0.0,0,CUST_0277,UPI,19
TXN_2026081515,2026-08-25,S01,P02,1.0,275.0,0.0,0,CUST_0584,UPI,18
TXN_2026081516,2026-08-19,S01,P03,1.0,38.25,15.0,1,CUST_0144,Debit Card,18
TXN_2026081517,2026-08-28,S01,P05,1.0,40.0,0.0,0,CUST_0251,Cash,19
TXN_2026081518,2026-08-15,S01,P03,3.0,38.25,15.0,1,CUST_0080,Debit Card,19
TXN_2026081519,2026-08-19,S03,P05,5.0,40.0,0.0,0,CUST_0057,UPI,15
TXN_2026081520,2026-08-20,S04,P09,3.0,175.0,0.0,0,CUST_0366,Digital Wallet,11
TXN_2026081521,2026-08-19,S04,P05,1.0,36.0,10.0,1,CUST_0308,UPI,13
TXN_2026081522,2026-08-23,S01,P01,2.0,66.0,0.0,0,CUST_0174,UPI,11
TXN_2026081523,2026-08-08,S04,P09,4.0,175.0,0.0,0,CUST_0462,Credit Card,13
TXN_2026081524,2026-08-16,S01,P02,1.0,275.0,0.0,0,CUST_0596,Debit Card,16
TXN_2026081525,2026-08-03,S01,P01,2.0,66.0,0.0,0,CUST_0493,UPI,21
TXN_2026081526,2026-08-13,S04,P01,2.0,66.0,0.0,0,CUST_0560,Credit Card,21
TXN_2026081527,2026-08-16,S02,P04,2.0,180.0,0.0,0,CUST_0639,Cash,19
TXN_2026081528,2026-08-21,S01,P01,2.0,66.0,0.0,0,CUST_0374,UPI,22
TXN_2026081529,2026-08-30,S02,P01,2.0,,0.0,0,CUST_0349,Debit Card,22
TXN_2026081530,2026-08-19,S01,P03,2.0,42.75,5.0,1,CUST_0067,UPI,20
TXN_2026081531,2026-08-24,S03,P02,2.0,275.0,0.0,0,CUST_0330,UPI,9
TXN_2026081532,2026-08-16,S02,P05,1.0,38.0,5.0,1,CUST_0194,UPI,14
TXN_2026081533,2026-08-20,S04,P07,2.0,125.0,0.0,0,CUST_0155,Credit Card,17
TXN_2026081534,2026-08-02,S01,P06,1.0,306.0,10.0,1,CUST_0160,UPI,10
TXN_2026081535,2026-08-09,S01,P02,3.0,261.25,5.0,1,,Cash,19
TXN_2026081536,2026-08-12,S02,P02,1.0,261.25,5.0,1,CUST_0168,Digital Wallet,11
TXN_2026081537,2026-08-15,S02,P10,1.0,57.0,5.0,1,CUST_0145,Cash,14
TXN_2026081538,2026-08-02,S01,P01,2.0,66.0,0.0,0,CUST_0186,UPI,9
TXN_2026081539,2026-08-05,S03,P08,-5.0,-45.0,0.0,0,CUST_0423,UPI,16
TXN_2026081540,2026-08-09,S04,P01,1.0,62.7,5.0,1,CUST_0457,UPI,17
TXN_2026081541,2026-08-30,S04,P10,1.0,60.0,0.0,0,CUST_0345,Debit Card,19
TXN_2026081542,2026-08-11,S04,P03,4.0,45.0,0.0,0,CUST_0554,Digital Wallet,13
TXN_2026081543,2026-08-15,S04,P03,1.0,45.0,0.0,0,CUST_0516,Debit Card,17
TXN_2026081544,2026-08-07,S02,P05,1.0,40.0,0.0,0,CUST_0104,Credit Card,19
TXN_2026081545,2026-08-20,S04,P04,2.0,171.0,5.0,1,,UPI,19
TXN_2026081546,2026-08-09,S01,P03,2.0,45.0,0.0,0,,Cash,13
TXN_2026081547,2026-08-07,S01,P04,2.0,180.0,0.0,0,,UPI,9
TXN_2026081548,2026-08-16,S01,P05,500.0,32.0,20.0,1,CUST_0144,UPI,8
TXN_2026081549,2026-08-01,S02,P01,3.0,66.0,0.0,0,CUST_0193,Cash,19
TXN_2026081550,2026-08-01,S01,P01,3.0,66.0,0.0,0,,Credit Card,14
TXN_2026081551,2026-08-08,S04,P03,2.0,38.25,15.0,1,CUST_0375,UPI,11
TXN_2026081552,2026-08-01,S01,P01,1.0,66.0,0.0,0,CUST_0629,UPI,11
TXN_2026081553,2026-08-04,S01,P05,1.0,32.0,20.0,1,CUST_0266,UPI,19
TXN_2026081554,2026-08-11,S02,P01,2.0,66.0,0.0,0,CUST_0378,Credit Card,17
TXN_2026081555,2026-08-26,S01,P03,1.0,45.0,0.0,0,CUST_0550,UPI,16
TXN_2026081556,2026-08-18,S01,P01,1.0,66.0,0.0,0,CUST_0556,Cash,17
TXN_2026081557,2026-08-16,S01,P04,2.0,180.0,0.0,0,,UPI,11
TXN_2026081558,2026-08-10,S02,P01,3.0,52.8,20.0,1,CUST_0438,Credit Card,13
TXN_2026081559,2026-08-29,S02,P01,1.0,56.1,15.0,1,CUST_0226,UPI,13
TXN_2026081560,2026-08-13,S03,P01,2.0,62.7,5.0,1,CUST_0308,UPI,13
TXN_2026081561,2026-08-03,S03,P10,2.0,60.0,0.0,0,CUST_0348,Debit Card,20
TXN_2026081562,2026-08-20,S02,P01,1.0,56.1,15.0,1,CUST_0476,Debit Card,17
TXN_2026081563,2026-08-04,S01,P05,1.0,36.0,10.0,1,CUST_0315,UPI,18
TXN_2026081564,2026-08-11,S01,P01,1.0,66.0,0.0,0,CUST_0525,Credit Card,12
TXN_2026081565,2026-08-16,S03,P01,1.0,59.4,10.0,1,CUST_0425,Debit Card,12
TXN_2026081566,2026-08-28,S01,P04,2.0,153.0,15.0,1,CUST_0524,UPI,12
TXN_2026081567,2026-08-16,S01,P03,2.0,42.75,5.0,1,CUST_0562,UPI,18
TXN_2026081568,2026-08-23,S03,P10,1.0,60.0,0.0,0,CUST_0249,UPI,13
TXN_2026081569,2026-08-31,S02,P10,1.0,45.0,25.0,1,CUST_0631,Credit Card,14
TXN_2026081570,2026-08-04,S01,P06,2.0,340.0,0.0,0,CUST_0569,UPI,18
TXN_2026081571,2026-08-09,S01,P05,1.0,38.0,5.0,1,CUST_0182,UPI,22
TXN_2026081572,2026-08-13,S04,P03,1.0,45.0,0.0,0,CUST_0106,Credit Card,11
TXN_2026081573,2026-08-14,S04,P03,1.0,38.25,15.0,1,CUST_0191,Cash,9
TXN_2026081574,2026-08-14,S03,P10,2.0,60.0,0.0,0,CUST_0137,UPI,11
TXN_2026081575,2026-08-29,S02,P05,2.0,40.0,0.0,0,CUST_0120,UPI,19
TXN_2026081576,2026-08-23,S02,P04,5.0,180.0,0.0,0,,Credit Card,11
TXN_2026081577,2026-08-20,S04,P02,1.0,275.0,0.0,0,CUST_0131,UPI,17
TXN_2026081578,2026-08-10,S04,P01,1.0,52.8,20.0,1,CUST_0457,UPI,17
TXN_2026081579,2026-08-27,S01,P10,2.0,51.0,15.0,1,CUST_0479,Credit Card,13
TXN_2026081580,2026-08-30,S04,P03,2.0,45.0,0.0,0,CUST_0052,Cash,9
TXN_2026081581,2026-08-26,S01,P03,1.0,45.0,0.0,0,CUST_0574,Cash,14
TXN_2026081582,2026-08-01,S01,P01,1.0,66.0,0.0,0,,UPI,11
TXN_2026081583,2026-08-21,S02,P07,1.0,125.0,0.0,0,CUST_0264,Debit Card,11
TXN_2026081584,2026-08-02,S02,P01,2.0,56.1,15.0,1,,UPI,16
TXN_2026081585,2026-08-09,S04,P07,1.0,112.5,10.0,1,CUST_0351,UPI,18
TXN_2026081586,2026-08-02,S01,P01,4.0,66.0,0.0,0,CUST_0255,Cash,9
TXN_2026081587,2026-08-19,S02,P08,1.0,520.0,0.0,0,CUST_0309,Cash,17
TXN_2026081588,2026-08-22,S04,P05,1.0,38.0,5.0,1,,UPI,12
TXN_2026081589,2026-08-04,S04,P01,1.0,66.0,0.0,0,CUST_0495,UPI,18
TXN_2026081590,2026-08-13,S01,P04,1.0,180.0,0.0,0,CUST_0057,UPI,19
TXN_2026081591,2026-08-15,S01,P03,2.0,45.0,0.0,0,CUST_0403,Credit Card,19
TXN_2026081592,2026-08-12,S02,P01,2.0,66.0,0.0,0,CUST_0067,Cash,13
TXN_2026081593,2026-08-04,S01,P08,1.0,520.0,0.0,0,CUST_0046,UPI,17
TXN_2026081594,2026-08-14,S04,P03,2.0,36.0,20.0,1,,UPI,19
TXN_2026081595,2026-08-24,S04,P03,2.0,45.0,0.0,0,CUST_0650,UPI,9
TXN_2026081596,2026-08-02,S01,P01,1.0,59.4,10.0,1,CUST_0369,UPI,17
TXN_2026081597,2026-08-03,S01,P03,1.0,45.0,0.0,0,CUST_0605,Debit Card,20
TXN_2026081598,2026-08-12,S01,P08,1.0,494.0,5.0,1,,Debit Card,13
TXN_2026081599,2026-08-30,S04,P03,1.0,45.0,0.0,0,CUST_0402,UPI,15
TXN_2026081600,2026-08-22,S01,P10,1.0,60.0,0.0,0,CUST_0561,UPI,18
TXN_2026081601,2026-08-22,S02,P10,1.0,60.0,0.0,0,,UPI,9
TXN_2026081602,2026-08-12,S02,P01,1.0,62.7,5.0,1,CUST_0574,Credit Card,14
TXN_2026081603,2026-08-19,S02,P01,4.0,59.4,10.0,1,CUST_0267,UPI,13
TXN_2026081604,2026-08-01,S01,P08,1.0,416.0,20.0,1,CUST_0118,Credit Card,8
TXN_2026081605,2026-08-21,S01,P03,1.0,45.0,0.0,0,CUST_0600,UPI,11
TXN_2026081606,2026-08-29,S04,P01,2.0,66.0,0.0,0,CUST_0601,UPI,14
TXN_2026081607,2026-08-20,S04,P02,1.0,275.0,0.0,0,CUST_0055,Debit Card,11
TXN_2026081608,2026-08-28,S03,P05,1.0,40.0,0.0,0,CUST_0153,UPI,17
TXN_2026081609,2026-08-23,S01,P06,1.0,340.0,0.0,0,CUST_0239,Debit Card,15
TXN_2026081610,2026-08-04,S01,P01,4.0,56.1,15.0,1,CUST_0265,Credit Card,8
TXN_2026081611,2026-08-29,S02,P01,1.0,66.0,0.0,0,CUST_0268,Cash,12
TXN_2026081612,2026-08-02,S01,P09,3.0,148.75,15.0,1,CUST_0113,UPI,8
TXN_2026081613,2026-08-17,S04,P06,2.0,340.0,0.0,0,CUST_0166,Debit Card,13
TXN_2026081614,2026-08-05,S02,P04,2.0,180.0,0.0,0,CUST_0008,UPI,12
TXN_2026081615,2026-08-01,S01,P06,-3.0,323.0,5.0,1,CUST_0217,Cash,18
TXN_2026081616,2026-08-14,S04,P03,1.0,45.0,0.0,0,CUST_0431,Debit Card,13
TXN_2026081617,2026-08-10,S04,P06,1.0,272.0,20.0,1,CUST_0292,UPI,13
TXN_2026081618,2026-08-15,S01,P03,1.0,40.5,10.0,1,CUST_0050,UPI,18
TXN_2026081619,2026-08-18,S02,P02,1.0,261.25,5.0,1,CUST_0107,Cash,16
TXN_2026081620,2026-08-02,S01,P05,5.0,30.0,25.0,1,CUST_0009,Cash,17
TXN_2026081621,2026-08-04,S01,P03,2.0,45.0,0.0,0,CUST_0456,Cash,20
TXN_2026081622,2026-08-18,S01,P10,1.0,60.0,0.0,0,CUST_0323,Debit Card,11
TXN_2026081623,2026-08-11,S02,P03,2.0,38.25,15.0,1,CUST_0309,Debit Card,22
TXN_2026081624,2026-08-23,S04,P09,5.0,175.0,0.0,0,CUST_0622,Credit Card,20
TXN_2026081625,2026-08-21,S02,P09,4.0,175.0,0.0,0,CUST_0145,UPI,12
TXN_2026081626,2026-08-27,S01,P02,2.0,275.0,0.0,0,CUST_0412,UPI,20
TXN_2026081627,2026-08-22,S02,P06,1.0,340.0,0.0,0,CUST_0114,Credit Card,19
TXN_2026081628,2026-08-15,S01,P03,1.0,42.75,5.0,1,CUST_0575,UPI,20
TXN_2026081629,2026-08-22,S04,P09,1.0,175.0,0.0,0,CUST_0399,Credit Card,18
TXN_2026081630,2026-08-09,S02,P03,1.0,45.0,0.0,0,CUST_0275,UPI,18
TXN_2026081631,2026-08-10,S01,P06,1.0,340.0,0.0,0,CUST_0124,Credit Card,8
TXN_2026081632,2026-08-25,S01,P03,4.0,45.0,0.0,0,CUST_0086,UPI,15
TXN_2026081633,2026-08-15,S03,P02,3.0,233.75,15.0,1,CUST_0582,Credit Card,11
TXN_2026081634,2026-08-26,S01,P01,2.0,62.7,5.0,1,CUST_0047,Credit Card,13
TXN_2026081635,2026-08-27,S03,P03,2.0,45.0,0.0,0,CUST_0201,UPI,22
TXN_2026081636,2026-08-28,S01,P06,1.0,340.0,0.0,0,CUST_0276,Cash,10
TXN_2026081637,2026-08-29,S01,P05,1.0,40.0,0.0,0,CUST_0549,Credit Card,18
TXN_2026081638,2026-08-15,S02,P05,3.0,40.0,0.0,0,CUST_0130,Cash,11
TXN_2026081639,2026-08-10,S04,P02,1.0,247.5,10.0,1,CUST_0448,UPI,8
TXN_2026081640,2026-08-19,S04,P03,2.0,45.0,0.0,0,CUST_0389,UPI,16
TXN_2026081641,2026-08-12,S01,P01,1.0,66.0,0.0,0,CUST_0576,UPI,11
TXN_2026081642,2026-08-19,S01,P07,3.0,112.5,10.0,1,,UPI,21
TXN_2026081643,2026-08-23,S01,P10,2.0,54.0,10.0,1,CUST_0632,UPI,11
TXN_2026081644,2026-08-22,S02,P03,2.0,42.75,5.0,1,CUST_0278,UPI,11
TXN_2026081645,2026-08-12,S02,P01,1.0,62.7,5.0,1,CUST_0046,Cash,8
TXN_2026081646,2026-08-06,S04,P01,1.0,66.0,0.0,0,,Cash,13
TXN_2026081647,2026-08-15,S04,P05,1.0,40.0,0.0,0,CUST_0445,Cash,8
TXN_2026081648,2026-08-05,S01,P05,1.0,40.0,0.0,0,CUST_0622,Cash,16
TXN_2026081649,2026-08-28,S02,P06,3.0,340.0,0.0,0,CUST_0046,Credit Card,16
TXN_2026081650,2026-08-11,S04,P02,3.0,275.0,0.0,0,CUST_0540,Credit Card,9
TXN_2026081651,2026-08-05,S04,P06,1.0,306.0,10.0,1,CUST_0087,UPI,12
TXN_2026081652,2026-08-01,S01,P05,1.0,38.0,5.0,1,CUST_0385,UPI,20
TXN_2026081653,2026-08-21,S01,P03,2.0,45.0,0.0,0,CUST_0265,Debit Card,15
TXN_2026081654,2026-08-21,S02,P04,1.0,180.0,0.0,0,CUST_0022,Cash,15
TXN_2026081655,2026-08-11,S01,P01,1.0,62.7,5.0,1,,Debit Card,18
TXN_2026081656,2026-08-02,S01,P03,1.0,45.0,0.0,0,CUST_0232,Cash,18
TXN_2026081657,2026-08-14,S01,P08,1.0,520.0,0.0,0,CUST_0186,UPI,19
TXN_2026081658,2026-08-10,S02,P03,1.0,40.5,10.0,1,,Credit Card,19
TXN_2026081659,2026-08-22,S01,P07,1.0,125.0,0.0,0,CUST_0183,Credit Card,12
TXN_2026081660,2026-08-19,S01,P05,2.0,40.0,0.0,0,CUST_0397,Digital Wallet,9
TXN_2026081661,2026-08-12,S01,P01,2.0,66.0,0.0,0,CUST_0481,Cash,14
TXN_2026081662,2026-08-08,S04,P04,1.0,-45.0,10.0,1,CUST_0403,Credit Card,20
TXN_2026081663,2026-08-31,S04,P04,1.0,153.0,15.0,1,CUST_0463,UPI,9
TXN_2026081664,2026-08-15,S02,P03,3.0,38.25,15.0,1,CUST_0417,UPI,17
TXN_2026081665,2026-08-22,S02,P01,2.0,66.0,0.0,0,CUST_0202,UPI,18
TXN_2026081666,2026-08-05,S04,P03,1.0,40.5,10.0,1,,Cash,16
TXN_2026081667,2026-08-15,S01,P01,1.0,56.1,15.0,1,CUST_0555,UPI,12
TXN_2026081668,2026-08-01,S01,P01,1.0,66.0,0.0,0,CUST_0017,UPI,13
TXN_2026081669,2026-08-16,S01,P03,1.0,45.0,0.0,0,CUST_0183,UPI,9
TXN_2026081670,2026-08-30,S01,P03,5.0,40.5,10.0,1,CUST_0391,Cash,12
TXN_2026081671,2026-08-13,S01,P09,1.0,148.75,15.0,1,CUST_0044,Credit Card,9
TXN_2026081672,2026-08-01,S04,P03,2.0,33.75,25.0,1,CUST_0482,Credit Card,18
TXN_2026081673,2026-08-01,S02,P06,1.0,340.0,0.0,0,CUST_0263,UPI,20
TXN_2026081674,2026-08-13,S02,P04,4.0,144.0,20.0,1,CUST_0174,UPI,18
TXN_2026081675,2026-08-05,S04,P05,1.0,40.0,0.0,0,CUST_0441,UPI,18
TXN_2026081676,2026-08-01,S01,P02,1.0,275.0,0.0,0,CUST_0566,Debit Card,15
TXN_2026081677,2026-08-24,S01,P10,2.0,45.0,25.0,1,CUST_0220,Cash,11
TXN_2026081678,2026-08-15,S02,P04,2.0,153.0,15.0,1,CUST_0558,Credit Card,8
TXN_2026081679,2026-08-09,S02,P07,1.0,118.75,5.0,1,CUST_0394,UPI,13
TXN_2026081680,2026-08-29,S01,P03,1.0,38.25,15.0,1,CUST_0195,Debit Card,19
TXN_2026081681,2026-08-04,S02,P01,1.0,62.7,5.0,1,CUST_0409,Debit Card,21
TXN_2026081682,2026-08-30,S02,P05,1.0,40.0,0.0,0,CUST_0471,UPI,15
TXN_2026081683,2026-08-10,S03,P01,2.0,52.8,20.0,1,CUST_0347,UPI,13
TXN_2026081684,2026-08-28,S02,P03,2.0,36.0,20.0,1,CUST_0462,Debit Card,15
TXN_2026081685,2026-08-19,S01,P01,1.0,66.0,0.0,0,CUST_0061,Credit Card,14
TXN_2026081686,2026-08-27,S01,P05,2.0,40.0,0.0,0,CUST_0166,Digital Wallet,17
TXN_2026081687,2026-08-31,S02,P10,3.0,60.0,0.0,0,CUST_0151,Cash,19
TXN_2026081688,2026-08-09,S01,P03,2.0,40.5,10.0,1,CUST_0111,UPI,19
TXN_2026081689,2026-08-30,S04,P07,1.0,112.5,10.0,1,CUST_0488,Debit Card,18
TXN_2026081690,2026-08-13,S02,P04,1.0,135.0,25.0,1,CUST_0549,,15
TXN_2026081691,2026-08-13,S01,P03,1.0,45.0,0.0,0,CUST_0003,Debit Card,21
TXN_2026081692,2026-08-11,S03,P09,1.0,157.5,10.0,1,CUST_0483,Credit Card,18
TXN_2026081693,2026-08-17,S02,P08,,442.0,15.0,1,CUST_0013,Credit Card,14
TXN_2026081694,2026-08-05,S01,P06,1.0,340.0,0.0,0,,Cash,15
TXN_2026081695,2026-08-18,S04,P02,1.0,261.25,5.0,1,CUST_0344,Debit Card,19
TXN_2026081696,2026-08-17,S04,P04,1.0,180.0,0.0,0,CUST_0449,Cash,15
TXN_2026081697,2026-08-24,S02,P02,1.0,247.5,10.0,1,CUST_0332,UPI,16
TXN_2026081698,2026-08-27,S01,P03,1.0,42.75,5.0,1,CUST_0264,UPI,12
TXN_2026081699,2026-08-15,S02,P03,1.0,40.5,10.0,1,CUST_0083,Credit Card,20
TXN_2026081700,2026-08-10,S03,P07,1.0,125.0,0.0,0,CUST_0334,Digital Wallet,16
TXN_2026081701,2026-08-09,S01,P09,1.0,175.0,0.0,0,CUST_0380,UPI,17
TXN_2026081702,2026-08-07,S01,P03,3.0,40.5,10.0,1,,UPI,20
TXN_2026081703,2026-08-02,S04,P01,2.0,66.0,0.0,0,,Credit Card,20
TXN_2026081704,2026-08-11,S01,P08,1.0,520.0,0.0,0,CUST_0089,Credit Card,19
TXN_2026081705,2026-08-09,S03,P01,3.0,66.0,0.0,0,CUST_0333,Debit Card,9
TXN_2026081706,2026-08-30,S02,P05,1.0,40.0,0.0,0,CUST_0310,Debit Card,15
TXN_2026081707,2026-08-18,S02,P01,2.0,59.4,10.0,1,CUST_0420,Digital Wallet,13
TXN_2026081708,2026-08-11,S01,P03,1.0,40.5,10.0,1,CUST_0609,Debit Card,12
TXN_2026081709,2026-08-19,S04,P10,3.0,57.0,5.0,1,CUST_0354,UPI,20
TXN_2026081710,2026-08-05,S01,P01,1.0,59.4,10.0,1,CUST_0100,Credit Card,20
TXN_2026081711,2026-08-15,S02,P03,1.0,45.0,0.0,0,CUST_0145,Debit Card,15
TXN_2026081712,2026-08-20,S02,P03,1.0,45.0,0.0,0,CUST_0010,Digital Wallet,11
TXN_2026081713,2026-08-16,S03,P09,-2.0,148.75,15.0,1,CUST_0044,UPI,8
TXN_2026081714,2026-08-13,S04,P08,1.0,520.0,0.0,0,CUST_0386,UPI,15
TXN_2026081715,2026-08-31,S02,P02,1.0,275.0,0.0,0,CUST_0495,UPI,8
TXN_2026081716,2026-08-28,S01,P01,1.0,59.4,10.0,1,CUST_0493,Credit Card,17
TXN_2026081717,2026-08-20,S04,P05,2.0,40.0,0.0,0,CUST_0169,UPI,17
TXN_2026081718,2026-08-18,S02,P03,1.0,45.0,0.0,0,CUST_0642,Credit Card,20
TXN_2026081719,2026-08-20,S01,P05,2.0,40.0,0.0,0,CUST_0531,Debit Card,11
TXN_2026081720,2026-08-07,S01,P01,1.0,49.5,25.0,1,CUST_0336,UPI,13
TXN_2026081721,2026-08-13,S04,P01,1.0,66.0,0.0,0,CUST_0513,Credit Card,20
TXN_2026081722,2026-08-02,S01,P05,1.0,40.0,0.0,0,CUST_0130,Cash,15
TXN_2026081723,2026-08-15,S02,P01,1.0,59.4,10.0,1,CUST_0539,Credit Card,9
TXN_2026081724,2026-08-17,S02,P08,3.0,442.0,15.0,1,,UPI,25
TXN_2026081725,2026-08-08,S01,P01,2.0,66.0,0.0,0,CUST_0250,UPI,19
TXN_2026081726,2026-08-30,S02,P01,5.0,66.0,0.0,0,CUST_0138,Credit Card,19
TXN_2026081727,2026-08-29,S01,P10,2.0,60.0,0.0,0,CUST_0275,UPI,20
TXN_2026081728,2026-08-23,S02,P03,1.0,45.0,0.0,0,CUST_0464,Credit Card,10
TXN_2026081729,2026-08-17,S02,P05,2.0,38.0,5.0,1,CUST_0141,Digital Wallet,19
TXN_2026081730,2026-08-28,S02,P01,2.0,66.0,0.0,0,CUST_0256,Credit Card,18
TXN_2026081731,2026-08-04,S03,P05,1.0,40.0,0.0,0,CUST_0456,UPI,12
TXN_2026081732,2026-08-25,S04,P05,1.0,38.0,5.0,1,CUST_0434,UPI,22
TXN_2026081733,2026-08-04,S03,P03,1.0,42.75,5.0,1,CUST_0607,Cash,17
TXN_2026081734,2026-08-25,S01,P07,1.0,106.25,15.0,1,CUST_0173,Cash,20
TXN_2026081735,2026-08-09,S01,P05,1.0,38.0,5.0,1,CUST_0473,Credit Card,20
TXN_2026081736,2026-08-28,S02,P03,4.0,45.0,0.0,0,CUST_0423,UPI,13
TXN_2026081737,2026-08-30,S04,P04,3.0,162.0,10.0,1,CUST_0439,Debit Card,17
TXN_2026081738,2026-08-05,S04,P04,2.0,180.0,0.0,0,CUST_0057,UPI,15
TXN_2026081739,2026-08-15,S04,P01,1.0,66.0,0.0,0,CUST_0498,UPI,18
TXN_2026081740,2026-08-31,S01,P03,1.0,40.5,10.0,1,CUST_0614,UPI,17
TXN_2026081741,2026-08-15,S02,P03,1.0,45.0,0.0,0,CUST_0169,UPI,19
TXN_2026081742,2026-08-28,S02,P03,1.0,45.0,0.0,0,CUST_0582,UPI,8
TXN_2026081743,2026-08-19,S01,P06,2.0,289.0,15.0,1,CUST_0561,UPI,18
TXN_2026081744,2026-08-13,S01,P03,3.0,42.75,5.0,1,CUST_0428,UPI,13
TXN_2026081745,2026-08-09,S04,P10,1.0,54.0,10.0,1,CUST_0419,Credit Card,12
TXN_2026081746,2026-08-07,S01,P02,1.0,247.5,10.0,1,CUST_0347,Credit Card,19
TXN_2026081747,2026-08-24,S01,P03,1.0,45.0,0.0,0,CUST_0517,UPI,10
TXN_2026081748,2026-08-13,S01,P06,1.0,323.0,5.0,1,CUST_0455,Cash,12
TXN_2026081749,2026-08-16,S04,P04,1.0,144.0,20.0,1,CUST_0202,UPI,11
TXN_2026081750,2026-08-16,S02,P04,3.0,180.0,0.0,0,CUST_0179,UPI,14
TXN_2026081751,2026-08-18,S02,P01,5.0,59.4,10.0,1,CUST_0057,UPI,13
TXN_2026081752,2026-08-28,S04,P03,3.0,42.75,5.0,1,CUST_0604,Debit Card,18
TXN_2026081753,2026-08-31,S01,P02,3.0,275.0,0.0,0,CUST_0501,UPI,18
TXN_2026081754,2026-08-14,S02,P10,5.0,60.0,0.0,0,CUST_0112,UPI,13
TXN_2026081755,2026-08-27,S01,P03,3.0,45.0,0.0,0,CUST_0148,Credit Card,15
TXN_2026081756,2026-08-24,S01,P08,2.0,520.0,0.0,0,CUST_0378,Credit Card,11
TXN_2026081757,2026-08-18,S04,P05,1.0,40.0,0.0,0,CUST_0348,Debit Card,18
TXN_2026081758,2026-08-30,S03,P03,1.0,36.0,20.0,1,CUST_0358,Debit Card,14
TXN_2026081759,2026-08-07,S01,P04,1.0,180.0,0.0,0,,Cash,11
TXN_2026081760,2026-08-04,S01,P07,1.0,125.0,0.0,0,CUST_0316,UPI,11
TXN_2026081761,2026-08-28,S02,P08,2.0,520.0,0.0,0,CUST_0185,UPI,13
TXN_2026081762,2026-08-15,S01,P01,1.0,52.8,20.0,1,CUST_0054,Digital Wallet,19
TXN_2026081763,2026-08-27,S01,P03,1.0,45.0,0.0,0,CUST_0037,Credit Card,8
TXN_2026081764,2026-08-28,S01,P03,1.0,40.5,10.0,1,CUST_0270,Debit Card,12
TXN_2026081765,2026-08-02,S01,P01,1.0,59.4,10.0,1,CUST_0508,UPI,11
TXN_2026081766,2026-08-28,S04,P05,1.0,38.0,5.0,1,CUST_0228,UPI,21
TXN_2026081767,2026-08-15,S01,P08,-2.0,520.0,0.0,0,CUST_0428,UPI,18
TXN_2026081768,2026-08-16,S01,P03,1.0,45.0,0.0,0,,UPI,12
TXN_2026081769,2026-08-20,S02,P06,1.0,340.0,0.0,0,CUST_0023,UPI,11
TXN_2026081770,2026-08-29,S04,P05,1.0,40.0,0.0,0,CUST_0503,Credit Card,20
TXN_2026081771,2026-08-01,S01,P03,1.0,45.0,0.0,0,,Credit Card,11
TXN_2026081772,2026-08-15,S01,P01,2.0,62.7,5.0,1,CUST_0496,UPI,22
TXN_2026081773,2026-08-22,S01,P05,1.0,40.0,0.0,0,CUST_0425,UPI,12
TXN_2026081774,2026-08-23,S03,P08,1.0,520.0,0.0,0,CUST_0018,UPI,10
TXN_2026081775,2026-08-22,S02,P05,2.0,36.0,10.0,1,CUST_0445,UPI,18
TXN_2026081776,2026-08-05,S04,P01,1.0,66.0,0.0,0,CUST_0561,UPI,17
TXN_2026081777,2026-08-10,S04,P01,1.0,66.0,0.0,0,CUST_0559,UPI,22
TXN_2026081778,2026-08-12,S03,P01,4.0,49.5,25.0,1,CUST_0627,UPI,19
TXN_2026081779,2026-08-26,S02,P04,1.0,180.0,0.0,0,CUST_0039,Debit Card,15
TXN_2026081780,2026-08-09,S02,P06,1.0,340.0,0.0,0,CUST_0210,UPI,18
TXN_2026081781,2026-08-07,S01,P01,-2.0,66.0,0.0,0,CUST_0211,Debit Card,19
TXN_2026081782,2026-08-30,S04,P07,4.0,106.25,15.0,1,CUST_0565,Cash,16
TXN_2026081783,2026-08-01,S01,P04,1.0,171.0,5.0,1,CUST_0281,Credit Card,12
TXN_2026081784,2026-08-31,S01,P05,2.0,40.0,0.0,0,CUST_0133,UPI,12
TXN_2026081785,2026-08-22,S02,P10,3.0,57.0,5.0,1,CUST_0449,Credit Card,13
TXN_2026081786,2026-08-27,S01,P01,1.0,66.0,0.0,0,CUST_0264,Credit Card,20
TXN_2026081787,2026-08-10,S02,P09,2.0,175.0,0.0,0,CUST_0111,Digital Wallet,14
TXN_2026081788,2026-08-01,S02,P01,1.0,62.7,5.0,1,CUST_0555,Cash,12
TXN_2026081789,2026-08-23,S02,P03,2.0,45.0,0.0,0,CUST_0238,UPI,19
TXN_2026081790,2026-08-27,S04,P08,2.0,520.0,0.0,0,CUST_0457,Credit Card,8
TXN_2026081791,2026-08-23,S01,P09,1.0,175.0,0.0,0,CUST_0516,Cash,17
TXN_2026081792,2026-08-05,S02,P04,3.0,153.0,15.0,1,CUST_0173,Cash,20
TXN_2026081793,2026-08-24,S02,P05,2.0,30.0,25.0,1,CUST_0193,Credit Card,14
TXN_2026081794,2026-08-25,S02,P05,3.0,38.0,5.0,1,CUST_0515,UPI,12
TXN_2026081795,2026-08-21,S03,P07,1.0,106.25,15.0,1,CUST_0568,UPI,16
TXN_2026081796,2026-08-24,S01,P01,1.0,62.7,5.0,1,CUST_0409,Credit Card,18
TXN_2026081797,2026-08-27,S02,P07,2.0,106.25,15.0,1,CUST_0628,Debit Card,16
TXN_2026081798,2026-08-20,S01,P03,1.0,45.0,0.0,0,CUST_0084,Digital Wallet,8
TXN_2026081799,2026-08-03,S04,P03,1.0,42.75,5.0,1,CUST_0080,Cash,9
TXN_2026081800,2026-08-16,S01,P03,2.0,38.25,15.0,1,CUST_0578,UPI,18
TXN_2026081801,2026-08-02,S03,P04,1.0,153.0,15.0,1,,Debit Card,14
TXN_2026081802,2026-08-14,S01,P10,1.0,60.0,0.0,0,CUST_0522,UPI,19
TXN_2026081803,2026-08-14,S01,P04,1.0,180.0,0.0,0,CUST_0199,Debit Card,18
TXN_2026081804,2026-08-02,S02,P10,1.0,48.0,20.0,1,CUST_0571,Credit Card,17
TXN_2026081805,2026-08-12,S04,P01,1.0,62.7,5.0,1,CUST_0234,UPI,20
TXN_2026081806,2026-08-04,S02,P05,1.0,30.0,25.0,1,,UPI,8
TXN_2026081807,2026-08-26,S04,P07,1.0,112.5,10.0,1,CUST_0393,UPI,11
TXN_2026081808,2026-08-30,S02,P05,3.0,36.0,10.0,1,CUST_0566,UPI,17
TXN_2026081809,2026-08-02,S02,P05,1.0,40.0,0.0,0,CUST_0446,Cash,9
TXN_2026081810,2026-08-30,S01,P04,2.0,180.0,0.0,0,CUST_0393,UPI,18
TXN_2026081811,2026-08-16,S04,P08,1.0,494.0,5.0,1,CUST_0009,UPI,22
TXN_2026081812,2026-08-10,S01,P07,2.0,106.25,15.0,1,CUST_0613,,20
TXN_2026081813,2026-08-02,S04,P01,5.0,59.4,10.0,1,CUST_0153,Cash,17
TXN_2026081814,2026-08-16,S04,P07,2.0,125.0,0.0,0,CUST_0110,UPI,20
TXN_2026081815,2026-08-25,S04,P03,2.0,40.5,10.0,1,CUST_0266,UPI,10
TXN_2026081816,2026-08-23,S02,P02,1.0,261.25,5.0,1,CUST_0373,Debit Card,15
TXN_2026081817,2026-08-02,S02,P08,1.0,442.0,15.0,1,CUST_0152,UPI,15
TXN_2026081818,2026-08-02,S03,P03,3.0,45.0,0.0,0,CUST_0595,UPI,13
TXN_2026081819,2026-08-14,S01,P07,3.0,125.0,0.0,0,,Debit Card,8
TXN_2026081820,2026-08-10,S02,P02,1.0,275.0,0.0,0,CUST_0646,UPI,20
TXN_2026081821,2026-08-08,S01,P01,3.0,66.0,0.0,0,CUST_0326,Cash,19
TXN_2026081822,2026-08-09,S02,P03,1.0,33.75,25.0,1,CUST_0551,Credit Card,18
TXN_2026081823,2026-08-26,S01,P01,2.0,66.0,0.0,0,CUST_0176,Credit Card,11
TXN_2026081824,2026-08-29,S01,P06,1.0,272.0,20.0,1,CUST_0525,UPI,14
TXN_2026081825,2026-08-14,S01,P02,2.0,220.0,20.0,1,,Cash,20
TXN_2026081826,2026-08-29,S02,P03,1.0,45.0,0.0,0,CUST_0067,Credit Card,17
TXN_2026081827,2026-08-11,S02,P01,4.0,56.1,15.0,1,CUST_0553,,17
TXN_2026081828,2026-08-15,S01,P02,2.0,275.0,0.0,0,CUST_0184,UPI,20
TXN_2026081829,2026-08-08,S02,P06,1.0,306.0,10.0,1,CUST_0035,Credit Card,17
TXN_2026081830,2026-08-21,S01,P01,2.0,66.0,0.0,0,CUST_0505,Debit Card,17
TXN_2026081831,2026-08-31,S02,P05,2.0,32.0,20.0,1,CUST_0076,Cash,13
TXN_2026081832,2026-08-19,S02,P09,1.0,166.25,5.0,1,CUST_0472,Credit Card,13
TXN_2026081833,2026-08-12,S02,P05,1.0,34.0,15.0,1,CUST_0582,Credit Card,18
TXN_2026081834,2026-08-21,S03,P07,1.0,118.75,5.0,1,CUST_0523,UPI,13
TXN_2026081835,2026-08-04,S01,P01,1.0,66.0,0.0,0,CUST_0283,Debit Card,17
TXN_2026081836,2026-08-28,S03,P02,1.0,275.0,0.0,0,CUST_0536,Digital Wallet,12
TXN_2026081837,2026-08-16,S02,P09,1.0,175.0,0.0,0,CUST_0274,Credit Card,11
TXN_2026081838,2026-08-15,S02,P05,1.0,40.0,0.0,0,CUST_0539,UPI,15
TXN_2026081839,2026-08-19,S02,P05,1.0,34.0,15.0,1,CUST_0054,UPI,12
TXN_2026081840,2026-08-20,S01,P05,5.0,40.0,0.0,0,CUST_0055,UPI,20
TXN_2026081841,2026-08-02,S02,P03,2.0,33.75,25.0,1,CUST_0277,Credit Card,13
TXN_2026081842,2026-08-22,S02,P01,2.0,56.1,15.0,1,CUST_0443,Cash,17
TXN_2026081843,2026-08-08,S01,P06,1.0,340.0,0.0,0,CUST_0418,UPI,12
TXN_2026081844,2026-08-23,S01,P05,1.0,40.0,0.0,0,CUST_0632,UPI,12
TXN_2026081845,2026-08-27,S01,P03,1.0,36.0,20.0,1,,Credit Card,13
TXN_2026081846,2026-08-26,S04,P09,2.0,175.0,0.0,0,CUST_0570,Cash,20
TXN_2026081847,2026-08-17,S03,P03,1.0,45.0,0.0,0,CUST_0255,UPI,14
TXN_2026081848,2026-08-16,S01,P02,1.0,275.0,0.0,0,CUST_0176,UPI,19
TXN_2026081849,2026-08-05,S01,P08,3.0,416.0,20.0,1,CUST_0566,UPI,11
TXN_2026081850,2026-08-25,S02,P06,1.0,323.0,5.0,1,CUST_0146,Credit Card,9
TXN_2026081851,2026-08-09,S04,P04,3.0,180.0,0.0,0,CUST_0385,Debit Card,19
TXN_2026081852,2026-08-16,S01,P01,3.0,66.0,0.0,0,CUST_0262,UPI,17
TXN_2026081853,2026-08-09,S01,P01,1.0,66.0,0.0,0,CUST_0531,Credit Card,16
TXN_2026081854,2026-08-05,S04,P05,4.0,40.0,0.0,0,,Credit Card,12
TXN_2026081855,2026-08-20,S01,P03,1.0,38.25,15.0,1,CUST_0197,Credit Card,9
TXN_2026081856,2026-08-02,S01,P07,4.0,125.0,0.0,0,CUST_0585,UPI,16
TXN_2026081857,2026-08-24,S04,P10,1.0,54.0,10.0,1,CUST_0597,Cash,20
TXN_2026081858,2026-08-10,S02,P07,2.0,125.0,0.0,0,CUST_0284,Credit Card,10
TXN_2026081859,2026-08-01,S01,P03,75.0,45.0,0.0,0,CUST_0302,Debit Card,20
TXN_2026081860,2026-08-16,S01,P06,1.0,340.0,0.0,0,CUST_0132,Credit Card,12
TXN_2026081861,2026-08-02,S01,P03,2.0,40.5,10.0,1,CUST_0120,Digital Wallet,17
TXN_2026081862,2026-08-09,S01,P01,4.0,59.4,10.0,1,CUST_0136,Credit Card,9
TXN_2026081863,2026-08-23,S04,P01,3.0,66.0,0.0,0,CUST_0628,UPI,14
TXN_2026081864,2026-08-02,S02,P03,2.0,45.0,0.0,0,CUST_0573,UPI,10
TXN_2026081865,2026-08-27,S03,P09,2.0,157.5,10.0,1,CUST_0529,UPI,9
TXN_2026081866,2026-08-01,S04,P02,1.0,275.0,0.0,0,CUST_0034,UPI,22
TXN_2026081867,2026-08-08,S02,P01,3.0,66.0,0.0,0,CUST_0532,Digital Wallet,18
TXN_2026081868,2026-08-24,S01,P10,2.0,60.0,0.0,0,,Cash,18
TXN_2026081869,2026-08-10,S02,P01,3.0,66.0,0.0,0,CUST_0299,UPI,10
TXN_2026081870,2026-08-03,S04,P06,2.0,323.0,5.0,1,CUST_0522,UPI,20
TXN_2026081871,2026-08-12,S04,P03,,45.0,0.0,0,CUST_0094,UPI,15
TXN_2026081872,2026-08-09,S01,P01,1.0,66.0,0.0,0,CUST_0414,Cash,20
TXN_2026081873,2026-08-27,S03,P09,1.0,175.0,0.0,0,CUST_0371,UPI,8
TXN_2026081874,2026-08-10,S02,P01,2.0,56.1,15.0,1,CUST_0409,Credit Card,13
TXN_2026081875,2026-08-25,S04,P04,1.0,180.0,0.0,0,CUST_0383,Cash,22
TXN_2026081876,2026-08-28,S01,P02,2.0,275.0,0.0,0,CUST_0441,UPI,14
TXN_2026081877,2026-08-15,S02,P01,1.0,66.0,0.0,0,CUST_0447,Debit Card,20
TXN_2026081878,2026-08-29,S04,P01,1.0,56.1,15.0,1,CUST_0619,UPI,13
TXN_2026081879,2026-08-13,S02,P01,1.0,66.0,0.0,0,CUST_0617,Debit Card,16
TXN_2026081880,2026-08-30,S02,P01,1.0,59.4,10.0,1,CUST_0071,UPI,20
TXN_2026081881,2026-08-03,S01,P06,1.0,323.0,5.0,1,CUST_0084,UPI,17
TXN_2026081882,2026-08-22,S01,P03,2.0,38.25,15.0,1,CUST_0209,Digital Wallet,18
TXN_2026081883,2026-08-16,S01,P03,1.0,42.75,5.0,1,CUST_0259,Credit Card,12
TXN_2026081884,2026-08-13,S04,P03,1.0,42.75,5.0,1,CUST_0239,UPI,11
TXN_2026081885,2026-08-20,S01,P09,4.0,157.5,10.0,1,CUST_0302,UPI,12
TXN_2026081886,2026-08-23,S02,P09,1.0,166.25,5.0,1,CUST_0232,UPI,16
TXN_2026081887,2026-08-01,S02,P05,3.0,34.0,15.0,1,CUST_0282,Debit Card,19
TXN_2026081888,2026-08-06,S01,P08,4.0,520.0,0.0,0,CUST_0394,UPI,13
TXN_2026081889,2026-08-23,S02,P03,1.0,45.0,0.0,0,CUST_0418,Cash,17
TXN_2026081890,2026-08-22,S03,P03,1.0,40.5,10.0,1,CUST_0206,UPI,19
TXN_2026081891,2026-08-30,S04,P05,1.0,34.0,15.0,1,CUST_0264,UPI,12
TXN_2026081892,2026-08-24,S02,P05,1.0,34.0,15.0,1,CUST_0311,Debit Card,20
TXN_2026081893,2026-08-30,S02,P03,1.0,42.75,5.0,1,CUST_0626,Credit Card,21
TXN_2026081894,2026-08-23,S01,P03,1.0,33.75,25.0,1,CUST_0079,Cash,8
TXN_2026081895,2026-08-10,S04,P10,,60.0,0.0,0,CUST_0342,Credit Card,9
TXN_2026081896,2026-08-03,S01,P07,2.0,125.0,0.0,0,CUST_0562,UPI,10
TXN_2026081897,2026-08-25,S03,P03,1.0,45.0,0.0,0,CUST_0095,Credit Card,19
TXN_2026081898,2026-08-21,S01,P05,2.0,30.0,25.0,1,CUST_0351,UPI,11
TXN_2026081899,2026-08-02,S04,P02,2.0,275.0,0.0,0,CUST_0062,UPI,18
TXN_2026081900,2026-08-12,S03,P01,1.0,59.4,10.0,1,,UPI,15
TXN_2026081901,2026-08-30,S03,P03,1.0,45.0,0.0,0,CUST_0111,Credit Card,20
TXN_2026081902,2026-08-16,S01,P03,1.0,45.0,0.0,0,CUST_0616,UPI,19
TXN_2026081903,2026-08-15,S02,P01,2.0,62.7,5.0,1,CUST_0527,UPI,21
TXN_2026081904,2026-08-15,S02,P07,1.0,125.0,0.0,0,CUST_0157,UPI,12
TXN_2026081905,2026-08-07,S03,P03,2.0,45.0,0.0,0,CUST_0539,UPI,12
TXN_2026081906,2026-08-12,S01,P04,2.0,180.0,0.0,0,CUST_0597,UPI,8
TXN_2026081907,2026-08-12,S04,P01,2.0,66.0,0.0,0,CUST_0009,UPI,14
TXN_2026081908,2026-08-02,S04,P01,1.0,66.0,0.0,0,CUST_0276,UPI,15
TXN_2026081909,2026-08-24,S01,P08,1.0,520.0,0.0,0,CUST_0227,UPI,21
TXN_2026081910,2026-08-14,S04,P05,1.0,38.0,5.0,1,CUST_0186,UPI,19
TXN_2026081911,2026-08-27,S02,P10,1.0,60.0,0.0,0,CUST_0591,Cash,11
TXN_2026081912,2026-08-28,S02,P10,1.0,60.0,0.0,0,CUST_0216,Debit Card,19
TXN_2026081913,2026-08-07,S01,P03,2.0,45.0,0.0,0,CUST_0433,Credit Card,11
TXN_2026081914,2026-08-21,S02,P02,5.0,275.0,0.0,0,CUST_0569,Cash,9
TXN_2026081915,2026-08-15,S03,P08,1.0,520.0,0.0,0,CUST_0356,UPI,20
TXN_2026081916,2026-08-28,S02,P10,1.0,54.0,10.0,1,CUST_0392,UPI,22
TXN_2026081917,2026-08-08,S02,P05,1.0,38.0,5.0,1,CUST_0579,Cash,10
TXN_2026081918,2026-08-22,S03,P06,2.0,272.0,20.0,1,CUST_0275,Credit Card,19
TXN_2026081919,2026-08-20,S03,P06,1.0,272.0,20.0,1,CUST_0494,Digital Wallet,20
TXN_2026081920,2026-08-10,S01,P03,1.0,40.5,10.0,1,CUST_0617,Cash,10
TXN_2026081921,2026-08-05,S04,P04,1.0,162.0,10.0,1,CUST_0451,UPI,12
TXN_2026081922,2026-08-21,S02,P07,2.0,118.75,5.0,1,CUST_0420,Digital Wallet,19
TXN_2026081923,2026-08-23,S01,P05,1.0,38.0,5.0,1,CUST_0164,Cash,19
TXN_2026081924,2026-08-10,S01,P01,1.0,62.7,5.0,1,CUST_0563,UPI,13
TXN_2026081925,2026-08-21,S02,P03,1.0,45.0,0.0,0,CUST_0638,Digital Wallet,11
TXN_2026081926,2026-08-13,S04,P01,1.0,66.0,0.0,0,CUST_0592,,18
TXN_2026081927,2026-08-23,S01,P02,1.0,261.25,5.0,1,CUST_0183,Credit Card,18
TXN_2026081928,2026-08-07,S03,P09,3.0,157.5,10.0,1,CUST_0310,UPI,16
TXN_2026081929,2026-08-28,S01,P01,3.0,66.0,0.0,0,CUST_0017,UPI,11
TXN_2026081930,2026-08-09,S02,P01,1.0,66.0,0.0,0,,Credit Card,20
TXN_2026081931,2026-08-12,S04,P03,2.0,45.0,0.0,0,CUST_0170,UPI,18
TXN_2026081932,2026-08-02,S03,P05,1.0,32.0,20.0,1,CUST_0280,Credit Card,20
TXN_2026081933,2026-08-04,S01,P04,4.0,180.0,0.0,0,CUST_0340,Credit Card,21
TXN_2026081934,2026-08-16,S02,P01,3.0,62.7,5.0,1,CUST_0519,UPI,19
TXN_2026081935,2026-08-09,S01,P01,1.0,49.5,25.0,1,CUST_0011,UPI,21
TXN_2026081936,2026-08-27,S02,P02,1.0,275.0,0.0,0,CUST_0524,Credit Card,21
TXN_2026081937,2026-08-01,S03,P04,1.0,153.0,15.0,1,CUST_0622,Cash,17
TXN_2026081938,2026-08-13,S03,P02,2.0,233.75,15.0,1,CUST_0133,Credit Card,18
TXN_2026081939,2026-08-11,S01,P10,4.0,60.0,0.0,0,CUST_0640,Credit Card,18
TXN_2026081940,2026-08-01,S04,P03,1.0,45.0,0.0,0,CUST_0148,Credit Card,17
TXN_2026081941,2026-08-04,S02,P01,2.0,66.0,0.0,0,CUST_0566,UPI,8
TXN_2026081942,2026-08-14,S01,P05,2.0,40.0,0.0,0,,Credit Card,13
TXN_2026081943,2026-08-16,S02,P03,1.0,36.0,20.0,1,CUST_0346,Digital Wallet,10
TXN_2026081944,2026-08-14,S02,P05,1.0,40.0,0.0,0,CUST_0609,Debit Card,13
TXN_2026081945,2026-08-17,S02,P02,1.0,220.0,20.0,1,CUST_0249,UPI,9
TXN_2026081946,2026-08-19,S02,P04,2.0,0.0,0.0,0,CUST_0639,Credit Card,20
TXN_2026081947,2026-08-01,S02,P06,2.0,272.0,20.0,1,CUST_0542,Credit Card,15
TXN_2026081948,2026-08-15,S01,P09,5.0,175.0,0.0,0,CUST_0024,Credit Card,11
TXN_2026081949,2026-08-30,S04,P02,4.0,261.25,5.0,1,CUST_0471,Credit Card,17
TXN_2026081950,2026-08-16,S02,P03,1.0,45.0,0.0,0,CUST_0201,Debit Card,11
TXN_2026081951,2026-08-22,S01,P03,1.0,45.0,0.0,0,CUST_0131,UPI,19
TXN_2026081952,2026-08-10,S03,P09,2.0,175.0,0.0,0,CUST_0634,UPI,13
TXN_2026081953,2026-08-25,S04,P09,2.0,175.0,0.0,0,CUST_0356,Cash,13
TXN_2026081954,2026-08-25,S04,P01,2.0,66.0,0.0,0,CUST_0150,UPI,20
TXN_2026081955,2026-08-16,S01,P01,1.0,62.7,5.0,1,CUST_0526,Digital Wallet,17
TXN_2026081956,2026-08-31,S01,P03,3.0,45.0,0.0,0,CUST_0304,UPI,20
TXN_2026081957,2026-08-04,S02,P01,1.0,59.4,10.0,1,CUST_0541,UPI,14
TXN_2026081958,2026-08-01,S01,P03,1.0,42.75,5.0,1,CUST_0050,Credit Card,13
TXN_2026081959,2026-08-25,S04,P01,1.0,59.4,10.0,1,CUST_0464,Debit Card,16
TXN_2026081960,2026-08-26,S01,P05,3.0,34.0,15.0,1,CUST_0240,Debit Card,9
TXN_2026081961,2026-08-04,S01,P10,1.0,54.0,10.0,1,CUST_0482,UPI,11
TXN_2026081962,2026-08-09,S02,P10,5.0,60.0,0.0,0,CUST_0455,UPI,12
TXN_2026081963,2026-08-01,S01,P03,2.0,45.0,0.0,0,CUST_0283,Credit Card,19
TXN_2026081964,2026-08-09,S03,P05,1.0,40.0,0.0,0,CUST_0335,UPI,19
TXN_2026081965,2026-08-25,S02,P08,2.0,520.0,0.0,0,CUST_0352,UPI,11
TXN_2026081966,2026-08-16,S01,P01,1.0,66.0,0.0,0,CUST_0649,Credit Card,12
TXN_2026081967,2026-08-12,S01,P05,1.0,40.0,0.0,0,CUST_0327,Credit Card,21
TXN_2026081968,2026-08-12,S02,P03,1.0,45.0,0.0,0,CUST_0336,UPI,10
TXN_2026081969,2026-08-01,S01,P01,2.0,66.0,0.0,0,CUST_0081,UPI,17
TXN_2026081970,2026-08-10,S02,P03,1.0,40.5,10.0,1,CUST_0087,UPI,16
TXN_2026081971,2026-08-21,S02,P01,1.0,66.0,0.0,0,CUST_0258,UPI,18
TXN_2026081972,2026-08-31,S03,P05,1.0,40.0,0.0,0,CUST_0185,Credit Card,12
TXN_2026081973,2026-08-27,S04,P02,1.0,275.0,0.0,0,CUST_0123,Cash,21
TXN_2026081974,2026-08-01,S04,P03,5.0,45.0,0.0,0,CUST_0096,UPI,14
TXN_2026081975,2026-08-29,S04,P01,1.0,66.0,0.0,0,CUST_0605,UPI,12
TXN_2026081976,2026-08-25,S01,P08,2.0,520.0,0.0,0,CUST_0515,UPI,13
TXN_2026081977,2026-08-25,S01,P03,1.0,45.0,0.0,0,CUST_0443,Cash,13
TXN_2026081978,2026-08-15,S01,P04,1.0,180.0,0.0,0,CUST_0514,UPI,11
TXN_2026081979,2026-08-13,S04,P04,2.0,180.0,0.0,0,CUST_0371,Digital Wallet,20
TXN_2026081980,2026-08-10,S04,P03,2.0,45.0,0.0,0,CUST_0305,UPI,11
TXN_2026081981,2026-08-02,S04,P01,1.0,66.0,0.0,0,CUST_0357,UPI,20
TXN_2026081982,2026-08-08,S01,P06,1.0,306.0,10.0,1,CUST_0148,UPI,14
TXN_2026081983,2026-08-08,S04,P01,2.0,66.0,0.0,0,CUST_0285,Credit Card,12
TXN_2026081984,2026-08-15,S02,P01,1.0,62.7,5.0,1,CUST_0262,Credit Card,11
TXN_2026081985,2026-08-24,S01,P05,1.0,38.0,5.0,1,CUST_0574,Credit Card,16
TXN_2026081986,2026-08-15,S02,P01,1.0,66.0,0.0,0,CUST_0491,UPI,18
TXN_2026081987,2026-08-02,S01,P03,1.0,33.75,25.0,1,CUST_0031,UPI,20
TXN_2026081988,2026-08-30,S02,P03,4.0,45.0,0.0,0,CUST_0268,UPI,18
TXN_2026081989,2026-08-30,S01,P03,1.0,45.0,0.0,0,CUST_0012,UPI,16
TXN_2026081990,2026-08-25,S02,P05,1.0,40.0,0.0,0,CUST_0191,UPI,8
TXN_2026081991,2026-08-31,S02,P05,3.0,34.0,15.0,1,,Debit Card,20
TXN_2026081992,2026-08-17,S04,P05,3.0,34.0,15.0,1,CUST_0537,UPI,20
TXN_2026081993,2026-08-30,S02,P05,1.0,34.0,15.0,1,CUST_0091,UPI,14
TXN_2026081994,2026-08-02,S02,P02,3.0,275.0,0.0,0,CUST_0600,UPI,8
TXN_2026081995,2026-08-12,S04,P03,1.0,38.25,15.0,1,CUST_0501,UPI,19
TXN_2026081996,2026-08-08,S04,P03,3.0,45.0,0.0,0,CUST_0301,Credit Card,19
TXN_2026081997,2026-08-07,S01,P03,1.0,42.75,5.0,1,CUST_0111,UPI,17
TXN_2026081998,2026-08-05,S02,P10,1.0,48.0,20.0,1,CUST_0080,UPI,14
TXN_2026081999,2026-08-20,S01,P07,1.0,112.5,10.0,1,CUST_0433,Cash,20
TXN_2026082000,2026-08-25,S01,P01,5.0,66.0,0.0,0,CUST_0417,UPI,11
TXN_2026082001,2026-08-18,S02,P01,1.0,59.4,10.0,1,CUST_0214,UPI,15
TXN_2026082002,2026-08-05,S04,P01,1.0,66.0,0.0,0,CUST_0447,Cash,8
TXN_2026082003,2026-08-26,S01,P02,2.0,275.0,0.0,0,CUST_0018,UPI,11
TXN_2026082004,2026-08-21,S04,P01,2.0,59.4,10.0,1,CUST_0054,Cash,21
TXN_2026082005,2026-08-13,S04,P04,2.0,180.0,0.0,0,CUST_0609,UPI,17
TXN_2026082006,2026-08-22,S04,P08,2.0,520.0,0.0,0,CUST_0240,Credit Card,19
TXN_2026082007,2026-08-09,S01,P05,2.0,38.0,5.0,1,CUST_0418,Debit Card,16
TXN_2026082008,2026-08-11,S04,P01,1.0,62.7,5.0,1,CUST_0486,Cash,20
TXN_2026082009,2026-08-29,S01,P03,1.0,45.0,0.0,0,CUST_0444,Credit Card,17
TXN_2026082010,2026-08-09,S02,P04,1.0,180.0,0.0,0,CUST_0566,Credit Card,8
TXN_2026082011,2026-08-15,S01,P07,4.0,106.25,15.0,1,CUST_0599,Credit Card,20
TXN_2026082012,2026-08-28,S01,P07,1.0,125.0,0.0,0,CUST_0123,UPI,11
TXN_2026082013,2026-08-23,S03,P09,1.0,166.25,5.0,1,CUST_0420,Debit Card,15
TXN_2026082014,2026-08-02,S02,P04,2.0,144.0,20.0,1,CUST_0566,UPI,15
TXN_2026082015,2026-08-05,S01,P05,1.0,40.0,0.0,0,CUST_0216,Credit Card,9
TXN_2026082016,2026-08-01,S01,P01,1.0,66.0,0.0,0,CUST_0420,Credit Card,9
TXN_2026082017,2026-08-20,S02,P04,2.0,180.0,0.0,0,,Cash,19
TXN_2026082018,2026-08-15,S01,P02,1.0,261.25,5.0,1,CUST_0228,Credit Card,13
TXN_2026082019,2026-08-05,S04,P03,2.0,40.5,10.0,1,CUST_0237,Debit Card,14
TXN_2026082020,2026-08-30,S01,P05,1.0,38.0,5.0,1,CUST_0644,UPI,17
TXN_2026082021,2026-08-17,S01,P02,1.0,275.0,0.0,0,CUST_0330,UPI,13
TXN_2026082022,2026-08-08,S01,P01,4.0,66.0,0.0,0,CUST_0469,Credit Card,19
TXN_2026082023,2026-08-16,S02,P01,1.0,66.0,0.0,0,CUST_0487,Credit Card,20
TXN_2026082024,2026-08-22,S01,P01,1.0,59.4,10.0,1,CUST_0549,Credit Card,9
TXN_2026082025,2026-08-02,S01,P01,3.0,62.7,5.0,1,CUST_0579,Debit Card,18
TXN_2026082026,2026-08-09,S04,P01,1.0,66.0,0.0,0,CUST_0623,UPI,13
TXN_2026082027,2026-08-26,S02,P02,1.0,247.5,10.0,1,CUST_0415,Credit Card,17
TXN_2026082028,2026-08-15,S01,P02,1.0,261.25,5.0,1,CUST_0219,UPI,16
TXN_2026082029,2026-08-17,S02,P10,2.0,51.0,15.0,1,CUST_0381,UPI,13
TXN_2026082030,2026-08-15,S04,P03,1.0,45.0,0.0,0,CUST_0087,UPI,10
TXN_2026082031,2026-08-02,S01,P01,2.0,66.0,0.0,0,CUST_0461,Debit Card,17
TXN_2026082032,2026-08-06,S01,P04,1.0,180.0,0.0,0,CUST_0411,Credit Card,10
TXN_2026082033,2026-08-15,S03,P08,1.0,468.0,10.0,1,,UPI,11
TXN_2026082034,2026-08-07,S02,P05,1.0,36.0,10.0,1,CUST_0447,Credit Card,22
TXN_2026082035,2026-08-02,S02,P02,1.0,247.5,10.0,1,CUST_0300,UPI,13
TXN_2026082036,2026-08-27,S01,P04,1.0,180.0,0.0,0,,Cash,17
TXN_2026082037,2026-08-31,S01,P05,1.0,38.0,5.0,1,CUST_0637,Credit Card,12
TXN_2026082038,2026-08-25,S02,P05,5.0,40.0,0.0,0,CUST_0375,UPI,20
TXN_2026082039,2026-08-28,S01,P05,1.0,34.0,15.0,1,CUST_0233,Digital Wallet,12
TXN_2026082040,2026-08-08,S02,P08,1.0,520.0,0.0,0,CUST_0638,UPI,13
TXN_2026082041,2026-08-30,S02,P08,1.0,520.0,0.0,0,CUST_0650,Debit Card,17
TXN_2026082042,2026-08-07,S01,P04,3.0,180.0,0.0,0,CUST_0049,UPI,20
TXN_2026082043,2026-08-30,S04,P03,3.0,45.0,0.0,0,CUST_0186,UPI,19
TXN_2026082044,2026-08-31,S04,P05,3.0,40.0,0.0,0,CUST_0205,Debit Card,12
TXN_2026082045,2026-08-23,S03,P07,1.0,125.0,0.0,0,,UPI,19
TXN_2026082046,2026-08-31,S01,P01,1.0,66.0,0.0,0,CUST_0481,Cash,18
TXN_2026082047,2026-08-18,S01,P10,1.0,60.0,0.0,0,CUST_0386,UPI,22
TXN_2026082048,2026-08-09,S02,P01,1.0,59.4,10.0,1,CUST_0194,UPI,21
TXN_2026082049,2026-08-15,S01,P03,,45.0,0.0,0,CUST_0103,Credit Card,17
TXN_2026082050,2026-08-19,S04,P08,1.0,442.0,15.0,1,CUST_0617,UPI,19
TXN_2026082051,2026-08-02,S01,P02,2.0,233.75,15.0,1,CUST_0376,Credit Card,17
TXN_2026082052,2026-08-20,S02,P03,3.0,45.0,0.0,0,CUST_0287,Cash,17
TXN_2026082053,2026-08-31,S01,P01,1.0,66.0,0.0,0,CUST_0482,Debit Card,10
TXN_2026082054,2026-08-07,S02,P03,2.0,45.0,0.0,0,CUST_0250,UPI,8
TXN_2026082055,2026-08-25,S01,P01,1.0,62.7,5.0,1,CUST_0201,Credit Card,9
TXN_2026082056,2026-08-29,S02,P03,1.0,42.75,5.0,1,CUST_0536,Cash,22
TXN_2026082057,2026-08-30,S01,P03,1.0,45.0,0.0,0,CUST_0461,UPI,11
TXN_2026082058,2026-08-30,S04,P10,1.0,60.0,0.0,0,CUST_0300,Credit Card,9
TXN_2026082059,2026-08-16,S01,P10,1.0,60.0,0.0,0,CUST_0478,UPI,13
TXN_2026082060,2026-08-31,S04,P01,1.0,66.0,0.0,0,CUST_0083,Cash,17
TXN_2026082061,2026-08-24,S04,P05,2.0,32.0,20.0,1,CUST_0458,Debit Card,21
TXN_2026082062,2026-08-06,S01,P01,1.0,66.0,0.0,0,CUST_0298,Debit Card,18
TXN_2026082063,2026-08-15,S03,P01,3.0,66.0,0.0,0,CUST_0364,Cash,12
TXN_2026082064,2026-08-23,S01,P01,3.0,66.0,0.0,0,CUST_0040,UPI,21
TXN_2026082065,2026-08-08,S04,P10,2.0,57.0,5.0,1,CUST_0625,UPI,8
TXN_2026082066,2026-08-21,S02,P10,1.0,60.0,0.0,0,CUST_0340,UPI,22
TXN_2026082067,2026-08-22,S01,P01,1.0,66.0,0.0,0,CUST_0516,UPI,9
TXN_2026082068,2026-08-06,S01,P01,2.0,66.0,0.0,0,CUST_0108,Credit Card,19
TXN_2026082069,2026-08-18,S01,P02,3.0,275.0,0.0,0,CUST_0316,Debit Card,9
TXN_2026082070,2026-08-25,S04,P04,1.0,171.0,5.0,1,CUST_0114,UPI,20
TXN_2026082071,2026-08-16,S01,P04,2.0,180.0,0.0,0,CUST_0167,Credit Card,10
TXN_2026082072,2026-08-01,S02,P02,1.0,247.5,10.0,1,CUST_0261,Debit Card,9
TXN_2026082073,2026-08-01,S02,P06,2.0,340.0,0.0,0,CUST_0618,UPI,20
TXN_2026082074,2026-08-12,S04,P03,1.0,45.0,0.0,0,CUST_0224,UPI,10
TXN_2026082075,2026-08-29,S01,P09,2.0,166.25,5.0,1,CUST_0262,Credit Card,19
TXN_2026082076,2026-08-08,S02,P05,2.0,40.0,0.0,0,CUST_0251,UPI,19
TXN_2026082077,2026-08-20,S02,P03,1.0,42.75,5.0,1,CUST_0526,Cash,17
TXN_2026082078,2026-08-08,S03,P06,1.0,340.0,0.0,0,CUST_0126,UPI,13
TXN_2026082079,2026-08-11,S01,P07,4.0,100.0,20.0,1,CUST_0206,Debit Card,20
TXN_2026082080,2026-08-27,S01,P02,1.0,275.0,0.0,0,CUST_0140,Credit Card,-1
TXN_2026082081,2026-08-23,S01,P03,1.0,45.0,0.0,0,CUST_0062,UPI,14
TXN_2026082082,2026-08-03,S03,P09,2.0,175.0,0.0,0,CUST_0283,UPI,12
TXN_2026082083,2026-08-14,S01,P01,3.0,66.0,0.0,0,CUST_0054,UPI,12
TXN_2026082084,2026-08-01,S02,P01,1.0,62.7,5.0,1,CUST_0346,UPI,12
TXN_2026082085,2026-08-15,S01,P03,3.0,45.0,0.0,0,CUST_0524,UPI,17
TXN_2026082086,2026-08-22,S04,P07,1.0,100.0,20.0,1,CUST_0136,Credit Card,20
TXN_2026082087,2026-08-04,S04,P06,1.0,340.0,0.0,0,CUST_0330,Credit Card,19
TXN_2026082088,2026-08-09,S02,P09,2.0,175.0,0.0,0,CUST_0144,Credit Card,19
TXN_2026082089,2026-08-13,S01,P04,5.0,162.0,10.0,1,CUST_0436,UPI,15
TXN_2026082090,2026-08-29,S01,P01,1.0,56.1,15.0,1,CUST_0282,Credit Card,13
TXN_2026082091,2026-08-31,S01,P04,1.0,180.0,0.0,0,CUST_0136,UPI,19
TXN_2026082092,2026-08-02,S01,P06,1.0,255.0,25.0,1,CUST_0489,Cash,19
TXN_2026082093,2026-08-24,S02,P01,1.0,56.1,15.0,1,CUST_0401,Cash,18
TXN_2026082094,2026-08-12,S02,P01,5.0,52.8,20.0,1,CUST_0449,Debit Card,8
TXN_2026082095,2026-08-13,S04,P01,2.0,56.1,15.0,1,CUST_0635,Debit Card,17
TXN_2026082096,2026-08-24,S01,P05,3.0,34.0,15.0,1,CUST_0628,UPI,13
TXN_2026082097,2026-08-29,S03,P08,1.0,494.0,5.0,1,CUST_0270,UPI,11
TXN_2026082098,2026-08-30,S02,P05,1.0,34.0,15.0,1,CUST_0017,Cash,18
TXN_2026082099,2026-08-18,S02,P10,1.0,60.0,0.0,0,CUST_0269,UPI,12
TXN_2026082100,2026-08-12,S01,P01,1.0,66.0,0.0,0,CUST_0482,Credit Card,20
TXN_2026082101,2026-08-25,S02,P09,2.0,166.25,5.0,1,CUST_0219,Cash,13
TXN_2026082102,2026-08-08,S02,P07,1.0,93.75,25.0,1,CUST_0319,Credit Card,17
TXN_2026082103,2026-08-18,S03,P03,1.0,45.0,0.0,0,,UPI,19
TXN_2026082104,2026-08-12,S04,P10,3.0,54.0,10.0,1,CUST_0545,UPI,14
TXN_2026082105,2026-08-21,S01,P02,2.0,275.0,0.0,0,CUST_0285,UPI,19
TXN_2026082106,2026-08-08,S01,P08,1.0,520.0,0.0,0,CUST_0037,Debit Card,18
TXN_2026082107,2026-08-07,S02,P08,3.0,520.0,0.0,0,CUST_0103,Credit Card,20
TXN_2026082108,2026-08-29,S02,P06,2.0,340.0,0.0,0,CUST_0430,Cash,13
TXN_2026082109,2026-08-03,S01,P04,2.0,135.0,25.0,1,CUST_0239,Debit Card,10
TXN_2026082110,2026-08-16,S03,P01,1.0,66.0,0.0,0,CUST_0645,UPI,15
TXN_2026082111,2026-08-08,S04,P04,1.0,171.0,5.0,1,CUST_0125,UPI,19
TXN_2026082112,2026-08-01,S04,P03,2.0,45.0,0.0,0,CUST_0565,Credit Card,15
TXN_2026082113,2026-08-01,S01,P06,1.0,272.0,20.0,1,CUST_0600,Cash,12
TXN_2026082114,2026-08-06,S04,P06,1.0,306.0,10.0,1,CUST_0610,UPI,8
TXN_2026082115,2026-08-28,S03,P09,1.0,175.0,0.0,0,,Cash,13
TXN_2026082116,2026-08-09,S02,P01,1.0,66.0,0.0,0,CUST_0188,UPI,18
TXN_2026082117,2026-08-30,S02,P07,2.0,125.0,0.0,0,CUST_0256,UPI,11
TXN_2026082118,2026-08-19,S04,P09,1.0,175.0,0.0,0,CUST_0585,Cash,13
TXN_2026082119,2026-08-15,S02,P06,1.0,340.0,0.0,0,CUST_0530,UPI,8
TXN_2026082120,2026-08-18,S01,P01,3.0,49.5,25.0,1,CUST_0392,Credit Card,18
TXN_2026082121,2026-08-16,S02,P01,1.0,59.4,125.0,1,CUST_0468,UPI,20
TXN_2026082122,2026-08-24,S02,P01,1.0,66.0,0.0,0,CUST_0253,Debit Card,17
TXN_2026082123,2026-08-09,S01,P05,1.0,30.0,25.0,1,CUST_0561,Cash,8
TXN_2026082124,2026-08-12,S04,P05,-5.0,40.0,0.0,0,CUST_0176,Cash,12
TXN_2026082125,2026-08-29,S02,P10,1.0,60.0,0.0,0,CUST_0466,UPI,15
TXN_2026082126,2026-08-30,S02,P03,2.0,42.75,5.0,1,CUST_0577,UPI,17
TXN_2026082127,2026-08-28,S01,P03,2.0,45.0,0.0,0,,Credit Card,16
TXN_2026082128,2026-08-14,S02,P05,3.0,40.0,0.0,0,CUST_0050,UPI,20
TXN_2026082129,2026-08-25,S01,P07,2.0,125.0,0.0,0,CUST_0004,Credit Card,-1
TXN_2026082130,2026-08-15,S01,P09,3.0,157.5,10.0,1,CUST_0631,Credit Card,10
TXN_2026082131,2026-08-16,S02,P07,5.0,100.0,20.0,1,CUST_0500,UPI,11
TXN_2026082132,2026-08-07,S02,P03,-3.0,42.75,5.0,1,CUST_0223,Debit Card,13
TXN_2026082133,2026-08-19,S02,P05,3.0,38.0,5.0,1,CUST_0262,Debit Card,14
TXN_2026082134,2026-08-06,S01,P08,2.0,520.0,0.0,0,CUST_0535,Digital Wallet,17
TXN_2026082135,2026-08-11,S02,P03,1.0,45.0,0.0,0,CUST_0376,UPI,19
TXN_2026082136,2026-08-28,S01,P01,1.0,59.4,10.0,1,CUST_0061,UPI,11
TXN_2026082137,2026-08-07,S04,P01,1.0,66.0,0.0,0,CUST_0356,UPI,19
TXN_2026082138,2026-08-02,S02,P01,4.0,66.0,0.0,0,CUST_0646,UPI,17
TXN_2026082139,2026-08-02,S03,P05,2.0,40.0,0.0,0,CUST_0024,UPI,22
TXN_2026082140,2026-08-30,S01,P01,2.0,49.5,25.0,1,CUST_0293,Digital Wallet,18
TXN_2026082141,2026-08-16,S01,P02,1.0,275.0,0.0,0,CUST_0557,UPI,18
TXN_2026082142,2026-08-14,S04,P02,1.0,220.0,20.0,1,CUST_0356,UPI,11
TXN_2026082143,2026-08-26,S01,P04,1.0,180.0,0.0,0,CUST_0575,UPI,19
TXN_2026082144,2026-08-27,S02,P03,3.0,42.75,5.0,1,CUST_0029,UPI,9
TXN_2026082145,2026-08-11,S02,P05,3.0,40.0,0.0,0,CUST_0357,UPI,18
TXN_2026082146,2026-08-22,S01,P01,2.0,56.1,15.0,1,CUST_0365,Credit Card,9
TXN_2026082147,2026-08-25,S04,P01,1.0,66.0,0.0,0,CUST_0608,UPI,10
TXN_2026082148,2026-08-21,S02,P03,1.0,45.0,0.0,0,CUST_0409,UPI,10
TXN_2026082149,2026-08-05,S01,P03,1.0,45.0,0.0,0,CUST_0266,UPI,9
TXN_2026082150,2026-08-28,S01,P02,1.0,275.0,0.0,0,CUST_0291,Credit Card,13
TXN_2026082151,2026-08-17,S01,P01,3.0,56.1,15.0,1,,UPI,22
TXN_2026082152,2026-08-09,S04,P09,1.0,157.5,10.0,1,CUST_0153,UPI,13
TXN_2026082153,2026-08-14,S03,P05,1.0,36.0,10.0,1,CUST_0219,Cash,19
TXN_2026082154,2026-08-01,S01,P01,1.0,66.0,0.0,0,CUST_0173,UPI,11
TXN_2026082155,2026-08-04,S01,P01,1.0,62.7,5.0,1,,Credit Card,15
TXN_2026082156,2026-08-24,S03,P10,1.0,45.0,25.0,1,CUST_0635,Cash,11
TXN_2026082157,2026-08-01,S02,P05,4.0,36.0,10.0,1,CUST_0012,UPI,11
TXN_2026082158,2026-08-14,S02,P03,1.0,45.0,0.0,0,CUST_0516,Cash,10
TXN_2026082159,2026-08-16,S01,P05,2.0,38.0,5.0,1,CUST_0362,Cash,15
TXN_2026082160,2026-08-02,S01,P06,1.0,306.0,10.0,1,CUST_0579,UPI,9
TXN_2026082161,2026-08-31,S02,P06,3.0,340.0,0.0,0,CUST_0477,Cash,20
TXN_2026082162,2026-08-08,S04,P03,1.0,45.0,0.0,0,CUST_0577,UPI,15
TXN_2026082163,2026-08-10,S01,P03,2.0,45.0,0.0,0,CUST_0082,UPI,20
TXN_2026082164,2026-08-10,S02,P01,1.0,52.8,20.0,1,CUST_0617,Debit Card,22
TXN_2026082165,2026-08-08,S02,P09,1.0,175.0,0.0,0,CUST_0340,Cash,18
TXN_2026082166,2026-08-01,S02,P05,1.0,40.0,0.0,0,CUST_0441,Debit Card,20
TXN_2026082167,2026-08-23,S01,P01,4.0,59.4,10.0,1,CUST_0617,UPI,11
TXN_2026082168,2026-08-30,S04,P09,1.0,166.25,5.0,1,CUST_0226,Credit Card,19
TXN_2026082169,2026-08-08,S02,P09,2.0,140.0,20.0,1,,Credit Card,12
TXN_2026082170,2026-08-22,S02,P10,2.0,60.0,0.0,0,CUST_0028,UPI,15
TXN_2026082171,2026-08-24,S01,P08,1.0,468.0,10.0,1,CUST_0016,Digital Wallet,18
TXN_2026082172,2026-08-27,S01,P10,1.0,60.0,0.0,0,CUST_0277,UPI,20
TXN_2026082173,2026-08-14,S01,P02,1.0,275.0,0.0,0,,UPI,20
TXN_2026082174,2026-08-10,S03,P07,2.0,125.0,0.0,0,CUST_0483,UPI,10
TXN_2026082175,2026-08-11,S01,P07,1.0,118.75,5.0,1,CUST_0566,UPI,13
TXN_2026082176,2026-08-23,S03,P02,3.0,261.25,5.0,1,CUST_0288,Debit Card,19
TXN_2026082177,2026-08-26,S01,P01,2.0,66.0,0.0,0,CUST_0114,UPI,18
TXN_2026082178,2026-08-06,S02,P10,2.0,60.0,0.0,0,CUST_0038,Debit Card,8
TXN_2026082179,2026-08-12,S02,P02,1.0,261.25,5.0,1,CUST_0454,UPI,15
TXN_2026082180,2026-08-29,S01,P08,2.0,-45.0,0.0,0,CUST_0166,Credit Card,19
TXN_2026082181,2026-08-26,S01,P01,1.0,66.0,0.0,0,CUST_0205,Debit Card,19
TXN_2026082182,2026-08-31,S01,P01,1.0,66.0,0.0,0,CUST_0245,UPI,14
TXN_2026082183,2026-08-24,S02,P03,2.0,45.0,0.0,0,CUST_0333,Credit Card,19
TXN_2026082184,2026-08-13,S02,P02,2.0,275.0,0.0,0,CUST_0396,Debit Card,17
TXN_2026082185,2026-08-19,S01,P05,1.0,38.0,5.0,1,CUST_0507,Credit Card,20
TXN_2026082186,2026-08-21,S02,P04,2.0,180.0,0.0,0,CUST_0121,Credit Card,17
TXN_2026082187,2026-08-02,S01,P01,1.0,56.1,15.0,1,CUST_0259,Cash,14
TXN_2026082188,2026-08-17,S01,P01,3.0,62.7,5.0,1,CUST_0410,Digital Wallet,20
TXN_2026082189,2026-08-23,S01,P03,1.0,45.0,0.0,0,CUST_0310,UPI,9
TXN_2026082190,2026-08-06,S04,P01,1.0,62.7,5.0,1,CUST_0068,Debit Card,20
TXN_2026082191,2026-08-25,S01,P06,2.0,340.0,0.0,0,CUST_0114,UPI,18
TXN_2026082192,2026-08-19,S01,P03,2.0,40.5,10.0,1,CUST_0220,UPI,21
TXN_2026082193,2026-08-30,S01,P01,1.0,59.4,10.0,1,CUST_0220,UPI,12
TXN_2026082194,2026-08-02,S01,P03,2.0,36.0,20.0,1,CUST_0473,Digital Wallet,18
TXN_2026082195,2026-08-09,S02,P01,4.0,49.5,25.0,1,CUST_0386,Credit Card,19
TXN_2026082196,2026-08-19,S01,P01,2.0,66.0,0.0,0,CUST_0298,UPI,18
TXN_2026082197,2026-08-10,S01,P02,2.0,261.25,5.0,1,CUST_0606,UPI,12
TXN_2026082198,2026-08-23,S02,P08,2.0,520.0,0.0,0,CUST_0253,Cash,12
TXN_2026082199,2026-08-24,S01,P09,3.0,148.75,15.0,1,CUST_0405,UPI,17
TXN_2026082200,2026-08-03,S03,P07,1.0,125.0,0.0,0,CUST_0492,UPI,15
TXN_2026082201,2026-08-16,S02,P03,2.0,42.75,5.0,1,CUST_0357,Cash,19
TXN_2026082202,2026-08-16,S01,P02,2.0,275.0,0.0,0,CUST_0428,Credit Card,14
TXN_2026082203,2026-08-12,S02,P04,1.0,180.0,0.0,0,CUST_0215,UPI,20
TXN_2026082204,2026-08-29,S01,P05,1.0,40.0,0.0,0,CUST_0380,UPI,15
TXN_2026082205,2026-08-27,S02,P10,1.0,60.0,0.0,0,CUST_0214,Cash,8
TXN_2026082206,2026-08-22,S02,P01,1.0,66.0,0.0,0,CUST_0098,Cash,8
TXN_2026082207,2026-08-23,S01,P01,3.0,66.0,-10.0,0,CUST_0528,UPI,18
TXN_2026082208,2026-08-15,S02,P05,1.0,40.0,0.0,0,CUST_0528,UPI,17
TXN_2026082209,2026-08-29,S04,P07,1.0,125.0,0.0,0,CUST_0620,UPI,17
TXN_2026082210,2026-08-22,S04,P07,1.0,125.0,0.0,0,CUST_0535,Credit Card,19
TXN_2026082211,2026-08-23,S02,P05,1.0,40.0,0.0,0,CUST_0554,Debit Card,13
TXN_2026082212,2026-08-28,S02,P10,1.0,51.0,15.0,1,CUST_0549,UPI,22
TXN_2026082213,2026-08-09,S01,P04,1.0,171.0,5.0,1,CUST_0328,Debit Card,21
TXN_2026082214,2026-08-26,S01,P09,3.0,175.0,0.0,0,CUST_0165,Credit Card,8
TXN_2026082215,2026-08-07,S02,P10,1.0,60.0,0.0,0,CUST_0116,Debit Card,20
TXN_2026082216,2026-08-11,S01,P07,1.0,125.0,0.0,0,CUST_0150,Cash,18
TXN_2026082217,2026-08-11,S04,P03,1.0,36.0,20.0,1,,UPI,16
TXN_2026082218,2026-08-31,S01,P01,1.0,66.0,0.0,0,CUST_0032,UPI,17
TXN_2026082219,2026-08-28,S01,P04,1.0,162.0,10.0,1,CUST_0293,Debit Card,20
TXN_2026082220,2026-08-23,S01,P03,1.0,45.0,0.0,0,CUST_0177,Debit Card,21
TXN_2026082221,2026-08-23,S04,P08,1.0,520.0,0.0,0,CUST_0061,UPI,17
TXN_2026082222,2026-08-18,S02,P01,3.0,59.4,10.0,1,CUST_0589,Cash,11
TXN_2026082223,2026-08-30,S02,P02,1.0,275.0,0.0,0,CUST_0416,UPI,18
TXN_2026082224,2026-08-16,S01,P06,2.0,340.0,0.0,0,CUST_0383,UPI,9
TXN_2026082225,2026-08-13,S04,P01,1.0,56.1,15.0,1,CUST_0598,UPI,18
TXN_2026082226,2026-08-06,S01,P03,3.0,45.0,0.0,0,CUST_0007,Digital Wallet,19
TXN_2026082227,2026-08-25,S04,P03,1.0,45.0,0.0,0,CUST_0085,Credit Card,13
TXN_2026082228,2026-08-23,S02,P05,5.0,40.0,0.0,0,CUST_0398,UPI,9
TXN_2026082229,2026-08-13,S01,P01,1.0,52.8,20.0,1,CUST_0393,Digital Wallet,18
TXN_2026082230,2026-08-01,S02,P08,4.0,468.0,10.0,1,CUST_0047,Debit Card,13
TXN_2026082231,2026-08-27,S02,P03,2.0,45.0,0.0,0,CUST_0341,Cash,12
TXN_2026082232,2026-08-01,S01,P09,1.0,140.0,20.0,1,CUST_0498,UPI,18
TXN_2026082233,2026-08-23,S04,P03,5.0,45.0,0.0,0,CUST_0606,UPI,22
TXN_2026082234,2026-08-30,S02,P02,1.0,275.0,0.0,0,CUST_0478,Credit Card,19
TXN_2026082235,2026-08-15,S01,P01,2.0,66.0,0.0,0,CUST_0426,Debit Card,16
TXN_2026082236,2026-08-08,S01,P01,3.0,59.4,10.0,1,,Credit Card,17
TXN_2026082237,2026-08-23,S02,P04,1.0,162.0,10.0,1,CUST_0515,Credit Card,11
TXN_2026082238,2026-08-26,S02,P01,1.0,66.0,0.0,0,CUST_0129,Debit Card,19
TXN_2026082239,2026-08-17,S02,P03,1.0,45.0,0.0,0,CUST_0249,UPI,17
TXN_2026082240,2026-08-30,S02,P04,2.0,144.0,20.0,1,CUST_0131,Credit Card,21
TXN_2026082241,2026-08-02,S02,P02,3.0,247.5,10.0,1,CUST_0323,UPI,22
TXN_2026082242,2026-08-16,S04,P01,2.0,62.7,5.0,1,CUST_0543,UPI,13
TXN_2026082243,2026-08-23,S02,P06,1.0,340.0,0.0,0,CUST_0066,UPI,22
TXN_2026082244,2026-08-28,S04,P10,3.0,54.0,10.0,1,CUST_0101,Debit Card,21
TXN_2026082245,2026-08-06,S01,P01,4.0,59.4,10.0,1,CUST_0031,Cash,18
TXN_2026082246,2026-08-26,S01,P01,1.0,49.5,25.0,1,CUST_0191,UPI,13
TXN_2026082247,2026-08-17,S01,P10,1.0,60.0,0.0,0,CUST_0578,UPI,19
TXN_2026082248,2026-08-13,S02,P01,1.0,59.4,10.0,1,CUST_0415,UPI,12
TXN_2026082249,2026-08-04,S04,P10,3.0,45.0,25.0,1,CUST_0500,Cash,17
TXN_2026082250,2026-08-28,S01,P01,1.0,66.0,0.0,0,CUST_0595,,8
TXN_2026082251,2026-08-05,S01,P08,3.0,468.0,10.0,1,CUST_0046,Cash,17
TXN_2026082252,2026-08-10,S04,P03,5.0,33.75,25.0,1,CUST_0089,Cash,21
TXN_2026082253,2026-08-09,S01,P09,1.0,175.0,0.0,0,CUST_0375,UPI,12
TXN_2026082254,2026-08-28,S02,P03,1.0,42.75,5.0,1,CUST_0246,UPI,19
TXN_2026082255,2026-08-22,S02,P05,1.0,40.0,0.0,0,CUST_0558,Credit Card,12
TXN_2026082256,2026-08-26,S04,P01,1.0,66.0,0.0,0,CUST_0257,UPI,18
TXN_2026082257,2026-08-08,S01,P02,1.0,275.0,0.0,0,CUST_0352,UPI,18
TXN_2026082258,2026-08-20,S01,P06,2.0,340.0,0.0,0,,UPI,11
TXN_2026082259,2026-08-18,S02,P04,2.0,162.0,10.0,1,CUST_0105,Credit Card,17
TXN_2026082260,2026-08-27,S04,P09,4.0,175.0,0.0,0,CUST_0337,Credit Card,20
TXN_2026082261,2026-08-29,S02,P03,1.0,38.25,15.0,1,CUST_0526,UPI,14
TXN_2026082262,2026-08-01,S01,P08,1.0,520.0,0.0,0,CUST_0301,Credit Card,18
TXN_2026082263,2026-08-22,S02,P03,2.0,42.75,5.0,1,CUST_0077,UPI,18
TXN_2026082264,2026-08-02,S04,P10,1.0,60.0,0.0,0,CUST_0511,Debit Card,12
TXN_2026082265,2026-08-17,S04,P10,1.0,60.0,0.0,0,CUST_0230,Debit Card,20
TXN_2026082266,2026-08-09,S04,P03,2.0,45.0,0.0,0,CUST_0578,UPI,17
TXN_2026082267,2026-08-10,S01,P08,3.0,520.0,0.0,0,CUST_0032,Credit Card,13
TXN_2026082268,2026-08-12,S01,P07,1.0,106.25,15.0,1,CUST_0608,Credit Card,11
TXN_2026082269,2026-08-20,S02,P01,1.0,59.4,10.0,1,CUST_0058,UPI,15
TXN_2026082270,2026-08-11,S04,P05,5.0,34.0,15.0,1,CUST_0104,UPI,18
TXN_2026082271,2026-08-23,S01,P01,1.0,59.4,10.0,1,CUST_0312,Digital Wallet,17
TXN_2026082272,2026-08-14,S01,P07,1.0,118.75,5.0,1,CUST_0646,UPI,18
TXN_2026082273,2026-08-02,S03,P01,2.0,66.0,0.0,0,CUST_0067,Credit Card,19
TXN_2026082274,2026-08-25,S01,P01,1.0,66.0,0.0,0,CUST_0374,Cash,15
TXN_2026082275,2026-08-09,S01,P03,2.0,40.5,10.0,1,CUST_0235,UPI,16
TXN_2026082276,2026-08-15,S02,P04,1.0,180.0,0.0,0,CUST_0643,UPI,22
TXN_2026082277,2026-08-22,S02,P08,3.0,520.0,0.0,0,CUST_0112,Cash,22
TXN_2026082278,2026-08-11,S03,P10,2.0,60.0,0.0,0,CUST_0389,UPI,14
TXN_2026082279,2026-08-02,S01,P03,1.0,45.0,0.0,0,,Credit Card,18
TXN_2026082280,2026-08-12,S02,P01,1.0,66.0,0.0,0,CUST_0054,Debit Card,12
TXN_2026082281,2026-08-30,S02,P06,2.0,340.0,0.0,0,CUST_0239,Debit Card,11
TXN_2026082282,2026-08-21,S02,P04,1.0,180.0,0.0,0,CUST_0295,Digital Wallet,19
TXN_2026082283,2026-08-22,S02,P03,1.0,45.0,0.0,0,CUST_0112,Debit Card,15
TXN_2026082284,2026-08-20,S01,P03,1.0,45.0,0.0,0,CUST_0088,Credit Card,11
TXN_2026082285,2026-08-07,S01,P04,1.0,180.0,0.0,0,CUST_0476,Cash,19
TXN_2026082286,2026-08-14,S01,P03,1.0,45.0,0.0,0,CUST_0304,Cash,20
TXN_2026082287,2026-08-24,S01,P06,1.0,289.0,15.0,1,CUST_0305,Digital Wallet,21
TXN_2026082288,2026-08-03,S02,P04,1.0,171.0,5.0,1,CUST_0290,Debit Card,17
TXN_2026082289,2026-08-09,S04,P08,2.0,442.0,15.0,1,CUST_0208,UPI,16
TXN_2026082290,2026-08-09,S03,P04,1.0,180.0,0.0,0,,Debit Card,11
TXN_2026082291,2026-08-15,S03,P02,2.0,275.0,0.0,0,CUST_0370,UPI,19
TXN_2026082292,2026-08-31,S01,P08,1.0,494.0,5.0,1,CUST_0220,UPI,21
TXN_2026082293,2026-08-02,S02,P04,1.0,180.0,0.0,0,CUST_0231,UPI,20
TXN_2026082294,2026-08-16,S01,P01,1.0,66.0,0.0,0,CUST_0349,Cash,19
TXN_2026082295,2026-08-06,S01,P05,1.0,38.0,5.0,1,CUST_0255,UPI,8
TXN_2026082296,2026-08-30,S01,P03,2.0,42.75,5.0,1,CUST_0452,Debit Card,14
TXN_2026082297,2026-08-04,S02,P07,2.0,125.0,0.0,0,CUST_0142,Credit Card,14
TXN_2026082298,2026-08-14,S04,P03,1.0,45.0,0.0,0,,UPI,20
TXN_2026082299,2026-08-23,S01,P05,2.0,36.0,10.0,1,CUST_0089,Credit Card,9
TXN_2026082300,2026-08-23,S01,P01,1.0,66.0,0.0,0,CUST_0136,Credit Card,17
TXN_2026082301,2026-08-14,S03,P03,3.0,36.0,20.0,1,CUST_0523,Cash,11
TXN_2026082302,2026-08-11,S01,P10,3.0,48.0,20.0,1,CUST_0442,UPI,18
TXN_2026082303,2026-08-13,S04,P07,1.0,106.25,15.0,1,CUST_0038,UPI,19
TXN_2026082304,2026-08-09,S03,P01,1.0,66.0,0.0,0,CUST_0208,Debit Card,18
TXN_2026082305,2026-08-07,S04,P02,2.0,275.0,0.0,0,CUST_0210,UPI,19
TXN_2026082306,2026-08-15,S02,P03,1.0,36.0,20.0,1,CUST_0513,UPI,17
TXN_2026082307,2026-08-09,S02,P05,3.0,40.0,0.0,0,CUST_0360,UPI,11
TXN_2026082308,2026-08-09,S02,P06,2.0,340.0,0.0,0,CUST_0577,Credit Card,14
TXN_2026082309,2026-08-21,S02,P06,2.0,340.0,0.0,0,CUST_0001,UPI,21
TXN_2026082310,2026-08-30,S02,P04,1.0,180.0,0.0,0,CUST_0381,Credit Card,12
TXN_2026082311,2026-08-19,S01,P07,1.0,112.5,10.0,1,CUST_0537,Digital Wallet,9
TXN_2026082312,2026-08-02,S02,P03,1.0,38.25,15.0,1,,Debit Card,14
TXN_2026082313,2026-08-02,S02,P01,1.0,59.4,10.0,1,CUST_0050,UPI,13
TXN_2026082314,2026-08-30,S04,P04,1.0,171.0,5.0,1,CUST_0396,Credit Card,15
TXN_2026082315,2026-08-10,S03,P10,4.0,60.0,0.0,0,CUST_0032,UPI,17
TXN_2026082316,2026-08-03,S02,P06,1.0,340.0,0.0,0,,UPI,22
TXN_2026082317,2026-08-19,S01,P04,3.0,180.0,0.0,0,CUST_0234,UPI,19
TXN_2026082318,2026-08-20,S03,P05,2.0,40.0,0.0,0,CUST_0026,UPI,8
TXN_2026082319,2026-08-21,S02,P09,2.0,175.0,0.0,0,CUST_0554,Credit Card,18
TXN_2026082320,2026-08-09,S04,P03,1.0,42.75,5.0,1,CUST_0434,Cash,19
TXN_2026082321,2026-08-01,S04,P03,1.0,45.0,0.0,0,CUST_0061,Cash,20
TXN_2026082322,2026-08-30,S01,P10,1.0,45.0,25.0,1,CUST_0553,UPI,14
TXN_2026082323,2026-08-08,S04,P08,5.0,390.0,25.0,1,CUST_0441,Credit Card,13
TXN_2026082324,2026-08-22,S01,P03,3.0,45.0,0.0,0,CUST_0130,UPI,20
TXN_2026082325,2026-08-23,S01,P03,1.0,45.0,0.0,0,CUST_0354,Credit Card,19
TXN_2026082326,2026-08-20,S02,P03,1.0,40.5,10.0,1,CUST_0198,UPI,17
TXN_2026082327,2026-08-10,S01,P01,1.0,52.8,20.0,1,CUST_0371,Cash,10
TXN_2026082328,2026-08-09,S03,P10,1.0,51.0,15.0,1,CUST_0147,Cash,18
TXN_2026082329,2026-08-19,S01,P03,3.0,45.0,0.0,0,CUST_0498,UPI,9
TXN_2026082330,2026-08-28,S01,P08,2.0,520.0,0.0,0,CUST_0048,Debit Card,10
TXN_2026082331,2026-08-30,S02,P01,2.0,66.0,0.0,0,CUST_0172,Credit Card,13
TXN_2026082332,2026-08-03,S03,P04,2.0,180.0,0.0,0,CUST_0613,Credit Card,13
TXN_2026082333,2026-08-05,S04,P01,1.0,66.0,0.0,0,CUST_0315,Credit Card,15
TXN_2026082334,2026-08-30,S03,P06,1.0,306.0,10.0,1,CUST_0376,Debit Card,13
TXN_2026082335,2026-08-23,S02,P04,3.0,180.0,0.0,0,CUST_0533,Cash,8
TXN_2026082336,2026-08-28,S01,P05,3.0,34.0,15.0,1,CUST_0420,Debit Card,11
TXN_2026082337,2026-08-07,S01,P01,1.0,66.0,0.0,0,CUST_0396,Credit Card,10
TXN_2026082338,2026-08-19,S01,P01,1.0,66.0,0.0,0,CUST_0522,Cash,15
TXN_2026082339,2026-08-23,S02,P01,1.0,66.0,0.0,0,CUST_0187,,12
TXN_2026082340,2026-08-22,S02,P02,3.0,275.0,0.0,0,CUST_0645,UPI,12
TXN_2026082341,2026-08-14,S02,P05,1.0,36.0,10.0,1,CUST_0033,UPI,15
TXN_2026082342,2026-08-01,S03,P04,2.0,180.0,0.0,0,CUST_0069,Debit Card,12
TXN_2026082343,2026-08-19,S02,P05,1.0,34.0,15.0,1,CUST_0592,Digital Wallet,12
TXN_2026082344,2026-08-08,S01,P04,2.0,144.0,20.0,1,CUST_0191,UPI,20
TXN_2026082345,2026-08-15,S01,P02,1.0,233.75,15.0,1,CUST_0101,UPI,17
TXN_2026082346,2026-08-30,S04,P02,1.0,275.0,0.0,0,CUST_0485,UPI,20
TXN_2026082347,2026-08-13,S03,P01,1.0,66.0,0.0,0,CUST_0285,Debit Card,16
TXN_2026082348,2026-08-27,S04,P07,1.0,125.0,0.0,0,CUST_0390,Cash,20
TXN_2026082349,2026-08-07,S01,P05,2.0,38.0,5.0,1,CUST_0565,Credit Card,12
TXN_2026082350,2026-08-22,S04,P01,2.0,52.8,20.0,1,CUST_0160,,17
TXN_2026082351,2026-08-31,S01,P01,1.0,66.0,0.0,0,CUST_0554,Cash,16
TXN_2026082352,2026-08-03,S01,P08,1.0,468.0,10.0,1,CUST_0047,UPI,20
TXN_2026082353,2026-08-01,S04,P06,1.0,289.0,15.0,1,CUST_0159,Cash,14
TXN_2026082354,2026-08-15,S01,P05,3.0,30.0,25.0,1,CUST_0446,UPI,20
TXN_2026082355,2026-08-03,S02,P03,1.0,45.0,0.0,0,CUST_0523,Credit Card,17
TXN_2026082356,2026-08-24,S01,P02,3.0,275.0,0.0,0,CUST_0155,Credit Card,18
TXN_2026082357,2026-08-29,S02,P10,2.0,60.0,0.0,0,CUST_0339,Credit Card,20
TXN_2026082358,2026-08-15,S04,P06,1.0,306.0,10.0,1,CUST_0365,Cash,22
TXN_2026082359,2026-08-09,S01,P03,1.0,45.0,0.0,0,CUST_0574,Cash,19
TXN_2026082360,2026-08-15,S02,P07,1.0,125.0,0.0,0,CUST_0148,Cash,13
TXN_2026082361,2026-08-23,S01,P06,1.0,340.0,0.0,0,CUST_0144,UPI,13
TXN_2026082362,2026-08-01,S02,P02,1.0,275.0,0.0,0,CUST_0103,UPI,13
TXN_2026082363,2026-08-19,S01,P03,1.0,45.0,0.0,0,CUST_0093,Credit Card,10
TXN_2026082364,2026-08-20,S01,P01,3.0,62.7,5.0,1,CUST_0286,Cash,9
TXN_2026082365,2026-08-21,S01,P01,1.0,52.8,20.0,1,CUST_0424,Credit Card,17
TXN_2026082366,2026-08-08,S01,P05,1.0,40.0,0.0,0,CUST_0119,Digital Wallet,19
TXN_2026082367,2026-08-23,S04,P02,2.0,247.5,10.0,1,CUST_0029,Digital Wallet,8
TXN_2026082368,2026-08-03,S01,P07,3.0,118.75,5.0,1,CUST_0511,Credit Card,17
TXN_2026082369,2026-08-07,S01,P10,1.0,60.0,0.0,0,CUST_0030,Cash,13
TXN_2026082370,2026-08-28,S02,P01,2.0,59.4,10.0,1,CUST_0366,Digital Wallet,20
TXN_2026082371,2026-08-23,S01,P03,2.0,45.0,0.0,0,CUST_0138,Cash,11
TXN_2026082372,2026-08-01,S03,P07,5.0,112.5,10.0,1,CUST_0475,Credit Card,17
TXN_2026082373,2026-08-08,S04,P06,1.0,306.0,10.0,1,CUST_0563,Cash,22
TXN_2026082374,2026-08-07,S02,P06,4.0,323.0,5.0,1,CUST_0392,UPI,13
TXN_2026082375,2026-08-09,S04,P03,1.0,45.0,0.0,0,CUST_0435,Credit Card,19
TXN_2026082376,2026-08-08,S02,P03,1.0,42.75,5.0,1,CUST_0234,UPI,20
TXN_2026082377,2026-08-02,S01,P05,1.0,36.0,10.0,1,CUST_0055,UPI,11
TXN_2026082378,2026-08-15,S03,P10,1.0,57.0,5.0,1,CUST_0292,Cash,22
TXN_2026082379,2026-08-23,S02,P03,2.0,40.5,10.0,1,CUST_0312,Credit Card,19
TXN_2026082380,2026-08-19,S02,P09,2.0,166.25,5.0,1,CUST_0548,UPI,11
TXN_2026082381,2026-08-22,S04,P02,1.0,275.0,0.0,0,CUST_0089,UPI,13
TXN_2026082382,2026-08-03,S02,P10,1.0,60.0,0.0,0,CUST_0212,Digital Wallet,17
TXN_2026082383,2026-08-30,S04,P05,1.0,38.0,5.0,1,CUST_0318,Cash,20
TXN_2026082384,2026-08-27,S03,P03,1.0,40.5,10.0,1,CUST_0465,UPI,11
TXN_2026082385,2026-08-26,S02,P05,1.0,40.0,0.0,0,CUST_0087,Digital Wallet,19
TXN_2026082386,2026-08-27,S02,P02,1.0,275.0,0.0,0,CUST_0409,UPI,12
TXN_2026082387,2026-08-29,S01,P02,1.0,275.0,0.0,0,CUST_0240,Debit Card,19
TXN_2026082388,2026-08-17,S04,P01,1.0,66.0,0.0,0,CUST_0057,Debit Card,18
TXN_2026082389,2026-08-07,S02,P01,3.0,66.0,0.0,0,CUST_0113,Cash,16
TXN_2026082390,2026-08-20,S01,P03,1.0,45.0,0.0,0,CUST_0070,Cash,18
TXN_2026082391,2026-08-24,S01,P06,1.0,340.0,0.0,0,CUST_0184,UPI,20
TXN_2026082392,2026-08-23,S02,P05,1.0,40.0,0.0,0,CUST_0276,Credit Card,14
TXN_2026082393,2026-08-16,S01,P01,1.0,59.4,10.0,1,CUST_0233,UPI,19
TXN_2026082394,2026-08-02,S01,P08,1.0,520.0,0.0,0,,Credit Card,11
TXN_2026082395,2026-08-12,S02,P05,4.0,40.0,0.0,0,CUST_0257,Credit Card,18
TXN_2026082396,2026-08-29,S01,P10,2.0,57.0,5.0,1,CUST_0090,UPI,19
TXN_2026082397,2026-08-19,S02,P05,2.0,34.0,15.0,1,CUST_0435,Credit Card,15
TXN_2026082398,2026-08-17,S01,P01,1.0,66.0,0.0,0,CUST_0625,UPI,19
TXN_2026082399,2026-08-09,S01,P03,-2.0,36.0,20.0,1,,Credit Card,17
TXN_2026082400,2026-08-12,S03,P05,1.0,40.0,0.0,0,CUST_0269,Debit Card,21
TXN_2026082401,2026-08-29,S02,P01,3.0,66.0,0.0,0,CUST_0366,UPI,10
TXN_2026082402,2026-08-22,S01,P01,3.0,66.0,0.0,0,CUST_0351,Digital Wallet,11
TXN_2026082403,2026-08-25,S01,P01,1.0,59.4,10.0,1,CUST_0299,UPI,20
TXN_2026082404,2026-08-15,S02,P02,1.0,275.0,0.0,0,CUST_0159,Credit Card,20
TXN_2026082405,2026-08-20,S01,P03,1.0,42.75,5.0,1,CUST_0487,Credit Card,15
TXN_2026082406,2026-08-08,S01,P03,1.0,45.0,0.0,0,CUST_0526,UPI,21
TXN_2026082407,2026-08-23,S01,P01,3.0,66.0,0.0,0,CUST_0355,UPI,18
TXN_2026082408,2026-08-14,S04,P05,1.0,40.0,0.0,0,CUST_0621,Cash,22
TXN_2026082409,2026-08-15,S03,P05,1.0,40.0,0.0,0,CUST_0401,Credit Card,17
TXN_2026082410,2026-08-21,S03,P02,2.0,275.0,0.0,0,CUST_0405,UPI,11
TXN_2026082411,2026-08-30,S03,P01,1.0,59.4,10.0,1,CUST_0096,UPI,15
TXN_2026082412,2026-08-02,S02,P01,1.0,66.0,0.0,0,CUST_0570,Cash,22
TXN_2026082413,2026-08-27,S02,P03,1.0,42.75,5.0,1,CUST_0392,UPI,13
TXN_2026082414,2026-08-09,S02,P01,1.0,66.0,0.0,0,CUST_0352,Cash,21
TXN_2026082415,2026-08-15,S01,P03,1.0,33.75,25.0,1,CUST_0576,UPI,19
TXN_2026082416,2026-08-01,S02,P05,1.0,36.0,10.0,1,CUST_0633,Credit Card,15
TXN_2026082417,2026-08-10,S03,P04,2.0,162.0,10.0,1,CUST_0288,UPI,17
TXN_2026082418,2026-08-16,S02,P02,2.0,261.25,5.0,1,CUST_0523,Cash,17
TXN_2026082419,2026-08-02,S01,P03,1.0,45.0,0.0,0,CUST_0162,Debit Card,18
TXN_2026082420,2026-08-16,S01,P05,3.0,40.0,0.0,0,CUST_0617,Credit Card,9
TXN_2026082421,2026-08-29,S02,P08,1.0,468.0,10.0,1,CUST_0182,UPI,21
TXN_2026082422,2026-08-03,S03,P06,3.0,340.0,0.0,0,CUST_0549,Credit Card,17
TXN_2026082423,2026-08-24,S04,P04,1.0,180.0,0.0,0,CUST_0082,UPI,20
TXN_2026082424,2026-08-14,S01,P03,1.0,42.75,5.0,1,CUST_0524,UPI,18
TXN_2026082425,2026-08-21,S03,P03,1.0,45.0,0.0,0,CUST_0004,Cash,15
TXN_2026082426,2026-08-09,S02,P08,1.0,442.0,15.0,1,CUST_0495,Debit Card,17
TXN_2026082427,2026-08-05,S04,P01,4.0,59.4,10.0,1,CUST_0555,UPI,19
TXN_2026082428,2026-08-06,S02,P10,1.0,57.0,5.0,1,CUST_0051,Digital Wallet,13
TXN_2026082429,2026-08-02,S02,P05,1.0,40.0,0.0,0,CUST_0261,Cash,21
TXN_2026082430,2026-08-06,S02,P05,1.0,38.0,5.0,1,CUST_0134,Credit Card,15
TXN_2026082431,2026-08-22,S03,P01,1.0,66.0,0.0,0,CUST_0599,Credit Card,21
TXN_2026082432,2026-08-28,S04,P05,3.0,40.0,0.0,0,CUST_0362,Cash,20
TXN_2026082433,2026-08-26,S01,P03,3.0,36.0,20.0,1,CUST_0568,Credit Card,19
TXN_2026082434,2026-08-22,S01,P01,1.0,66.0,0.0,0,CUST_0217,Credit Card,15
TXN_2026082435,2026-08-04,S04,P02,1.0,247.5,10.0,1,CUST_0068,Debit Card,17
TXN_2026082436,2026-08-09,S02,P09,1.0,,10.0,1,CUST_0556,UPI,20
TXN_2026082437,2026-08-10,S02,P04,1.0,144.0,20.0,1,CUST_0143,Cash,17
TXN_2026082438,2026-08-08,S02,P03,1.0,45.0,0.0,0,CUST_0346,Credit Card,19
TXN_2026082439,2026-08-16,S01,P01,1.0,66.0,125.0,0,CUST_0554,Credit Card,19
TXN_2026082440,2026-08-17,S03,P05,2.0,32.0,20.0,1,CUST_0585,UPI,16
TXN_2026082441,2026-08-12,S03,P05,1.0,36.0,10.0,1,CUST_0194,UPI,17
TXN_2026082442,2026-08-12,S01,P05,1.0,36.0,10.0,1,CUST_0246,UPI,11
TXN_2026082443,2026-08-27,S01,P04,1.0,162.0,10.0,1,,UPI,12
TXN_2026082444,2026-08-25,S04,P03,2.0,45.0,0.0,0,CUST_0384,Debit Card,20
TXN_2026082445,2026-08-10,S01,P05,1.0,40.0,0.0,0,CUST_0277,UPI,20
TXN_2026082446,2026-08-29,S04,P02,1.0,275.0,0.0,0,CUST_0072,UPI,8
TXN_2026082447,2026-08-30,S01,P10,1.0,57.0,5.0,1,CUST_0129,Credit Card,20
TXN_2026082448,2026-08-11,S02,P04,1.0,180.0,0.0,0,CUST_0358,Credit Card,8
TXN_2026082449,2026-08-12,S04,P03,1.0,42.75,5.0,1,CUST_0525,UPI,15
TXN_2026082450,2026-08-16,S02,P03,5.0,42.75,5.0,1,CUST_0220,UPI,9
TXN_2026082451,2026-08-30,S02,P07,2.0,125.0,0.0,0,CUST_0006,Cash,22
TXN_2026082452,2026-08-28,S03,P01,2.0,66.0,0.0,0,CUST_0624,UPI,22
TXN_2026082453,2026-08-03,S01,P02,3.0,247.5,10.0,1,CUST_0228,Cash,17
TXN_2026082454,2026-08-13,S01,P05,2.0,34.0,15.0,1,CUST_0017,UPI,14
TXN_2026082455,2026-08-18,S04,P03,2.0,40.5,10.0,1,CUST_0585,Credit Card,16
TXN_2026082456,2026-08-16,S03,P06,1.0,340.0,0.0,0,CUST_0012,UPI,19
TXN_2026082457,2026-08-07,S02,P01,1.0,66.0,0.0,0,CUST_0598,Cash,12
TXN_2026082458,2026-08-28,S01,P06,1.0,289.0,15.0,1,CUST_0499,UPI,15
TXN_2026082459,2026-08-22,S01,P01,1.0,62.7,5.0,1,CUST_0634,UPI,19
TXN_2026082460,2026-08-27,S01,P01,1.0,66.0,0.0,0,CUST_0502,UPI,14
TXN_2026082461,2026-08-28,S02,P09,2.0,175.0,0.0,0,CUST_0070,Cash,8
TXN_2026082462,2026-08-24,S03,P04,1.0,180.0,0.0,0,CUST_0108,Cash,16
TXN_2026082463,2026-08-15,S02,P03,2.0,45.0,0.0,0,CUST_0201,UPI,19
TXN_2026082464,2026-08-20,S04,P02,2.0,275.0,0.0,0,CUST_0052,UPI,22
TXN_2026082465,2026-08-06,S01,P05,1.0,38.0,5.0,1,CUST_0549,Debit Card,8
TXN_2026082466,2026-08-22,S01,P04,1.0,180.0,0.0,0,CUST_0629,Cash,17
TXN_2026082467,2026-08-06,S01,P10,1.0,54.0,10.0,1,CUST_0259,Credit Card,15
TXN_2026082468,2026-08-22,S02,P10,1.0,60.0,0.0,0,CUST_0482,Cash,12
TXN_2026082469,2026-08-08,S01,P05,1.0,40.0,0.0,0,CUST_0264,UPI,18
TXN_2026082470,2026-08-04,S04,P03,2.0,42.75,5.0,1,CUST_0303,UPI,11
TXN_2026082471,2026-08-06,S01,P03,1.0,36.0,20.0,1,CUST_0576,UPI,12
TXN_2026082472,2026-08-01,S04,P05,3.0,40.0,0.0,0,CUST_0554,Credit Card,19
TXN_2026082473,2026-08-23,S02,P01,3.0,66.0,0.0,0,CUST_0555,UPI,15
TXN_2026082474,2026-08-23,S04,P03,1.0,45.0,0.0,0,CUST_0125,UPI,22
TXN_2026082475,2026-08-16,S02,P01,2.0,59.4,10.0,1,CUST_0270,UPI,14
TXN_2026082476,2026-08-06,S04,P01,1.0,52.8,20.0,1,CUST_0480,Credit Card,15
TXN_2026082477,2026-08-03,S01,P01,2.0,66.0,0.0,0,CUST_0132,UPI,13
TXN_2026082478,2026-08-01,S03,P03,1.0,40.5,10.0,1,CUST_0002,UPI,12
TXN_2026082479,2026-08-06,S04,P06,2.0,340.0,0.0,0,,Cash,20
TXN_2026082480,2026-08-28,S01,P03,1.0,45.0,0.0,0,CUST_0481,UPI,19
TXN_2026082481,2026-08-08,S01,P03,3.0,38.25,15.0,1,CUST_0001,UPI,13
TXN_2026082482,2026-08-12,S02,P01,1.0,66.0,0.0,0,CUST_0331,Debit Card,18
TXN_2026082483,2026-08-03,S04,P04,1.0,180.0,0.0,0,,Cash,21
TXN_2026082484,2026-08-08,S02,P02,1.0,206.25,25.0,1,CUST_0637,Credit Card,9
TXN_2026082485,2026-08-16,S02,P05,2.0,40.0,0.0,0,CUST_0391,UPI,12
TXN_2026082486,2026-08-20,S01,P10,2.0,60.0,0.0,0,,Cash,11
TXN_2026082487,2026-08-08,S01,P01,4.0,66.0,0.0,0,CUST_0328,Credit Card,20
TXN_2026082488,2026-08-02,S04,P01,3.0,66.0,0.0,0,CUST_0628,UPI,11
TXN_2026082489,2026-08-13,S01,P03,1.0,45.0,0.0,0,CUST_0377,Credit Card,13
TXN_2026082490,2026-08-08,S02,P10,1.0,60.0,0.0,0,CUST_0090,Debit Card,17
TXN_2026082491,2026-08-08,S04,P06,1.0,323.0,5.0,1,CUST_0042,Credit Card,17
TXN_2026082492,2026-08-30,S01,P09,5.0,148.75,15.0,1,CUST_0035,Cash,19
TXN_2026082493,2026-08-20,S02,P03,4.0,45.0,0.0,0,CUST_0494,Credit Card,14
TXN_2026082494,2026-08-18,S01,P10,1.0,57.0,5.0,1,CUST_0553,Cash,17
TXN_2026082495,2026-08-14,S02,P01,2.0,62.7,5.0,1,CUST_0124,Credit Card,21
TXN_2026082496,2026-08-14,S01,P01,2.0,66.0,0.0,0,CUST_0057,UPI,13
TXN_2026082497,2026-08-17,S03,P08,1.0,520.0,0.0,0,CUST_0456,Credit Card,12
TXN_2026082498,2026-08-22,S01,P09,3.0,166.25,5.0,1,CUST_0235,UPI,18
TXN_2026082499,2026-08-23,S02,P01,1.0,59.4,10.0,1,CUST_0608,UPI,19
TXN_2026082500,2026-08-06,S02,P01,3.0,66.0,0.0,0,CUST_0392,Debit Card,14
TXN_2026082501,2026-08-16,S01,P01,1.0,66.0,0.0,0,CUST_0492,Credit Card,12
TXN_2026082502,2026-08-14,S03,P01,1.0,66.0,0.0,0,CUST_0343,UPI,19
TXN_2026082503,2026-08-28,S01,P01,1.0,66.0,0.0,0,CUST_0644,UPI,18
TXN_2026082504,2026-08-20,S02,P10,1.0,57.0,5.0,1,CUST_0176,UPI,20
TXN_2026082505,2026-08-17,S01,P05,2.0,38.0,5.0,1,,Cash,20
TXN_2026082506,2026-08-04,S03,P06,2.0,306.0,10.0,1,CUST_0550,UPI,11
TXN_2026082507,2026-08-19,S01,P06,1.0,272.0,20.0,1,CUST_0478,Credit Card,20
TXN_2026082508,2026-08-04,S02,P04,2.0,135.0,25.0,1,CUST_0489,Credit Card,11
TXN_2026082509,2026-08-11,S01,P06,1.0,306.0,10.0,1,CUST_0005,Credit Card,20
TXN_2026082510,2026-08-05,S03,P05,4.0,40.0,0.0,0,CUST_0632,UPI,19
TXN_2026082511,2026-08-22,S01,P03,1.0,45.0,0.0,0,CUST_0209,UPI,17
TXN_2026082512,2026-08-07,S04,P04,1.0,180.0,0.0,0,CUST_0217,Debit Card,18
TXN_2026082513,2026-08-13,S04,P04,1.0,171.0,5.0,1,CUST_0536,Debit Card,10
TXN_2026082514,2026-08-29,S01,P07,1.0,93.75,25.0,1,CUST_0342,Debit Card,8
TXN_2026082515,2026-08-07,S02,P10,1.0,60.0,0.0,0,CUST_0401,Debit Card,13
TXN_2026082516,2026-08-16,S01,P03,4.0,40.5,10.0,1,CUST_0462,UPI,19
TXN_2026082517,2026-08-14,S01,P06,1.0,255.0,25.0,1,CUST_0211,UPI,15
TXN_2026082518,2026-08-01,S03,P01,1.0,59.4,10.0,1,CUST_0026,Cash,12
TXN_2026082519,2026-08-25,S02,P06,2.0,306.0,10.0,1,,Cash,20
TXN_2026082520,2026-08-02,S02,P03,1.0,45.0,0.0,0,CUST_0003,Debit Card,12
TXN_2026082521,2026-08-15,S01,P01,-5.0,66.0,0.0,0,CUST_0002,Credit Card,19
TXN_2026082522,2026-08-18,S01,P03,3.0,45.0,0.0,0,CUST_0604,UPI,15
TXN_2026082523,2026-08-20,S01,P05,2.0,36.0,10.0,1,CUST_0002,UPI,15
TXN_2026082524,2026-08-22,S03,P01,1.0,66.0,0.0,0,CUST_0150,Credit Card,12
TXN_2026082525,2026-08-08,S02,P09,1.0,175.0,0.0,0,CUST_0583,Cash,20
TXN_2026082526,2026-08-01,S03,P01,1.0,62.7,5.0,1,CUST_0004,UPI,10
TXN_2026082527,2026-08-23,S01,P09,1.0,166.25,5.0,1,CUST_0497,UPI,11
TXN_2026082528,2026-08-17,S01,P05,1.0,40.0,0.0,0,CUST_0550,UPI,18
TXN_2026082529,2026-08-27,S01,P03,,33.75,25.0,1,CUST_0468,UPI,20
TXN_2026082530,2026-08-26,S01,P03,1.0,45.0,0.0,0,CUST_0070,Credit Card,10
TXN_2026082531,2026-08-27,S01,P06,1.0,340.0,0.0,0,,Digital Wallet,19
TXN_2026082532,2026-08-15,S04,P05,1.0,40.0,0.0,0,CUST_0308,Debit Card,19
TXN_2026082533,2026-08-11,S04,P05,1.0,40.0,0.0,0,,Cash,17
TXN_2026082534,2026-08-25,S02,P03,1.0,45.0,0.0,0,CUST_0287,Credit Card,16
TXN_2026082535,2026-08-15,S02,P03,3.0,42.75,5.0,1,CUST_0292,Credit Card,13
TXN_2026082536,2026-08-06,S01,P10,1.0,57.0,5.0,1,CUST_0154,Digital Wallet,13
TXN_2026082537,2026-08-28,S04,P01,3.0,66.0,0.0,0,CUST_0133,Credit Card,18
TXN_2026082538,2026-08-28,S01,P03,2.0,40.5,10.0,1,CUST_0586,Cash,9
TXN_2026082539,2026-08-15,S04,P02,4.0,220.0,20.0,1,CUST_0274,Debit Card,17
TXN_2026082540,2026-08-02,S02,P06,1.0,340.0,0.0,0,CUST_0509,UPI,12
TXN_2026082541,2026-08-13,S01,P06,1.0,340.0,0.0,0,CUST_0353,Credit Card,15
TXN_2026082542,2026-08-26,S04,P02,1.0,275.0,0.0,0,CUST_0005,UPI,17
TXN_2026082543,2026-08-29,S01,P01,3.0,66.0,0.0,0,CUST_0293,UPI,20
TXN_2026082544,2026-08-07,S02,P01,2.0,66.0,0.0,0,CUST_0360,UPI,17
TXN_2026082545,2026-08-02,S02,P03,2.0,45.0,0.0,0,CUST_0598,Cash,12
TXN_2026082546,2026-08-28,S01,P03,1.0,36.0,20.0,1,CUST_0214,Debit Card,9
TXN_2026082547,2026-08-13,S02,P10,1.0,60.0,0.0,0,CUST_0406,UPI,17
TXN_2026082548,2026-08-17,S02,P03,1.0,33.75,25.0,1,CUST_0436,UPI,17
TXN_2026082549,2026-08-30,S03,P02,-2.0,275.0,0.0,0,,Credit Card,18
TXN_2026082550,2026-08-02,S01,P09,1.0,175.0,0.0,0,CUST_0273,UPI,15
TXN_2026082551,2026-08-21,S04,P03,1.0,45.0,0.0,0,CUST_0563,Credit Card,19
TXN_2026082552,2026-08-02,S01,P05,2.0,34.0,15.0,1,CUST_0045,Debit Card,20
TXN_2026082553,2026-08-13,S01,P01,4.0,62.7,5.0,1,CUST_0634,Credit Card,8
TXN_2026082554,2026-08-26,S01,P03,2.0,40.5,10.0,1,CUST_0412,UPI,19
TXN_2026082555,2026-08-15,S01,P10,2.0,60.0,0.0,0,CUST_0187,Credit Card,8
TXN_2026082556,2026-08-31,S01,P04,5.0,180.0,0.0,0,CUST_0170,UPI,15
TXN_2026082557,2026-08-18,S04,P03,1.0,42.75,5.0,1,CUST_0594,UPI,15
TXN_2026082558,2026-08-11,S01,P05,1.0,38.0,5.0,1,CUST_0401,UPI,18
TXN_2026082559,2026-08-08,S01,P09,2.0,175.0,0.0,0,CUST_0246,UPI,13
TXN_2026082560,2026-08-12,S01,P02,1.0,275.0,0.0,0,CUST_0552,Cash,19
TXN_2026082561,2026-08-12,S03,P04,1.0,180.0,0.0,0,CUST_0043,Debit Card,13
TXN_2026082562,2026-08-02,S04,P10,1.0,60.0,0.0,0,CUST_0179,Credit Card,13
TXN_2026082563,2026-08-12,S01,P01,1.0,59.4,10.0,1,CUST_0457,Credit Card,12
TXN_2026082564,2026-08-15,S01,P05,1.0,40.0,0.0,0,CUST_0535,UPI,18
TXN_2026082565,2026-08-23,S01,P05,1.0,38.0,5.0,1,CUST_0607,UPI,9
TXN_2026082566,2026-08-21,S01,P05,1.0,36.0,10.0,1,CUST_0244,Debit Card,13
TXN_2026082567,2026-08-23,S01,P03,1.0,42.75,5.0,1,CUST_0017,UPI,12
TXN_2026082568,2026-08-01,S02,P03,-5.0,42.75,5.0,1,CUST_0112,Credit Card,12
TXN_2026082569,2026-08-08,S01,P05,500.0,36.0,10.0,1,,UPI,9
TXN_2026082570,2026-08-21,S02,P01,3.0,62.7,5.0,1,CUST_0598,Cash,11
TXN_2026082571,2026-08-15,S01,P03,5.0,38.25,15.0,1,CUST_0547,Cash,15
TXN_2026082572,2026-08-01,S04,P01,1.0,62.7,5.0,1,CUST_0030,UPI,16
TXN_2026082573,2026-08-26,S04,P01,3.0,66.0,0.0,0,CUST_0192,Debit Card,12
TXN_2026082574,2026-08-25,S02,P10,1.0,60.0,0.0,0,CUST_0437,UPI,18
TXN_2026082575,2026-08-17,S01,P03,2.0,45.0,0.0,0,CUST_0179,Credit Card,13
TXN_2026082576,2026-08-02,S01,P10,1.0,60.0,0.0,0,CUST_0616,UPI,13
TXN_2026082577,2026-08-24,S02,P01,2.0,62.7,5.0,1,CUST_0474,UPI,19
TXN_2026082578,2026-08-19,S03,P04,1.0,171.0,5.0,1,CUST_0634,UPI,17
TXN_2026082579,2026-08-25,S02,P01,1.0,62.7,5.0,1,CUST_0134,Cash,21
TXN_2026082580,2026-08-24,S04,P06,3.0,340.0,0.0,0,CUST_0312,Cash,13
TXN_2026082581,2026-08-26,S04,P06,2.0,340.0,0.0,0,CUST_0025,UPI,19
TXN_2026082582,2026-08-16,S01,P01,1.0,66.0,0.0,0,CUST_0371,,19
TXN_2026082583,2026-08-05,S02,P09,2.0,175.0,0.0,0,,UPI,20
TXN_2026082584,2026-08-22,S01,P01,1.0,62.7,5.0,1,CUST_0319,UPI,21
TXN_2026082585,2026-08-20,S01,P05,2.0,40.0,0.0,0,CUST_0230,Cash,8
TXN_2026082586,2026-08-24,S02,P10,1.0,60.0,0.0,0,CUST_0102,UPI,10
TXN_2026082587,2026-08-06,S01,P08,3.0,520.0,0.0,0,CUST_0450,Credit Card,18
TXN_2026082588,2026-08-07,S04,P10,1.0,60.0,0.0,0,CUST_0378,UPI,14
TXN_2026082589,2026-08-28,S01,P03,4.0,45.0,0.0,0,CUST_0203,UPI,19
TXN_2026082590,2026-08-24,S02,P01,1.0,66.0,0.0,0,,Credit Card,8
TXN_2026082591,2026-08-29,S02,P01,1.0,66.0,0.0,0,CUST_0462,Cash,19
TXN_2026082592,2026-08-24,S03,P04,-2.0,180.0,0.0,0,,Debit Card,11
TXN_2026082593,2026-08-19,S01,P06,1.0,306.0,10.0,1,,UPI,12
TXN_2026082594,2026-08-21,S04,P01,1.0,66.0,0.0,0,CUST_0111,Cash,22
TXN_2026082595,2026-08-28,S02,P05,3.0,38.0,5.0,1,CUST_0428,Cash,9
TXN_2026082596,2026-08-18,S02,P03,1.0,45.0,0.0,0,CUST_0469,UPI,13
TXN_2026082597,2026-08-20,S01,P03,1.0,36.0,20.0,1,CUST_0581,UPI,10
TXN_2026082598,2026-08-05,S02,P05,1.0,36.0,10.0,1,CUST_0561,UPI,20
TXN_2026082599,2026-08-15,S04,P03,1.0,45.0,0.0,0,CUST_0250,UPI,18
TXN_2026082600,2026-08-23,S02,P07,2.0,125.0,0.0,0,CUST_0482,Debit Card,19
TXN_2026082601,2026-08-09,S04,P01,3.0,66.0,0.0,0,CUST_0331,UPI,16
TXN_2026082602,2026-08-07,S02,P06,1.0,306.0,10.0,1,CUST_0587,UPI,13
TXN_2026082603,2026-08-10,S01,P01,1.0,66.0,0.0,0,CUST_0201,UPI,8
TXN_2026082604,2026-08-08,S01,P01,1.0,66.0,0.0,0,CUST_0454,Credit Card,12
TXN_2026082605,2026-08-08,S01,P05,3.0,34.0,15.0,1,,Credit Card,16
TXN_2026082606,2026-08-14,S03,P08,2.0,520.0,0.0,0,CUST_0546,Debit Card,18
TXN_2026082607,2026-08-29,S03,P02,4.0,275.0,0.0,0,,UPI,12
TXN_2026082608,2026-08-16,S01,P03,1.0,38.25,15.0,1,CUST_0544,Credit Card,11
TXN_2026082609,2026-08-07,S02,P04,3.0,153.0,15.0,1,CUST_0209,UPI,11
TXN_2026082610,2026-08-02,S02,P01,3.0,62.7,5.0,1,CUST_0644,Cash,13
TXN_2026082611,2026-08-22,S02,P07,3.0,106.25,15.0,1,CUST_0618,UPI,11
TXN_2026082612,2026-08-13,S01,P06,1.0,272.0,20.0,1,CUST_0033,UPI,11
TXN_2026082613,2026-08-26,S01,P01,2.0,52.8,20.0,1,CUST_0555,UPI,9
TXN_2026082614,2026-08-21,S01,P03,1.0,45.0,0.0,0,CUST_0107,UPI,20
TXN_2026082615,2026-08-26,S01,P06,1.0,340.0,0.0,0,CUST_0265,UPI,12
TXN_2026082616,2026-08-09,S01,P03,1.0,45.0,0.0,0,CUST_0226,Credit Card,19
TXN_2026082617,2026-08-22,S01,P05,2.0,34.0,15.0,1,CUST_0487,Cash,15
TXN_2026082618,2026-08-09,S02,P01,5.0,66.0,0.0,0,,UPI,18
TXN_2026082619,2026-08-30,S01,P05,2.0,40.0,0.0,0,CUST_0222,Credit Card,9
TXN_2026082620,2026-08-21,S04,P01,2.0,66.0,0.0,0,CUST_0370,Debit Card,17
TXN_2026082621,2026-08-11,S01,P07,2.0,118.75,5.0,1,CUST_0637,UPI,12
TXN_2026082622,2026-08-09,S01,P03,2.0,42.75,5.0,1,CUST_0167,UPI,10
TXN_2026082623,2026-08-07,S01,P02,1.0,275.0,0.0,0,,UPI,20
TXN_2026082624,2026-08-22,S01,P07,1.0,112.5,10.0,1,CUST_0300,Cash,17
TXN_2026082625,2026-08-08,S04,P01,2.0,66.0,0.0,0,CUST_0381,Cash,12
TXN_2026082626,2026-08-19,S01,P03,1.0,45.0,0.0,0,CUST_0035,UPI,14
TXN_2026082627,2026-08-09,S04,P03,2.0,36.0,20.0,1,CUST_0407,UPI,13
TXN_2026082628,2026-08-22,S04,P02,2.0,261.25,5.0,1,CUST_0502,Debit Card,18
TXN_2026082629,2026-08-26,S02,P09,1.0,175.0,0.0,0,CUST_0314,Credit Card,17
TXN_2026082630,2026-08-25,S02,P06,3.0,255.0,25.0,1,,Debit Card,8
TXN_2026082631,2026-08-24,S02,P01,1.0,66.0,0.0,0,CUST_0569,UPI,11
TXN_2026082632,2026-08-07,S01,P05,1.0,38.0,5.0,1,CUST_0215,Cash,15
TXN_2026082633,2026-08-03,S02,P04,1.0,162.0,10.0,1,CUST_0576,Debit Card,15
TXN_2026082634,2026-08-22,S01,P09,3.0,175.0,0.0,0,CUST_0062,UPI,16
TXN_2026082635,2026-08-12,S01,P03,5.0,45.0,0.0,0,CUST_0369,Credit Card,18
TXN_2026082636,2026-08-15,S02,P04,1.0,180.0,0.0,0,CUST_0368,UPI,18
TXN_2026082637,2026-08-01,S02,P04,1.0,180.0,0.0,0,CUST_0574,UPI,13
TXN_2026082638,2026-08-09,S04,P03,1.0,45.0,0.0,0,CUST_0094,Credit Card,20
TXN_2026082639,2026-08-01,S01,P03,1.0,45.0,0.0,0,CUST_0469,UPI,9
TXN_2026082640,2026-08-28,S04,P01,1.0,62.7,5.0,1,CUST_0026,Credit Card,17
TXN_2026082641,2026-08-08,S01,P06,2.0,323.0,5.0,1,CUST_0435,UPI,21
TXN_2026082642,2026-08-18,S01,P03,3.0,40.5,10.0,1,CUST_0121,Debit Card,17
TXN_2026082643,2026-08-01,S01,P10,2.0,60.0,0.0,0,CUST_0050,UPI,15
TXN_2026082644,2026-08-22,S02,P02,1.0,275.0,0.0,0,CUST_0036,Debit Card,11
TXN_2026082645,2026-08-11,S01,P05,1.0,40.0,0.0,0,CUST_0410,UPI,19
TXN_2026082646,2026-08-29,S02,P10,3.0,45.0,25.0,1,CUST_0289,UPI,13
TXN_2026082647,2026-08-28,S04,P05,2.0,36.0,10.0,1,CUST_0379,Credit Card,18
TXN_2026082648,2026-08-11,S02,P08,1.0,416.0,20.0,1,CUST_0100,UPI,11
TXN_2026082649,2026-08-29,S02,P07,1.0,125.0,0.0,0,CUST_0324,UPI,8
TXN_2026082650,2026-08-31,S04,P03,2.0,42.75,5.0,1,CUST_0329,Credit Card,13
TXN_2026082651,2026-08-27,S03,P05,1.0,38.0,5.0,1,CUST_0648,Digital Wallet,12
TXN_2026082652,2026-08-27,S02,P01,2.0,62.7,5.0,1,CUST_0221,UPI,20
TXN_2026082653,2026-08-08,S01,P04,1.0,162.0,10.0,1,CUST_0567,Debit Card,20
TXN_2026082654,2026-08-18,S04,P02,1.0,275.0,0.0,0,CUST_0110,Credit Card,17
TXN_2026082655,2026-08-02,S02,P06,2.0,323.0,5.0,1,,UPI,8
TXN_2026082656,2026-08-03,S01,P04,1.0,162.0,10.0,1,CUST_0406,Credit Card,12
TXN_2026082657,2026-08-31,S01,P03,1.0,45.0,0.0,0,CUST_0410,Cash,18
TXN_2026082658,2026-08-11,S04,P02,1.0,220.0,20.0,1,CUST_0129,Credit Card,10
TXN_2026082659,2026-08-24,S01,P10,2.0,60.0,0.0,0,CUST_0484,Cash,18
TXN_2026082660,2026-08-26,S04,P01,2.0,59.4,10.0,1,CUST_0108,UPI,8
TXN_2026082661,2026-08-28,S01,P01,1.0,59.4,10.0,1,CUST_0389,Credit Card,18
TXN_2026082662,2026-08-31,S03,P01,2.0,62.7,5.0,1,CUST_0425,UPI,20
TXN_2026082663,2026-08-08,S01,P10,1.0,60.0,0.0,0,CUST_0447,UPI,15
TXN_2026082664,2026-08-02,S02,P10,1.0,57.0,5.0,1,CUST_0068,Credit Card,19
TXN_2026082665,2026-08-14,S04,P05,1.0,40.0,0.0,0,CUST_0066,Credit Card,19
TXN_2026082666,2026-08-04,S02,P08,2.0,390.0,25.0,1,CUST_0565,UPI,18
TXN_2026082667,2026-08-01,S02,P01,1.0,66.0,0.0,0,CUST_0640,UPI,15
TXN_2026082668,2026-08-12,S01,P10,1.0,60.0,0.0,0,CUST_0504,Credit Card,12
TXN_2026082669,2026-08-25,S01,P01,1.0,52.8,20.0,1,CUST_0504,Credit Card,20
TXN_2026082670,2026-08-18,S01,P01,1.0,66.0,0.0,0,CUST_0321,UPI,18
TXN_2026082671,2026-08-10,S03,P01,3.0,66.0,0.0,0,CUST_0580,UPI,19
TXN_2026082672,2026-08-21,S01,P04,1.0,162.0,10.0,1,CUST_0447,Debit Card,17
TXN_2026082673,2026-08-08,S01,P06,1.0,340.0,0.0,0,CUST_0574,Debit Card,11
TXN_2026082674,2026-08-01,S02,P03,1.0,45.0,0.0,0,CUST_0210,UPI,22
TXN_2026082675,2026-08-24,S02,P10,1.0,60.0,0.0,0,CUST_0370,UPI,11
TXN_2026082676,2026-08-20,S03,P03,2.0,38.25,15.0,1,,UPI,20
TXN_2026082677,2026-08-24,S01,P01,1.0,66.0,0.0,0,CUST_0628,Cash,11
TXN_2026082678,2026-08-01,S01,P03,1.0,42.75,5.0,1,CUST_0458,Debit Card,13
TXN_2026082679,2026-08-27,S04,P05,2.0,40.0,0.0,0,CUST_0577,UPI,15
TXN_2026082680,2026-08-20,S01,P07,1.0,125.0,0.0,0,CUST_0642,Cash,20
TXN_2026082681,2026-08-18,S04,P03,2.0,45.0,0.0,0,,UPI,20
TXN_2026082682,2026-08-20,S04,P05,2.0,30.0,25.0,1,CUST_0332,UPI,19
TXN_2026082683,2026-08-28,S03,P02,1.0,275.0,0.0,0,,Cash,13
TXN_2026082684,2026-08-19,S01,P05,1.0,40.0,0.0,0,CUST_0468,Cash,8
TXN_2026082685,2026-08-19,S04,P10,1.0,60.0,0.0,0,CUST_0426,Debit Card,18
TXN_2026082686,2026-08-31,S03,P01,2.0,66.0,0.0,0,CUST_0327,Credit Card,14
TXN_2026082687,2026-08-24,S02,P08,2.0,520.0,0.0,0,CUST_0106,UPI,19
TXN_2026082688,2026-08-15,S01,P04,1.0,180.0,0.0,0,CUST_0255,Cash,19
TXN_2026082689,2026-08-23,S01,P02,1.0,275.0,0.0,0,CUST_0358,Credit Card,15
TXN_2026082690,2026-08-13,S01,P10,2.0,54.0,10.0,1,CUST_0444,UPI,19
TXN_2026082691,2026-08-08,S02,P03,1.0,45.0,0.0,0,CUST_0113,Credit Card,20
TXN_2026082692,2026-08-19,S02,P03,1.0,45.0,0.0,0,CUST_0030,Cash,20
TXN_2026082693,2026-08-29,S01,P01,1.0,66.0,0.0,0,CUST_0524,Cash,17
TXN_2026082694,2026-08-29,S02,P02,2.0,275.0,0.0,0,CUST_0046,Credit Card,19
TXN_2026082695,2026-08-11,S01,P07,1.0,125.0,0.0,0,CUST_0171,Debit Card,16
TXN_2026082696,2026-08-17,S02,P05,1.0,40.0,0.0,0,CUST_0130,UPI,8
TXN_2026082697,2026-08-07,S04,P09,3.0,157.5,10.0,1,CUST_0353,Credit Card,11
TXN_2026082698,2026-08-31,S01,P02,1.0,275.0,0.0,0,CUST_0203,Debit Card,11
TXN_2026082699,2026-08-31,S01,P01,1.0,66.0,0.0,0,CUST_0226,UPI,11
TXN_2026082700,2026-08-21,S01,P01,2.0,62.7,5.0,1,CUST_0080,Cash,8
TXN_2026082701,2026-08-26,S02,P04,1.0,162.0,10.0,1,CUST_0310,Cash,20
TXN_2026082702,2026-08-23,S03,P10,2.0,60.0,0.0,0,CUST_0035,UPI,17
TXN_2026082703,2026-08-19,S04,P05,1.0,40.0,0.0,0,,Cash,14
TXN_2026082704,2026-08-02,S01,P03,1.0,45.0,0.0,0,CUST_0161,Credit Card,14
TXN_2026082705,2026-08-15,S04,P08,2.0,416.0,20.0,1,CUST_0596,Credit Card,15
TXN_2026082706,2026-08-22,S01,P06,3.0,323.0,5.0,1,CUST_0435,Cash,9
TXN_2026082707,2026-08-22,S02,P01,2.0,66.0,0.0,0,CUST_0538,UPI,12
TXN_2026082708,2026-08-12,S01,P07,1.0,125.0,0.0,0,CUST_0225,Debit Card,20
TXN_2026082709,2026-08-30,S04,P03,1.0,40.5,10.0,1,CUST_0446,UPI,19
TXN_2026082710,2026-08-06,S02,P01,1.0,66.0,0.0,0,,Debit Card,17
TXN_2026082711,2026-08-16,S02,P02,3.0,247.5,10.0,1,CUST_0414,Credit Card,16
TXN_2026082712,2026-08-22,S04,P03,4.0,38.25,15.0,1,,UPI,12
TXN_2026082713,2026-08-22,S01,P03,1.0,45.0,0.0,0,CUST_0225,UPI,15
TXN_2026082714,2026-08-21,S01,P02,1.0,275.0,0.0,0,CUST_0553,UPI,17
TXN_2026082715,2026-08-09,S04,P01,1.0,66.0,0.0,0,CUST_0645,UPI,18
TXN_2026082716,2026-08-05,S01,P06,4.0,340.0,0.0,0,,UPI,11
TXN_2026082717,2026-08-21,S01,P10,1.0,57.0,5.0,1,CUST_0397,Debit Card,19
TXN_2026082718,2026-08-19,S02,P06,1.0,340.0,0.0,0,CUST_0210,Cash,13
TXN_2026082719,2026-08-06,S02,P02,1.0,275.0,0.0,0,CUST_0474,Cash,16
TXN_2026082720,2026-08-23,S01,P02,-2.0,275.0,0.0,0,CUST_0571,Cash,17
TXN_2026082721,2026-08-15,S01,P01,1.0,56.1,15.0,1,CUST_0490,Cash,16
TXN_2026082722,2026-08-22,S01,P01,1.0,66.0,0.0,0,CUST_0180,UPI,17
TXN_2026082723,2026-08-27,S02,P04,1.0,180.0,0.0,0,CUST_0524,Debit Card,10
TXN_2026082724,2026-08-06,S04,P05,1.0,40.0,0.0,0,CUST_0459,Debit Card,15
TXN_2026082725,2026-08-01,S04,P05,1.0,38.0,5.0,1,CUST_0068,UPI,12
TXN_2026082726,2026-08-25,S02,P05,1.0,40.0,0.0,0,CUST_0329,Credit Card,10
TXN_2026082727,2026-08-20,S01,P02,3.0,275.0,0.0,0,CUST_0202,Credit Card,11
TXN_2026082728,2026-08-22,S04,P03,2.0,33.75,25.0,1,CUST_0475,Cash,17
TXN_2026082729,2026-08-27,S02,P05,2.0,40.0,0.0,0,CUST_0518,Debit Card,11
TXN_2026082730,2026-08-26,S01,P03,1.0,45.0,0.0,0,CUST_0015,Cash,11
TXN_2026082731,2026-08-30,S04,P01,2.0,56.1,15.0,1,CUST_0042,UPI,17
TXN_2026082732,2026-08-17,S03,P03,1.0,45.0,0.0,0,CUST_0543,UPI,20
TXN_2026082733,2026-08-16,S03,P02,1.0,275.0,0.0,0,CUST_0289,Digital Wallet,19
TXN_2026082734,2026-08-13,S03,P01,1.0,66.0,0.0,0,CUST_0533,UPI,20
TXN_2026082735,2026-08-05,S01,P07,,118.75,5.0,1,CUST_0244,UPI,17
TXN_2026082736,2026-08-18,S01,P08,1.0,390.0,25.0,1,CUST_0612,Credit Card,14
TXN_2026082737,2026-08-09,S03,P01,1.0,62.7,5.0,1,CUST_0567,Cash,18
TXN_2026082738,2026-08-29,S01,P01,1.0,66.0,0.0,0,CUST_0598,UPI,12
TXN_2026082739,2026-08-19,S02,P05,1.0,40.0,0.0,0,CUST_0174,UPI,9
TXN_2026082740,2026-08-19,S03,P01,2.0,66.0,0.0,0,CUST_0534,Credit Card,13
TXN_2026082741,2026-08-12,S03,P03,1.0,40.5,10.0,1,CUST_0509,Credit Card,13
TXN_2026082742,2026-08-02,S02,P01,3.0,62.7,5.0,1,CUST_0244,UPI,18
TXN_2026082743,2026-08-01,S03,P02,1.0,261.25,5.0,1,CUST_0060,Cash,17
TXN_2026082744,2026-08-14,S04,P06,1.0,255.0,25.0,1,CUST_0104,Debit Card,11
TXN_2026082745,2026-08-03,S02,P07,4.0,125.0,0.0,0,,Cash,20
TXN_2026082746,2026-08-19,S01,P01,1.0,66.0,0.0,0,CUST_0077,UPI,17
TXN_2026082747,2026-08-28,S01,P03,2.0,38.25,15.0,1,CUST_0018,Debit Card,15
TXN_2026082748,2026-08-28,S01,P01,1.0,66.0,0.0,0,CUST_0534,Digital Wallet,21
TXN_2026082749,2026-08-21,S01,P01,1.0,66.0,0.0,0,CUST_0184,Credit Card,10
TXN_2026082750,2026-08-07,S01,P10,1.0,60.0,0.0,0,CUST_0550,UPI,19
TXN_2026082751,2026-08-28,S01,P05,3.0,40.0,0.0,0,CUST_0281,Digital Wallet,13
TXN_2026082752,2026-08-28,S02,P04,1.0,180.0,0.0,0,CUST_0288,Credit Card,18
TXN_2026082753,2026-08-07,S04,P06,1.0,,15.0,1,CUST_0525,Cash,20
TXN_2026082754,2026-08-23,S01,P07,2.0,125.0,0.0,0,,UPI,16
TXN_2026082755,2026-08-09,S03,P07,1.0,125.0,0.0,0,,Credit Card,8
TXN_2026082756,2026-08-26,S03,P01,3.0,66.0,0.0,0,CUST_0609,Cash,8
TXN_2026082757,2026-08-31,S01,P01,1.0,59.4,10.0,1,CUST_0357,Credit Card,13
TXN_2026082758,2026-08-01,S04,P05,2.0,40.0,0.0,0,CUST_0001,UPI,19
TXN_2026082759,2026-08-29,S02,P03,1.0,40.5,10.0,1,CUST_0027,UPI,12
TXN_2026082760,2026-08-20,S01,P10,1.0,60.0,0.0,0,CUST_0548,UPI,13
TXN_2026082761,2026-08-31,S03,P05,2.0,40.0,0.0,0,CUST_0160,UPI,19
TXN_2026082762,2026-08-15,S01,P10,1.0,54.0,10.0,1,CUST_0399,Debit Card,10
TXN_2026082763,2026-08-27,S03,P01,1.0,66.0,0.0,0,CUST_0543,UPI,20
TXN_2026082764,2026-08-02,S01,P08,4.0,520.0,0.0,0,CUST_0127,UPI,12
TXN_2026082765,2026-08-11,S04,P03,1.0,42.75,5.0,1,CUST_0210,UPI,9
TXN_2026082766,2026-08-02,S02,P10,3.0,60.0,0.0,0,CUST_0150,Credit Card,10
TXN_2026082767,2026-08-31,S02,P01,2.0,,20.0,1,CUST_0031,Credit Card,21
TXN_2026082768,2026-08-26,S01,P04,2.0,180.0,0.0,0,CUST_0612,Debit Card,15
TXN_2026082769,2026-08-28,S02,P06,3.0,306.0,10.0,1,CUST_0302,Cash,12
TXN_2026082770,2026-08-30,S03,P03,1.0,40.5,10.0,1,CUST_0257,UPI,16
TXN_2026082771,2026-08-03,S02,P03,3.0,45.0,0.0,0,CUST_0057,Credit Card,18
TXN_2026082772,2026-08-13,S02,P10,120.0,60.0,0.0,0,CUST_0009,UPI,13
TXN_2026082773,2026-08-02,S02,P03,2.0,45.0,0.0,0,CUST_0005,UPI,18
TXN_2026082774,2026-08-07,S04,P05,1.0,30.0,25.0,1,CUST_0114,Credit Card,12
TXN_2026082775,2026-08-08,S02,P01,3.0,59.4,10.0,1,CUST_0205,Debit Card,10
TXN_2026082776,2026-08-15,S04,P07,3.0,125.0,0.0,0,CUST_0024,UPI,17
TXN_2026082777,2026-08-09,S04,P05,2.0,40.0,0.0,0,CUST_0493,UPI,11
TXN_2026082778,2026-08-03,S02,P03,1.0,45.0,0.0,0,CUST_0406,Debit Card,21
TXN_2026082779,2026-08-06,S01,P01,2.0,62.7,5.0,1,CUST_0103,Debit Card,8
TXN_2026082780,2026-08-05,S02,P05,1.0,32.0,20.0,1,CUST_0060,UPI,19
TXN_2026082781,2026-08-31,S04,P01,1.0,66.0,0.0,0,CUST_0086,Credit Card,12
TXN_2026082782,2026-08-24,S01,P01,1.0,59.4,10.0,1,CUST_0372,Cash,20
TXN_2026082783,2026-08-30,S02,P05,1.0,40.0,0.0,0,CUST_0596,UPI,9
TXN_2026082784,2026-08-15,S04,P01,1.0,59.4,10.0,1,CUST_0202,UPI,21
TXN_2026082785,2026-08-09,S01,P01,1.0,66.0,0.0,0,CUST_0602,UPI,10
TXN_2026082786,2026-08-26,S02,P05,1.0,36.0,10.0,1,CUST_0089,Debit Card,19
TXN_2026082787,2026-08-11,S01,P01,1.0,52.8,20.0,1,CUST_0437,UPI,16
TXN_2026082788,2026-08-10,S01,P03,1.0,42.75,5.0,1,CUST_0120,Digital Wallet,15
TXN_2026082789,2026-08-08,S03,P01,1.0,52.8,20.0,1,CUST_0156,Debit Card,12
TXN_2026082790,2026-08-04,S01,P04,1.0,180.0,0.0,0,CUST_0399,UPI,20
TXN_2026082791,2026-08-09,S01,P05,1.0,30.0,25.0,1,CUST_0188,UPI,11
TXN_2026082792,2026-08-12,S04,P05,1.0,34.0,15.0,1,CUST_0052,Credit Card,18
TXN_2026082793,2026-08-22,S01,P02,4.0,275.0,0.0,0,CUST_0531,UPI,15
TXN_2026082794,2026-08-02,S04,P01,1.0,66.0,0.0,0,CUST_0480,,22
TXN_2026082795,2026-08-07,S04,P01,1.0,52.8,20.0,1,CUST_0587,Credit Card,17
TXN_2026082796,2026-08-26,S01,P03,1.0,45.0,0.0,0,CUST_0230,UPI,10
TXN_2026082797,2026-08-05,S01,P10,2.0,60.0,0.0,0,CUST_0481,Credit Card,14
TXN_2026082798,2026-08-11,S03,P01,1.0,59.4,10.0,1,,UPI,9
TXN_2026082799,2026-08-28,S02,P02,4.0,275.0,0.0,0,CUST_0055,Credit Card,12
TXN_2026082800,2026-08-05,S01,P01,1.0,59.4,10.0,1,CUST_0271,UPI,13
TXN_2026082801,2026-08-03,S03,P05,1.0,40.0,0.0,0,CUST_0100,Credit Card,20
TXN_2026082802,2026-08-15,S01,P05,5.0,40.0,0.0,0,CUST_0069,Credit Card,20
TXN_2026082803,2026-08-10,S04,P05,1.0,38.0,5.0,1,CUST_0299,Credit Card,8
TXN_2026082804,2026-08-18,S01,P08,4.0,520.0,0.0,0,CUST_0529,Debit Card,17
TXN_2026082805,2026-08-26,S01,P03,3.0,38.25,15.0,1,CUST_0354,UPI,12
TXN_2026082806,2026-08-05,S01,P01,4.0,62.7,5.0,1,CUST_0628,Credit Card,13
TXN_2026082807,2026-08-19,S04,P02,2.0,275.0,0.0,0,CUST_0152,Credit Card,8
TXN_2026082808,2026-08-16,S03,P05,1.0,38.0,5.0,1,CUST_0330,Credit Card,19
TXN_2026082809,2026-08-05,S04,P05,1.0,36.0,10.0,1,CUST_0116,Digital Wallet,21
TXN_2026082810,2026-08-20,S01,P04,1.0,144.0,20.0,1,CUST_0542,UPI,12
TXN_2026082811,2026-08-09,S01,P05,5.0,36.0,10.0,1,CUST_0323,Debit Card,13
TXN_2026082812,2026-08-16,S01,P05,1.0,40.0,0.0,0,CUST_0563,UPI,11
TXN_2026082813,2026-08-03,S02,P08,1.0,520.0,0.0,0,CUST_0572,Credit Card,20
TXN_2026082814,2026-08-15,S02,P04,2.0,153.0,15.0,1,CUST_0229,Debit Card,8
TXN_2026082815,2026-08-10,S02,P06,1.0,306.0,10.0,1,CUST_0360,UPI,17
TXN_2026082816,2026-08-27,S01,P02,2.0,275.0,0.0,0,CUST_0005,Debit Card,20
TXN_2026082817,2026-08-02,S04,P05,3.0,38.0,5.0,1,CUST_0028,UPI,11
TXN_2026082818,2026-08-14,S01,P09,,175.0,0.0,0,CUST_0364,Credit Card,17
TXN_2026082819,2026-08-15,S04,P03,2.0,45.0,0.0,0,CUST_0462,Debit Card,9
TXN_2026082820,2026-08-23,S01,P06,2.0,323.0,5.0,1,CUST_0231,UPI,19
TXN_2026082821,2026-08-18,S02,P05,2.0,40.0,0.0,0,CUST_0395,Debit Card,12
TXN_2026082822,2026-08-22,S01,P01,1.0,59.4,10.0,1,CUST_0271,UPI,22
TXN_2026082823,2026-08-25,S02,P04,1.0,180.0,0.0,0,CUST_0304,Debit Card,20
TXN_2026082824,2026-08-28,S02,P01,1.0,66.0,0.0,0,,Credit Card,19
TXN_2026082825,2026-08-10,S02,P10,2.0,60.0,0.0,0,CUST_0558,Debit Card,16
TXN_2026082826,2026-08-17,S02,P07,1.0,125.0,0.0,0,CUST_0028,Cash,19
TXN_2026082827,2026-08-27,S03,P01,1.0,66.0,0.0,0,CUST_0519,UPI,11
TXN_2026082828,2026-08-31,S03,P01,1.0,56.1,15.0,1,CUST_0199,UPI,13
TXN_2026082829,2026-08-28,S04,P05,1.0,40.0,0.0,0,CUST_0606,Cash,8
TXN_2026082830,2026-08-12,S01,P03,1.0,38.25,15.0,1,CUST_0082,UPI,18
TXN_2026082831,2026-08-07,S02,P01,1.0,66.0,0.0,0,CUST_0088,Credit Card,19
TXN_2026082832,2026-08-16,S02,P04,2.0,144.0,20.0,1,CUST_0390,Cash,21
TXN_2026082833,2026-08-24,S01,P03,2.0,45.0,0.0,0,CUST_0580,Debit Card,18
TXN_2026082834,2026-08-16,S02,P01,1.0,66.0,0.0,0,CUST_0451,UPI,19
TXN_2026082835,2026-08-15,S01,P07,2.0,118.75,5.0,1,CUST_0433,UPI,20
TXN_2026082836,2026-08-27,S01,P09,1.0,157.5,10.0,1,CUST_0374,UPI,21
TXN_2026082837,2026-08-12,S01,P06,3.0,340.0,0.0,0,CUST_0435,UPI,16
TXN_2026082838,2026-08-28,S01,P07,1.0,125.0,0.0,0,CUST_0187,UPI,10
TXN_2026082839,2026-08-14,S03,P01,3.0,66.0,0.0,0,CUST_0390,Debit Card,15
TXN_2026082840,2026-08-11,S02,P02,1.0,275.0,0.0,0,CUST_0218,UPI,17
TXN_2026082841,2026-08-15,S04,P01,1.0,66.0,0.0,0,CUST_0108,Cash,18
TXN_2026082842,2026-08-24,S03,P06,2.0,340.0,0.0,0,CUST_0550,Cash,22
TXN_2026082843,2026-08-04,S01,P10,1.0,54.0,10.0,1,CUST_0349,Cash,20
TXN_2026082844,2026-08-07,S04,P05,2.0,32.0,20.0,1,CUST_0522,UPI,14
TXN_2026082845,2026-08-30,S04,P08,1.0,520.0,0.0,0,CUST_0026,Credit Card,10
TXN_2026082846,2026-08-06,S02,P05,1.0,38.0,5.0,1,CUST_0048,UPI,12
TXN_2026082847,2026-08-18,S02,P03,2.0,45.0,0.0,0,CUST_0370,UPI,11
TXN_2026082848,2026-08-18,S04,P03,1.0,45.0,0.0,0,CUST_0014,Credit Card,13
TXN_2026082849,2026-08-16,S02,P01,1.0,62.7,5.0,1,CUST_0612,Debit Card,20
TXN_2026082850,2026-08-21,S04,P01,3.0,59.4,10.0,1,CUST_0187,UPI,15
TXN_2026082851,2026-08-08,S01,P05,3.0,30.0,25.0,1,CUST_0524,UPI,17
TXN_2026082852,2026-08-17,S01,P03,2.0,40.5,10.0,1,CUST_0279,UPI,11
TXN_2026082853,2026-08-12,S02,P04,2.0,180.0,0.0,0,,Debit Card,16
TXN_2026082854,2026-08-21,S02,P04,5.0,180.0,0.0,0,CUST_0328,Cash,20
TXN_2026082855,2026-08-05,S04,P02,2.0,247.5,10.0,1,CUST_0634,UPI,19
TXN_2026082856,2026-08-18,S04,P03,3.0,45.0,0.0,0,CUST_0607,UPI,9
TXN_2026082857,2026-08-06,S01,P03,1.0,45.0,0.0,0,CUST_0025,Cash,20
TXN_2026082858,2026-08-09,S01,P03,2.0,45.0,0.0,0,CUST_0529,UPI,12
TXN_2026082859,2026-08-08,S04,P07,1.0,106.25,15.0,1,,Debit Card,18
TXN_2026082860,2026-08-06,S02,P03,2.0,40.5,10.0,1,CUST_0029,UPI,11
TXN_2026082861,2026-08-27,S01,P05,3.0,40.0,0.0,0,CUST_0323,Credit Card,18
TXN_2026082862,2026-08-09,S02,P09,1.0,131.25,25.0,1,CUST_0313,Credit Card,8
TXN_2026082863,2026-08-29,S03,P08,2.0,468.0,10.0,1,CUST_0584,,17
TXN_2026082864,2026-08-30,S03,P09,3.0,175.0,0.0,0,CUST_0270,UPI,18
TXN_2026082865,2026-08-18,S02,P02,3.0,275.0,0.0,0,CUST_0295,UPI,12
TXN_2026082866,2026-08-05,S01,P01,1.0,62.7,5.0,1,CUST_0223,UPI,21
TXN_2026082867,2026-08-12,S04,P02,3.0,275.0,0.0,0,CUST_0075,Credit Card,9
TXN_2026082868,2026-08-26,S02,P02,1.0,247.5,10.0,1,CUST_0102,Cash,20
TXN_2026082869,2026-08-12,S02,P09,2.0,148.75,15.0,1,CUST_0532,Cash,14
TXN_2026082870,2026-08-03,S01,P05,1.0,40.0,0.0,0,,UPI,18
TXN_2026082871,2026-08-18,S03,P01,,59.4,10.0,1,CUST_0173,Cash,18
TXN_2026082872,2026-08-27,S01,P01,1.0,66.0,0.0,0,CUST_0004,UPI,11
TXN_2026082873,2026-08-26,S01,P01,1.0,66.0,0.0,0,CUST_0479,UPI,13
TXN_2026082874,2026-08-06,S02,P05,2.0,36.0,10.0,1,CUST_0395,Debit Card,17
TXN_2026082875,2026-08-22,S01,P05,1.0,38.0,5.0,1,CUST_0626,UPI,20
TXN_2026082876,2026-08-08,S02,P08,2.0,494.0,5.0,1,CUST_0167,UPI,21
TXN_2026082877,2026-08-08,S01,P10,5.0,60.0,0.0,0,CUST_0300,UPI,8
TXN_2026082878,2026-08-28,S02,P01,2.0,62.7,5.0,1,CUST_0118,Debit Card,13
TXN_2026082879,2026-08-08,S01,P03,1.0,45.0,0.0,0,CUST_0512,Credit Card,18
TXN_2026082880,2026-08-09,S01,P02,1.0,275.0,0.0,0,CUST_0612,UPI,16
TXN_2026082881,2026-08-01,S01,P03,1.0,45.0,0.0,0,,Debit Card,21
TXN_2026082882,2026-08-28,S04,P09,1.0,166.25,5.0,1,CUST_0159,Debit Card,8
TXN_2026082883,2026-08-25,S04,P04,3.0,180.0,0.0,0,CUST_0384,Debit Card,15
TXN_2026082884,2026-08-20,S01,P05,1.0,40.0,0.0,0,CUST_0227,Credit Card,18
TXN_2026082885,2026-08-24,S03,P03,3.0,45.0,0.0,0,CUST_0038,UPI,12
TXN_2026082886,2026-08-05,S02,P01,1.0,59.4,10.0,1,CUST_0463,UPI,18
TXN_2026082887,2026-08-15,S04,P01,1.0,66.0,0.0,0,CUST_0431,Debit Card,9
TXN_2026082888,2026-08-12,S01,P04,1.0,162.0,10.0,1,CUST_0648,Debit Card,15
TXN_2026082889,2026-08-03,S03,P05,2.0,40.0,0.0,0,CUST_0104,Digital Wallet,18
TXN_2026082890,2026-08-15,S01,P01,1.0,62.7,5.0,1,CUST_0193,UPI,12
TXN_2026082891,2026-08-29,S01,P05,1.0,36.0,10.0,1,CUST_0250,UPI,9
TXN_2026082892,2026-08-02,S04,P07,2.0,125.0,0.0,0,CUST_0013,UPI,21
TXN_2026082893,2026-08-09,S02,P03,4.0,45.0,0.0,0,CUST_0567,UPI,20
TXN_2026082894,2026-08-07,S01,P06,1.0,340.0,0.0,0,CUST_0597,Credit Card,20
TXN_2026082895,2026-08-08,S01,P03,1.0,42.75,5.0,1,CUST_0621,Digital Wallet,22
TXN_2026082896,2026-08-29,S03,P05,1.0,40.0,0.0,0,CUST_0555,Credit Card,11
TXN_2026082897,2026-08-15,S02,P06,2.0,340.0,0.0,0,,Credit Card,11
TXN_2026082898,2026-08-15,S01,P10,2.0,60.0,0.0,0,CUST_0071,Debit Card,8
TXN_2026082899,2026-08-24,S04,P03,3.0,45.0,0.0,0,CUST_0571,UPI,20
TXN_2026082900,2026-08-05,S01,P03,1.0,42.75,5.0,1,CUST_0438,Debit Card,19
TXN_2026082901,2026-08-16,S01,P01,1.0,66.0,0.0,0,CUST_0044,Credit Card,18
TXN_2026082902,2026-08-15,S04,P01,1.0,59.4,10.0,1,CUST_0272,UPI,20
TXN_2026082903,2026-08-19,S01,P05,2.0,32.0,20.0,1,CUST_0014,Credit Card,17
TXN_2026082904,2026-08-31,S01,P09,1.0,175.0,0.0,0,CUST_0371,Credit Card,11
TXN_2026082905,2026-08-25,S02,P03,5.0,40.5,10.0,1,CUST_0112,UPI,11
TXN_2026082906,2026-08-13,S04,P01,1.0,66.0,0.0,0,CUST_0379,UPI,11
TXN_2026082907,2026-08-27,S01,P02,1.0,261.25,5.0,1,CUST_0314,UPI,13
TXN_2026082908,2026-08-06,S04,P03,1.0,45.0,0.0,0,CUST_0415,UPI,14
TXN_2026082909,2026-08-01,S03,P02,1.0,233.75,15.0,1,CUST_0485,UPI,19
TXN_2026082910,2026-08-07,S01,P02,2.0,275.0,0.0,0,CUST_0169,Credit Card,11
TXN_2026082911,2026-08-11,S03,P05,2.0,34.0,15.0,1,CUST_0246,Credit Card,18
TXN_2026082912,2026-08-16,S01,P01,1.0,59.4,10.0,1,CUST_0266,Credit Card,16
TXN_2026082913,2026-08-20,S02,P04,1.0,180.0,0.0,0,CUST_0243,Cash,22
TXN_2026082914,2026-08-29,S03,P06,2.0,340.0,0.0,0,CUST_0300,Credit Card,19
TXN_2026082915,2026-08-16,S04,P02,2.0,247.5,10.0,1,CUST_0327,Credit Card,22
TXN_2026082916,2026-08-16,S01,P05,1.0,40.0,0.0,0,CUST_0530,Cash,13
TXN_2026082917,2026-08-02,S02,P05,2.0,32.0,20.0,1,CUST_0595,Credit Card,10
TXN_2026082918,2026-08-01,S02,P05,1.0,32.0,20.0,1,CUST_0342,UPI,16
TXN_2026082919,2026-08-17,S01,P03,2.0,42.75,5.0,1,,UPI,10
TXN_2026082920,2026-08-15,S01,P03,2.0,45.0,0.0,0,CUST_0249,Debit Card,16
TXN_2026082921,2026-08-27,S01,P07,1.0,125.0,0.0,0,CUST_0380,Debit Card,12
TXN_2026082922,2026-08-06,S03,P06,2.0,289.0,15.0,1,CUST_0532,Digital Wallet,16
TXN_2026082923,2026-08-01,S02,P03,1.0,45.0,0.0,0,CUST_0381,Credit Card,21
TXN_2026082924,2026-08-15,S01,P01,1.0,66.0,0.0,0,CUST_0042,Cash,12
TXN_2026082925,2026-08-08,S04,P01,1.0,66.0,0.0,0,CUST_0345,UPI,22
TXN_2026082926,2026-08-02,S04,P01,1.0,52.8,20.0,1,CUST_0599,Credit Card,12
TXN_2026082927,2026-08-23,S02,P04,2.0,180.0,0.0,0,,Cash,11
TXN_2026082928,2026-08-04,S01,P01,1.0,56.1,15.0,1,,UPI,17
TXN_2026082929,2026-08-20,S02,P03,2.0,45.0,0.0,0,CUST_0240,UPI,20
TXN_2026082930,2026-08-09,S01,P06,1.0,340.0,0.0,0,CUST_0313,UPI,19
TXN_2026082931,2026-08-06,S01,P02,1.0,247.5,10.0,1,CUST_0441,Debit Card,18
TXN_2026082932,2026-08-13,S03,P06,1.0,340.0,0.0,0,CUST_0133,UPI,12
TXN_2026082933,2026-08-26,S01,P06,1.0,340.0,0.0,0,CUST_0051,Credit Card,8
TXN_2026082934,2026-08-13,S01,P02,5.0,247.5,10.0,1,CUST_0618,UPI,11
TXN_2026082935,2026-08-24,S01,P05,2.0,40.0,0.0,0,CUST_0392,UPI,13
TXN_2026082936,2026-08-04,S01,P06,1.0,340.0,0.0,0,CUST_0523,Digital Wallet,22
TXN_2026082937,2026-08-25,S01,P03,3.0,45.0,0.0,0,CUST_0508,UPI,20
TXN_2026082938,2026-08-08,S04,P01,1.0,62.7,5.0,1,CUST_0354,UPI,11
TXN_2026082939,2026-08-22,S01,P04,1.0,,10.0,1,CUST_0395,UPI,18
TXN_2026082940,2026-08-18,S01,P09,1.0,175.0,0.0,0,CUST_0096,Credit Card,17
TXN_2026082941,2026-08-29,S01,P05,3.0,40.0,0.0,0,CUST_0106,UPI,9
TXN_2026082942,2026-08-13,S04,P01,2.0,66.0,0.0,0,CUST_0513,Credit Card,13
TXN_2026082943,2026-08-02,S02,P05,2.0,40.0,0.0,0,CUST_0558,Cash,16
TXN_2026082944,2026-08-01,S01,P03,2.0,45.0,0.0,0,CUST_0242,UPI,18
TXN_2026082945,2026-08-27,S04,P05,2.0,40.0,0.0,0,CUST_0488,UPI,13
TXN_2026082946,2026-08-16,S01,P05,2.0,36.0,10.0,1,CUST_0515,Credit Card,21
TXN_2026082947,2026-08-25,S01,P04,1.0,144.0,20.0,1,CUST_0061,Credit Card,15
TXN_2026082948,2026-08-08,S01,P07,1.0,106.25,15.0,1,CUST_0416,UPI,12
TXN_2026082949,2026-08-11,S01,P05,1.0,40.0,0.0,0,CUST_0294,Credit Card,13
TXN_2026082950,2026-08-01,S01,P05,3.0,40.0,0.0,0,CUST_0302,Digital Wallet,19
TXN_2026082951,2026-08-30,S02,P01,2.0,59.4,10.0,1,CUST_0170,UPI,18
TXN_2026082952,2026-08-22,S01,P07,1.0,125.0,0.0,0,CUST_0646,Credit Card,19
TXN_2026082953,2026-08-29,S02,P09,1.0,148.75,15.0,1,CUST_0041,UPI,12
TXN_2026082954,2026-08-09,S01,P01,1.0,56.1,15.0,1,CUST_0231,Credit Card,13
TXN_2026082955,2026-08-20,S01,P03,2.0,45.0,0.0,0,CUST_0409,Credit Card,14
TXN_2026082956,2026-08-22,S02,P02,1.0,275.0,0.0,0,CUST_0622,Credit Card,11
TXN_2026082957,2026-08-10,S04,P06,2.0,340.0,0.0,0,CUST_0297,Credit Card,18
TXN_2026082958,2026-08-27,S01,P05,1.0,40.0,0.0,0,CUST_0455,UPI,13
TXN_2026082959,2026-08-30,S02,P01,2.0,59.4,10.0,1,,Debit Card,13
TXN_2026082960,2026-08-28,S01,P08,2.0,390.0,25.0,1,CUST_0635,Credit Card,12
TXN_2026082961,2026-08-23,S01,P01,2.0,56.1,15.0,1,CUST_0240,UPI,15
TXN_2026082962,2026-08-09,S01,P06,1.0,340.0,0.0,0,CUST_0598,Cash,19
TXN_2026082963,2026-08-09,S01,P03,2.0,36.0,20.0,1,CUST_0176,UPI,20
TXN_2026082964,2026-08-30,S01,P03,1.0,40.5,10.0,1,CUST_0063,Debit Card,19
TXN_2026082965,2026-08-01,S01,P01,4.0,56.1,15.0,1,CUST_0551,UPI,17
TXN_2026082966,2026-08-23,S03,P01,1.0,56.1,15.0,1,CUST_0138,Credit Card,12
TXN_2026082967,2026-08-23,S01,P05,1.0,40.0,0.0,0,CUST_0454,UPI,19
TXN_2026082968,2026-08-20,S02,P04,2.0,180.0,0.0,0,CUST_0449,UPI,8
TXN_2026082969,2026-08-31,S01,P01,1.0,66.0,0.0,0,CUST_0226,UPI,19
TXN_2026082970,2026-08-10,S02,P01,2.0,66.0,0.0,0,CUST_0443,Debit Card,19
TXN_2026082971,2026-08-11,S02,P01,1.0,62.7,5.0,1,CUST_0206,Debit Card,18
TXN_2026082972,2026-08-03,S01,P06,1.0,340.0,0.0,0,CUST_0027,Credit Card,10
TXN_2026082973,2026-08-15,S01,P05,3.0,40.0,0.0,0,CUST_0457,Cash,22
TXN_2026082974,2026-08-09,S03,P01,4.0,66.0,0.0,0,CUST_0107,Cash,19
TXN_2026082975,2026-08-11,S04,P04,1.0,135.0,25.0,1,CUST_0444,Credit Card,19
TXN_2026082976,2026-08-27,S01,P01,1.0,66.0,0.0,0,CUST_0036,Debit Card,9
TXN_2026082977,2026-08-30,S01,P09,1.0,175.0,0.0,0,,UPI,14
TXN_2026082978,2026-08-06,S04,P09,1.0,175.0,0.0,0,CUST_0155,Cash,10
TXN_2026082979,2026-08-12,S01,P05,1.0,40.0,0.0,0,CUST_0169,Debit Card,13
TXN_2026082980,2026-08-29,S02,P09,1.0,166.25,5.0,1,,UPI,17
TXN_2026082981,2026-08-02,S01,P07,3.0,125.0,0.0,0,CUST_0547,Credit Card,20
TXN_2026082982,2026-08-03,S01,P07,1.0,125.0,0.0,0,CUST_0420,Cash,12
TXN_2026082983,2026-08-06,S02,P04,2.0,162.0,10.0,1,CUST_0184,UPI,17
TXN_2026082984,2026-08-19,S02,P03,2.0,45.0,0.0,0,,UPI,11
TXN_2026082985,2026-08-05,S01,P01,2.0,56.1,15.0,1,CUST_0237,UPI,13
TXN_2026082986,2026-08-30,S02,P03,1.0,38.25,15.0,1,CUST_0509,UPI,21
TXN_2026082987,2026-08-15,S03,P05,2.0,36.0,10.0,1,CUST_0441,UPI,19
TXN_2026082988,2026-08-16,S02,P01,2.0,66.0,0.0,0,CUST_0122,UPI,17
TXN_2026082989,2026-08-08,S01,P02,2.0,275.0,0.0,0,CUST_0417,UPI,12
TXN_2026082990,2026-08-15,S02,P03,1.0,45.0,0.0,0,CUST_0535,Cash,14
TXN_2026082991,2026-08-22,S03,P02,1.0,275.0,0.0,0,CUST_0375,UPI,11
TXN_2026082992,2026-08-24,S03,P04,3.0,180.0,0.0,0,CUST_0575,Credit Card,13
TXN_2026082993,2026-08-24,S02,P09,1.0,175.0,0.0,0,CUST_0326,UPI,11
TXN_2026082994,2026-08-18,S01,P06,4.0,340.0,0.0,0,CUST_0480,UPI,19
TXN_2026082995,2026-08-29,S03,P05,1.0,40.0,0.0,0,CUST_0150,Digital Wallet,9
TXN_2026082996,2026-08-26,S02,P04,1.0,144.0,20.0,1,CUST_0592,Cash,11
TXN_2026082997,2026-08-24,S01,P03,1.0,42.75,5.0,1,CUST_0490,Credit Card,18
TXN_2026082998,2026-08-02,S02,P01,1.0,66.0,0.0,0,CUST_0153,Credit Card,20
TXN_2026082999,2026-08-01,S01,P09,1.0,157.5,10.0,1,CUST_0017,Credit Card,21
TXN_2026083000,2026-08-07,S02,P02,2.0,220.0,20.0,1,CUST_0551,UPI,20
TXN_2026083001,2026-08-22,S01,P01,2.0,66.0,0.0,0,CUST_0348,UPI,12
TXN_2026083002,2026-08-14,S02,P06,1.0,340.0,0.0,0,CUST_0459,UPI,12
TXN_2026083003,2026-08-14,S04,P01,2.0,66.0,0.0,0,CUST_0202,Digital Wallet,20
TXN_2026083004,2026-08-28,S03,P03,2.0,38.25,15.0,1,CUST_0423,UPI,20
TXN_2026083005,2026-08-29,S04,P01,1.0,66.0,0.0,0,CUST_0280,Credit Card,18
TXN_2026083006,2026-08-29,S04,P01,2.0,59.4,10.0,1,CUST_0422,UPI,13
TXN_2026083007,2026-08-10,S01,P01,1.0,59.4,10.0,1,CUST_0600,UPI,12
TXN_2026083008,2026-08-22,S02,P01,1.0,62.7,5.0,1,CUST_0465,Credit Card,20
TXN_2026083009,2026-08-09,S02,P05,2.0,40.0,0.0,0,CUST_0355,UPI,11
TXN_2026083010,2026-08-07,S04,P07,2.0,125.0,0.0,0,,Cash,18
TXN_2026083011,2026-08-06,S01,P03,1.0,45.0,0.0,0,CUST_0378,UPI,22
TXN_2026083012,2026-08-11,S04,P08,1.0,520.0,0.0,0,CUST_0124,UPI,18
TXN_2026083013,2026-08-15,S02,P01,1.0,62.7,5.0,1,CUST_0080,Credit Card,12
TXN_2026083014,2026-08-27,S03,P03,1.0,38.25,15.0,1,CUST_0557,Debit Card,12
TXN_2026083015,2026-08-04,S01,P01,3.0,56.1,15.0,1,CUST_0233,UPI,10
TXN_2026083016,2026-08-23,S01,P05,1.0,40.0,0.0,0,CUST_0480,Credit Card,18
TXN_2026083017,2026-08-17,S03,P03,1.0,45.0,0.0,0,CUST_0154,Debit Card,16
TXN_2026083018,2026-08-09,S01,P05,1.0,34.0,15.0,1,CUST_0409,UPI,11
TXN_2026083019,2026-08-16,S04,P06,1.0,272.0,20.0,1,CUST_0031,Cash,12
TXN_2026083020,2026-08-10,S01,P04,2.0,180.0,0.0,0,CUST_0597,UPI,8
TXN_2026083021,2026-08-19,S02,P05,1.0,36.0,10.0,1,CUST_0557,UPI,22
TXN_2026083022,2026-08-15,S01,P09,1.0,175.0,0.0,0,CUST_0503,Credit Card,19
TXN_2026083023,2026-08-06,S02,P02,4.0,275.0,0.0,0,CUST_0371,UPI,14
TXN_2026083024,2026-08-04,S03,P03,1.0,42.75,5.0,1,CUST_0323,Debit Card,21
TXN_2026083025,2026-08-17,S01,P05,1.0,36.0,10.0,1,CUST_0332,Credit Card,18
TXN_2026083026,2026-08-29,S01,P05,2.0,40.0,0.0,0,CUST_0243,UPI,19
TXN_2026083027,2026-08-11,S01,P01,1.0,59.4,10.0,1,CUST_0552,Cash,18
TXN_2026083028,2026-08-23,S02,P03,4.0,42.75,5.0,1,CUST_0430,Debit Card,19
TXN_2026083029,2026-08-21,S02,P03,3.0,45.0,0.0,0,CUST_0182,Credit Card,11
TXN_2026083030,2026-08-29,S03,P03,3.0,42.75,5.0,1,CUST_0473,UPI,17
TXN_2026083031,2026-08-26,S02,P01,1.0,66.0,0.0,0,CUST_0376,,20
TXN_2026083032,2026-08-18,S02,P09,1.0,175.0,0.0,0,CUST_0081,Debit Card,8
TXN_2026083033,2026-08-21,S01,P06,3.0,323.0,5.0,1,CUST_0550,Debit Card,10
TXN_2026083034,2026-08-29,S01,P03,3.0,45.0,0.0,0,CUST_0420,UPI,12
TXN_2026083035,2026-08-13,S01,P05,4.0,40.0,0.0,0,CUST_0467,Credit Card,13
TXN_2026083036,2026-08-11,S04,P09,3.0,175.0,0.0,0,CUST_0428,Credit Card,11
TXN_2026083037,2026-08-01,S04,P01,2.0,59.4,10.0,1,CUST_0057,UPI,17
TXN_2026083038,2026-08-27,S01,P02,1.0,275.0,0.0,0,CUST_0322,Debit Card,12
TXN_2026083039,2026-08-26,S02,P04,1.0,180.0,0.0,0,CUST_0542,UPI,11
TXN_2026083040,2026-08-03,S04,P06,1.0,306.0,10.0,1,CUST_0495,UPI,20
TXN_2026083041,2026-08-18,S02,P01,1.0,66.0,0.0,0,CUST_0266,UPI,18
TXN_2026083042,2026-08-15,S01,P10,1.0,60.0,0.0,0,CUST_0227,UPI,12
TXN_2026083043,2026-08-04,S01,P03,1.0,45.0,0.0,0,CUST_0054,UPI,13
TXN_2026083044,2026-08-31,S02,P03,1.0,45.0,0.0,0,CUST_0609,Cash,19
TXN_2026083045,2026-08-08,S04,P02,4.0,261.25,5.0,1,CUST_0004,Debit Card,19
TXN_2026083046,2026-08-02,S03,P01,1.0,66.0,0.0,0,CUST_0439,UPI,11
TXN_2026083047,2026-08-19,S01,P06,-5.0,340.0,0.0,0,CUST_0310,Debit Card,21
TXN_2026083048,2026-08-23,S01,P10,2.0,60.0,0.0,0,CUST_0603,Debit Card,19
TXN_2026083049,2026-08-01,S03,P03,3.0,42.75,5.0,1,CUST_0089,UPI,20
TXN_2026083050,2026-08-21,S04,P10,1.0,60.0,0.0,0,CUST_0320,UPI,11
TXN_2026083051,2026-08-17,S02,P07,1.0,125.0,0.0,0,CUST_0375,UPI,11
TXN_2026083052,2026-08-03,S02,P03,1.0,40.5,10.0,1,,UPI,13
TXN_2026083053,2026-08-06,S01,P05,1.0,40.0,0.0,0,CUST_0501,Debit Card,9
TXN_2026083054,2026-08-18,S04,P03,1.0,45.0,0.0,0,CUST_0234,Credit Card,10
TXN_2026083055,2026-08-10,S03,P04,2.0,144.0,20.0,1,CUST_0337,Cash,11
TXN_2026083056,2026-08-30,S01,P01,3.0,59.4,10.0,1,CUST_0571,Debit Card,18
TXN_2026083057,2026-08-26,S03,P05,2.0,40.0,0.0,0,CUST_0185,UPI,8
TXN_2026083058,2026-08-31,S01,P01,1.0,62.7,5.0,1,CUST_0438,Cash,9
TXN_2026083059,2026-08-09,S01,P07,1.0,118.75,5.0,1,CUST_0556,UPI,21
TXN_2026083060,2026-08-30,S01,P07,1.0,106.25,15.0,1,CUST_0180,UPI,9
TXN_2026083061,2026-08-15,S01,P02,1.0,275.0,0.0,0,CUST_0076,Credit Card,17
TXN_2026083062,2026-08-11,S01,P03,2.0,42.75,5.0,1,CUST_0613,UPI,18
TXN_2026083063,2026-08-02,S02,P03,3.0,38.25,15.0,1,CUST_0272,UPI,21
TXN_2026083064,2026-08-02,S02,P05,1.0,40.0,0.0,0,CUST_0055,Debit Card,20
TXN_2026083065,2026-08-22,S02,P02,4.0,261.25,5.0,1,CUST_0077,Cash,15
TXN_2026083066,2026-08-15,S01,P05,3.0,40.0,0.0,0,CUST_0296,UPI,21
TXN_2026083067,2026-08-08,S01,P02,75.0,233.75,15.0,1,,UPI,15
TXN_2026083068,2026-08-20,S02,P01,1.0,52.8,20.0,1,CUST_0277,Credit Card,18
TXN_2026083069,2026-08-08,S01,P01,1.0,66.0,0.0,0,,Credit Card,12
TXN_2026083070,2026-08-18,S01,P01,1.0,66.0,0.0,0,CUST_0648,UPI,18
TXN_2026083071,2026-08-12,S04,P06,1.0,340.0,0.0,0,CUST_0266,Cash,17
TXN_2026083072,2026-08-27,S03,P10,1.0,60.0,0.0,0,CUST_0043,Credit Card,17
TXN_2026083073,2026-08-26,S04,P03,3.0,45.0,0.0,0,CUST_0361,Credit Card,18
TXN_2026083074,2026-08-15,S02,P04,1.0,180.0,0.0,0,CUST_0228,Cash,11
TXN_2026083075,2026-08-12,S01,P01,1.0,62.7,5.0,1,CUST_0227,Cash,13
TXN_2026083076,2026-08-12,S03,P04,2.0,171.0,5.0,1,CUST_0063,UPI,19
TXN_2026083077,2026-08-26,S01,P01,3.0,-45.0,0.0,0,CUST_0171,UPI,11
TXN_2026083078,2026-08-11,S02,P05,1.0,38.0,5.0,1,CUST_0307,Debit Card,13
TXN_2026083079,2026-08-07,S01,P09,1.0,148.75,15.0,1,CUST_0568,Cash,18
TXN_2026083080,2026-08-03,S04,P01,2.0,66.0,0.0,0,CUST_0034,Credit Card,21
TXN_2026083081,2026-08-15,S01,P06,2.0,340.0,0.0,0,CUST_0642,UPI,9
TXN_2026083082,2026-08-15,S04,P01,5.0,66.0,0.0,0,CUST_0130,Debit Card,16
TXN_2026083083,2026-08-27,S04,P03,1.0,45.0,0.0,0,CUST_0394,UPI,9
TXN_2026083084,2026-08-08,S02,P01,2.0,59.4,10.0,1,CUST_0151,Digital Wallet,14
TXN_2026083085,2026-08-13,S03,P03,1.0,45.0,0.0,0,CUST_0630,UPI,11
TXN_2026083086,2026-08-26,S02,P01,3.0,59.4,10.0,1,CUST_0384,Cash,18
TXN_2026083087,2026-08-27,S04,P03,1.0,40.5,10.0,1,CUST_0017,UPI,19
TXN_2026083088,2026-08-13,S02,P03,1.0,45.0,0.0,0,CUST_0594,Cash,12
TXN_2026083089,2026-08-15,S03,P03,1.0,45.0,0.0,0,CUST_0014,UPI,18
TXN_2026083090,2026-08-10,S02,P05,1.0,38.0,5.0,1,,Debit Card,15
TXN_2026083091,2026-08-29,S04,P09,1.0,157.5,10.0,1,CUST_0207,Cash,12
TXN_2026083092,2026-08-04,S02,P03,1.0,45.0,0.0,0,CUST_0204,Credit Card,16
TXN_2026083093,2026-08-30,S02,P01,1.0,52.8,20.0,1,CUST_0379,Debit Card,14
TXN_2026083094,2026-08-22,S03,P02,1.0,261.25,5.0,1,CUST_0544,UPI,12
TXN_2026083095,2026-08-17,S04,P08,2.0,520.0,0.0,0,CUST_0023,Credit Card,19
TXN_2026083096,2026-08-01,S02,P04,1.0,180.0,0.0,0,CUST_0614,Cash,19
TXN_2026083097,2026-08-15,S01,P03,2.0,45.0,0.0,0,CUST_0162,UPI,19
TXN_2026083098,2026-08-14,S02,P01,2.0,66.0,0.0,0,CUST_0610,Debit Card,14
TXN_2026083099,2026-08-06,S04,P03,1.0,42.75,5.0,1,CUST_0144,Debit Card,11
TXN_2026083100,2026-08-21,S03,P02,1.0,275.0,0.0,0,,UPI,20
TXN_2026083101,2026-08-30,S04,P10,3.0,60.0,0.0,0,CUST_0382,UPI,13
TXN_2026083102,2026-08-18,S01,P08,1.0,520.0,0.0,0,CUST_0455,UPI,19
TXN_2026083103,2026-08-23,S02,P01,120.0,66.0,0.0,0,CUST_0417,UPI,19
TXN_2026083104,2026-08-02,S02,P04,1.0,180.0,0.0,0,CUST_0324,Cash,19
TXN_2026083105,2026-08-14,S04,P02,1.0,247.5,10.0,1,CUST_0171,Debit Card,14
TXN_2026083106,2026-08-04,S01,P03,1.0,45.0,0.0,0,CUST_0576,UPI,21
TXN_2026083107,2026-08-20,S04,P08,5.0,520.0,0.0,0,CUST_0583,UPI,18
TXN_2026083108,2026-08-30,S02,P04,3.0,180.0,0.0,0,CUST_0274,Debit Card,17
TXN_2026083109,2026-08-22,S01,P03,3.0,45.0,0.0,0,CUST_0452,UPI,18
TXN_2026083110,2026-08-02,S01,P01,1.0,66.0,0.0,0,CUST_0125,UPI,9
TXN_2026083111,2026-08-12,S01,P07,4.0,106.25,15.0,1,CUST_0383,UPI,14
TXN_2026083112,2026-08-17,S02,P05,2.0,38.0,5.0,1,CUST_0317,Cash,20
TXN_2026083113,2026-08-14,S01,P03,3.0,33.75,25.0,1,CUST_0107,UPI,11
TXN_2026083114,2026-08-27,S01,P01,1.0,66.0,0.0,0,CUST_0463,UPI,14
TXN_2026083115,2026-08-26,S04,P03,1.0,38.25,15.0,1,CUST_0430,Digital Wallet,14
TXN_2026083116,2026-08-20,S01,P10,3.0,57.0,5.0,1,,UPI,13
TXN_2026083117,2026-08-12,S01,P04,1.0,171.0,5.0,1,CUST_0496,Cash,17
TXN_2026083118,2026-08-09,S02,P03,4.0,45.0,0.0,0,CUST_0362,UPI,22
TXN_2026083119,2026-08-03,S02,P04,1.0,180.0,0.0,0,CUST_0432,UPI,12
TXN_2026083120,2026-08-12,S03,P06,5.0,289.0,15.0,1,CUST_0520,UPI,18
TXN_2026083121,2026-08-14,S02,P03,1.0,40.5,10.0,1,CUST_0406,UPI,19
TXN_2026083122,2026-08-22,S03,P01,1.0,62.7,5.0,1,,UPI,17
TXN_2026083123,2026-08-21,S02,P04,2.0,180.0,0.0,0,CUST_0152,UPI,10
TXN_2026083124,2026-08-02,S01,P05,2.0,40.0,0.0,0,CUST_0322,UPI,17
TXN_2026083125,2026-08-13,S01,P05,2.0,32.0,20.0,1,CUST_0607,UPI,21
TXN_2026083126,2026-08-06,S02,P08,1.0,520.0,0.0,0,CUST_0214,Debit Card,13
TXN_2026083127,2026-08-05,S01,P03,1.0,40.5,10.0,1,CUST_0576,Debit Card,18
TXN_2026083128,2026-08-27,S03,P01,1.0,66.0,0.0,0,CUST_0065,Cash,21
TXN_2026083129,2026-08-02,S02,P10,1.0,54.0,10.0,1,,Credit Card,19
TXN_2026083130,2026-08-14,S01,P03,2.0,45.0,0.0,0,CUST_0537,Cash,18
TXN_2026083131,2026-08-06,S01,P05,75.0,40.0,0.0,0,CUST_0100,UPI,22
TXN_2026083132,2026-08-28,S01,P05,1.0,40.0,0.0,0,CUST_0105,UPI,11
TXN_2026083133,2026-08-18,S02,P04,4.0,171.0,5.0,1,CUST_0131,UPI,19
TXN_2026083134,2026-08-08,S02,P01,1.0,66.0,0.0,0,CUST_0389,Debit Card,14
TXN_2026083135,2026-08-16,S02,P06,2.0,306.0,10.0,1,CUST_0321,Cash,13
TXN_2026083136,2026-08-23,S01,P07,1.0,125.0,0.0,0,CUST_0438,Credit Card,16
TXN_2026083137,2026-08-30,S02,P04,1.0,144.0,20.0,1,CUST_0019,UPI,25
TXN_2026083138,2026-08-08,S04,P03,2.0,45.0,0.0,0,CUST_0225,Credit Card,13
TXN_2026083139,2026-08-28,S01,P01,1.0,66.0,0.0,0,CUST_0618,UPI,11
TXN_2026083140,2026-08-30,S02,P01,1.0,56.1,15.0,1,CUST_0566,Credit Card,11
TXN_2026083141,2026-08-29,S04,P03,3.0,42.75,5.0,1,CUST_0460,Credit Card,13
TXN_2026083142,2026-08-21,S01,P03,2.0,42.75,5.0,1,CUST_0394,UPI,19
TXN_2026083143,2026-08-20,S02,P10,3.0,60.0,0.0,0,CUST_0226,UPI,11
TXN_2026083144,2026-08-14,S01,P06,2.0,272.0,20.0,1,,Debit Card,17
TXN_2026083145,2026-08-24,S02,P05,1.0,36.0,10.0,1,CUST_0430,Credit Card,19
TXN_2026083146,2026-08-17,S01,P04,1.0,162.0,10.0,1,CUST_0015,UPI,12
TXN_2026083147,2026-08-22,S04,P01,2.0,56.1,15.0,1,CUST_0560,UPI,20
TXN_2026083148,2026-08-14,S03,P10,1.0,57.0,5.0,1,CUST_0546,Cash,20
TXN_2026083149,2026-08-23,S03,P03,1.0,45.0,0.0,0,CUST_0414,UPI,12
TXN_2026083150,2026-08-27,S03,P01,1.0,66.0,0.0,0,CUST_0355,UPI,22
TXN_2026083151,2026-08-05,S02,P03,1.0,40.5,10.0,1,CUST_0457,Credit Card,18
TXN_2026083152,2026-08-27,S02,P08,1.0,468.0,10.0,1,CUST_0531,Credit Card,12
TXN_2026083153,2026-08-17,S04,P08,1.0,494.0,5.0,1,CUST_0196,,18
TXN_2026083154,2026-08-27,S04,P01,2.0,66.0,0.0,0,CUST_0115,UPI,18
TXN_2026083155,2026-08-15,S02,P08,1.0,468.0,10.0,1,CUST_0417,UPI,17
TXN_2026083156,2026-08-13,S04,P02,-1.0,261.25,5.0,1,CUST_0352,Credit Card,18
TXN_2026083157,2026-08-29,S02,P01,2.0,66.0,0.0,0,,UPI,12
TXN_2026083158,2026-08-08,S02,P07,1.0,125.0,0.0,0,CUST_0036,Credit Card,22
TXN_2026083159,2026-08-27,S02,P08,1.0,390.0,25.0,1,CUST_0242,Cash,20
TXN_2026083160,2026-08-15,S01,P05,1.0,40.0,0.0,0,CUST_0063,Cash,19
TXN_2026083161,2026-08-16,S01,P04,1.0,180.0,0.0,0,CUST_0509,Credit Card,8
TXN_2026083162,2026-08-10,S01,P07,2.0,125.0,0.0,0,CUST_0188,Credit Card,17
TXN_2026083163,2026-08-18,S02,P06,1.0,340.0,0.0,0,CUST_0093,Cash,18
TXN_2026083164,2026-08-11,S01,P09,1.0,175.0,0.0,0,CUST_0005,Cash,20
TXN_2026083165,2026-08-01,S02,P04,1.0,153.0,15.0,1,CUST_0438,Cash,21
TXN_2026083166,2026-08-09,S04,P10,2.0,60.0,0.0,0,CUST_0166,UPI,20
TXN_2026083167,2026-08-01,S01,P10,1.0,51.0,15.0,1,CUST_0446,UPI,14
TXN_2026083168,2026-08-31,S02,P01,2.0,66.0,0.0,0,CUST_0025,Digital Wallet,20
TXN_2026083169,2026-08-30,S01,P07,2.0,,15.0,1,CUST_0508,Cash,8
TXN_2026083170,2026-08-13,S01,P03,1.0,45.0,0.0,0,CUST_0098,Credit Card,13
TXN_2026083171,2026-08-23,S03,P03,1.0,42.75,5.0,1,,Digital Wallet,10
TXN_2026083172,2026-08-11,S02,P05,1.0,40.0,0.0,0,CUST_0393,Debit Card,20
TXN_2026083173,2026-08-22,S03,P01,1.0,66.0,0.0,0,CUST_0596,Credit Card,20
TXN_2026083174,2026-08-26,S01,P04,1.0,180.0,0.0,0,CUST_0285,UPI,12
TXN_2026083175,2026-08-30,S02,P08,1.0,494.0,5.0,1,CUST_0109,,13
TXN_2026083176,2026-08-13,S01,P01,1.0,66.0,0.0,0,CUST_0027,Credit Card,22
TXN_2026083177,2026-08-25,S01,P03,2.0,38.25,15.0,1,CUST_0055,Digital Wallet,17
TXN_2026083178,2026-08-09,S01,P09,3.0,175.0,0.0,0,CUST_0133,Credit Card,16
TXN_2026083179,2026-08-31,S01,P03,2.0,45.0,0.0,0,CUST_0052,Cash,16
TXN_2026083180,2026-08-01,S01,P03,1.0,45.0,0.0,0,CUST_0493,Debit Card,18
TXN_2026083181,2026-08-19,S01,P03,5.0,42.75,5.0,1,,UPI,21
TXN_2026083182,2026-08-21,S04,P04,1.0,180.0,0.0,0,CUST_0399,UPI,13
TXN_2026083183,2026-08-22,S01,P05,1.0,40.0,0.0,0,CUST_0591,Credit Card,11
TXN_2026083184,2026-08-04,S01,P07,1.0,118.75,5.0,1,CUST_0018,UPI,11
TXN_2026083185,2026-08-30,S01,P03,1.0,45.0,0.0,0,CUST_0619,Credit Card,8
TXN_2026083186,2026-08-06,S02,P07,1.0,112.5,10.0,1,CUST_0559,UPI,17
TXN_2026083187,2026-08-20,S01,P04,2.0,180.0,0.0,0,CUST_0246,UPI,20
TXN_2026083188,2026-08-08,S04,P03,1.0,42.75,5.0,1,CUST_0503,UPI,18
TXN_2026083189,2026-08-10,S04,P05,1.0,30.0,25.0,1,CUST_0089,UPI,22
TXN_2026083190,2026-08-17,S01,P05,1.0,40.0,0.0,0,CUST_0203,UPI,20
TXN_2026083191,2026-08-14,S02,P04,3.0,180.0,0.0,0,CUST_0240,Digital Wallet,16
TXN_2026083192,2026-08-05,S01,P01,3.0,56.1,15.0,1,CUST_0490,UPI,16
TXN_2026083193,2026-08-06,S02,P01,2.0,62.7,5.0,1,CUST_0013,Cash,17
TXN_2026083194,2026-08-14,S02,P02,1.0,275.0,0.0,0,CUST_0649,Digital Wallet,10
TXN_2026083195,2026-08-24,S01,P02,2.0,261.25,5.0,1,CUST_0315,Cash,17
TXN_2026083196,2026-08-29,S01,P05,1.0,40.0,0.0,0,CUST_0198,Credit Card,15
TXN_2026083197,2026-08-03,S02,P01,4.0,56.1,15.0,1,,Debit Card,18
TXN_2026083198,2026-08-13,S02,P06,3.0,306.0,10.0,1,CUST_0507,UPI,17
TXN_2026083199,2026-08-03,S01,P02,1.0,261.25,5.0,1,CUST_0043,UPI,13
TXN_2026083200,2026-08-01,S03,P03,2.0,36.0,20.0,1,CUST_0330,Cash,17
TXN_2026083201,2026-08-22,S02,P04,1.0,171.0,5.0,1,CUST_0591,UPI,13
TXN_2026083202,2026-08-19,S04,P01,1.0,66.0,0.0,0,CUST_0429,Digital Wallet,11
TXN_2026083203,2026-08-06,S01,P08,2.0,390.0,25.0,1,,Debit Card,18
TXN_2026083204,2026-08-08,S03,P01,1.0,66.0,0.0,0,CUST_0162,UPI,13
TXN_2026083205,2026-08-01,S02,P03,4.0,45.0,0.0,0,CUST_0621,UPI,20
TXN_2026083206,2026-08-27,S01,P07,1.0,125.0,0.0,0,CUST_0435,Debit Card,11
TXN_2026083207,2026-08-31,S03,P05,3.0,30.0,25.0,1,CUST_0233,Credit Card,17
TXN_2026083208,2026-08-05,S02,P02,2.0,261.25,5.0,1,CUST_0111,Debit Card,17
TXN_2026083209,2026-08-08,S04,P03,3.0,45.0,0.0,0,,UPI,11
TXN_2026083210,2026-08-28,S01,P05,1.0,40.0,0.0,0,CUST_0273,UPI,15
TXN_2026083211,2026-08-29,S02,P10,1.0,60.0,0.0,0,,UPI,18
TXN_2026083212,2026-08-14,S01,P09,3.0,175.0,0.0,0,CUST_0041,UPI,13
TXN_2026083213,2026-08-02,S04,P03,2.0,38.25,15.0,1,CUST_0560,UPI,10
TXN_2026083214,2026-08-01,S01,P10,1.0,54.0,10.0,1,CUST_0466,UPI,17
TXN_2026083215,2026-08-18,S04,P01,1.0,52.8,20.0,1,CUST_0077,UPI,12
TXN_2026083216,2026-08-13,S04,P01,5.0,66.0,0.0,0,CUST_0490,Debit Card,18
TXN_2026083217,2026-08-01,S01,P07,2.0,118.75,5.0,1,CUST_0117,Credit Card,20
TXN_2026083218,2026-08-19,S04,P01,2.0,66.0,0.0,0,CUST_0434,UPI,10
TXN_2026083219,2026-08-01,S04,P01,3.0,56.1,15.0,1,CUST_0019,Credit Card,15
TXN_2026083220,2026-08-25,S01,P02,1.0,206.25,25.0,1,CUST_0571,Credit Card,15
TXN_2026083221,2026-08-10,S02,P03,4.0,36.0,20.0,1,CUST_0196,Credit Card,18
TXN_2026083222,2026-08-02,S02,P05,1.0,38.0,5.0,1,,Credit Card,13
TXN_2026083223,2026-08-19,S01,P05,1.0,40.0,0.0,0,CUST_0451,UPI,14
TXN_2026083224,2026-08-13,S01,P02,1.0,261.25,5.0,1,CUST_0425,UPI,8
TXN_2026083225,2026-08-31,S01,P04,1.0,180.0,0.0,0,CUST_0394,UPI,10
TXN_2026083226,2026-08-17,S01,P09,1.0,175.0,-10.0,0,CUST_0284,UPI,17
TXN_2026083227,2026-08-09,S02,P07,2.0,125.0,0.0,0,CUST_0034,Credit Card,12
TXN_2026083228,2026-08-23,S01,P03,3.0,45.0,0.0,0,CUST_0295,Cash,11
TXN_2026083229,2026-08-09,S04,P10,4.0,57.0,5.0,1,CUST_0251,UPI,13
TXN_2026083230,2026-08-29,S03,P05,1.0,40.0,0.0,0,CUST_0638,Debit Card,11
TXN_2026083231,2026-08-12,S01,P01,-2.0,66.0,0.0,0,CUST_0339,Debit Card,9
TXN_2026083232,2026-08-17,S02,P01,2.0,66.0,0.0,0,CUST_0618,,12
TXN_2026083233,2026-08-02,S02,P01,1.0,62.7,5.0,1,CUST_0440,Cash,11
TXN_2026083234,2026-08-14,S04,P05,1.0,38.0,5.0,1,CUST_0180,UPI,19
TXN_2026083235,2026-08-27,S01,P01,1.0,66.0,0.0,0,CUST_0622,Cash,9
TXN_2026083236,2026-08-26,S01,P04,1.0,162.0,10.0,1,CUST_0228,UPI,19
TXN_2026083237,2026-08-08,S04,P01,1.0,62.7,5.0,1,CUST_0633,UPI,14
TXN_2026083238,2026-08-08,S04,P09,2.0,175.0,0.0,0,CUST_0619,Credit Card,18
TXN_2026083239,2026-08-26,S03,P03,2.0,42.75,5.0,1,CUST_0643,Cash,9
TXN_2026083240,2026-08-29,S03,P09,2.0,175.0,0.0,0,CUST_0023,UPI,20
TXN_2026083241,2026-08-03,S01,P10,2.0,60.0,0.0,0,CUST_0327,Debit Card,19
TXN_2026083242,2026-08-15,S02,P01,1.0,59.4,10.0,1,,Debit Card,11
TXN_2026083243,2026-08-11,S01,P03,1.0,45.0,0.0,0,CUST_0619,UPI,12
TXN_2026083244,2026-08-28,S01,P01,1.0,66.0,0.0,0,CUST_0146,Credit Card,18
TXN_2026083245,2026-08-03,S04,P09,1.0,166.25,5.0,1,CUST_0252,Credit Card,20
TXN_2026083246,2026-08-07,S01,P04,4.0,171.0,5.0,1,CUST_0302,UPI,15
TXN_2026083247,2026-08-24,S02,P01,2.0,66.0,0.0,0,CUST_0070,Debit Card,16
TXN_2026083248,2026-08-02,S04,P01,1.0,59.4,10.0,1,CUST_0543,Cash,12
TXN_2026083249,2026-08-16,S01,P03,1.0,45.0,0.0,0,,Debit Card,14
TXN_2026083250,2026-08-15,S04,P10,2.0,60.0,0.0,0,CUST_0649,Digital Wallet,12
TXN_2026083251,2026-08-11,S04,P05,2.0,38.0,5.0,1,CUST_0163,UPI,13
TXN_2026083252,2026-08-13,S02,P08,2.0,494.0,5.0,1,CUST_0081,UPI,8
TXN_2026083253,2026-08-17,S01,P03,1.0,45.0,0.0,0,CUST_0588,Cash,8
TXN_2026083254,2026-08-06,S01,P01,1.0,56.1,15.0,1,CUST_0063,Cash,18
TXN_2026083255,2026-08-18,S02,P10,1.0,51.0,15.0,1,CUST_0612,UPI,18
TXN_2026083256,2026-08-26,S01,P01,2.0,56.1,15.0,1,CUST_0436,UPI,13
TXN_2026083257,2026-08-24,S01,P10,1.0,60.0,0.0,0,,Cash,20
TXN_2026083258,2026-08-05,S04,P03,1.0,40.5,10.0,1,CUST_0445,UPI,12
TXN_2026083259,2026-08-05,S01,P01,2.0,56.1,15.0,1,CUST_0074,UPI,14
TXN_2026083260,2026-08-09,S03,P05,1.0,30.0,25.0,1,CUST_0542,Debit Card,19
TXN_2026083261,2026-08-12,S01,P10,2.0,48.0,20.0,1,CUST_0157,Digital Wallet,19
TXN_2026083262,2026-08-14,S02,P10,1.0,60.0,0.0,0,CUST_0487,Debit Card,20
TXN_2026083263,2026-08-22,S04,P01,1.0,66.0,0.0,0,CUST_0266,Debit Card,8
TXN_2026083264,2026-08-02,S01,P01,3.0,66.0,0.0,0,CUST_0256,UPI,11
TXN_2026083265,2026-08-01,S01,P04,1.0,180.0,0.0,0,CUST_0039,Credit Card,18
TXN_2026083266,2026-08-13,S02,P05,1.0,36.0,10.0,1,CUST_0055,UPI,13
TXN_2026083267,2026-08-22,S03,P05,1.0,36.0,10.0,1,CUST_0028,Digital Wallet,9
TXN_2026083268,2026-08-07,S03,P01,3.0,59.4,10.0,1,CUST_0118,Credit Card,17
TXN_2026083269,2026-08-21,S01,P10,2.0,60.0,0.0,0,CUST_0370,Credit Card,14
TXN_2026083270,2026-08-09,S01,P05,4.0,40.0,0.0,0,CUST_0209,Cash,13
TXN_2026083271,2026-08-28,S04,P07,2.0,125.0,0.0,0,CUST_0587,UPI,12
TXN_2026083272,2026-08-29,S04,P04,2.0,171.0,5.0,1,CUST_0577,Digital Wallet,8
TXN_2026083273,2026-08-10,S02,P03,1.0,40.5,10.0,1,CUST_0612,UPI,11
TXN_2026083274,2026-08-08,S04,P10,3.0,51.0,15.0,1,CUST_0558,UPI,15
TXN_2026083275,2026-08-14,S02,P04,1.0,180.0,0.0,0,CUST_0316,UPI,12
TXN_2026083276,2026-08-08,S02,P08,3.0,416.0,20.0,1,CUST_0393,Cash,20
TXN_2026083277,2026-08-22,S01,P10,2.0,,0.0,0,CUST_0444,Cash,11
TXN_2026083278,2026-08-27,S02,P05,2.0,40.0,0.0,0,CUST_0259,UPI,20
TXN_2026083279,2026-08-22,S02,P04,1.0,180.0,0.0,0,CUST_0648,UPI,14
TXN_2026083280,2026-08-27,S01,P01,-3.0,66.0,0.0,0,CUST_0198,Cash,12
TXN_2026083281,2026-08-13,S02,P01,1.0,52.8,20.0,1,CUST_0628,UPI,13
TXN_2026083282,2026-08-05,S03,P01,1.0,59.4,10.0,1,CUST_0445,Credit Card,13
TXN_2026083283,2026-08-23,S03,P01,5.0,66.0,0.0,0,CUST_0570,Credit Card,16
TXN_2026083284,2026-08-12,S02,P02,1.0,275.0,0.0,0,CUST_0582,Cash,13
TXN_2026083285,2026-08-22,S04,P03,1.0,45.0,0.0,0,CUST_0605,Credit Card,18
TXN_2026083286,2026-08-09,S01,P03,2.0,45.0,0.0,0,CUST_0649,UPI,14
TXN_2026083287,2026-08-03,S02,P03,2.0,42.75,5.0,1,CUST_0617,Digital Wallet,18
TXN_2026083288,2026-08-31,S03,P01,3.0,62.7,5.0,1,CUST_0305,UPI,17
TXN_2026083289,2026-08-05,S02,P01,2.0,66.0,0.0,0,CUST_0339,UPI,12
TXN_2026083290,2026-08-31,S01,P05,1.0,40.0,0.0,0,CUST_0529,UPI,19
TXN_2026083291,2026-08-31,S01,P04,1.0,180.0,0.0,0,CUST_0054,Digital Wallet,19
TXN_2026083292,2026-08-25,S04,P03,1.0,45.0,0.0,0,CUST_0112,Debit Card,22
TXN_2026083293,2026-08-21,S02,P05,1.0,36.0,10.0,1,,UPI,11
TXN_2026083294,2026-08-18,S04,P07,2.0,93.75,25.0,1,CUST_0305,Debit Card,20
TXN_2026083295,2026-08-28,S02,P03,1.0,45.0,0.0,0,CUST_0438,UPI,20
TXN_2026083296,2026-08-09,S02,P05,1.0,40.0,0.0,0,CUST_0085,Digital Wallet,18
TXN_2026083297,2026-08-15,S04,P10,2.0,60.0,0.0,0,CUST_0524,UPI,16
TXN_2026083298,2026-08-20,S02,P07,1.0,125.0,0.0,0,CUST_0252,Debit Card,21
TXN_2026083299,2026-08-14,S01,P03,1.0,45.0,0.0,0,CUST_0126,Credit Card,22
TXN_2026083300,2026-08-14,S02,P05,2.0,34.0,15.0,1,CUST_0610,UPI,18
TXN_2026083301,2026-08-11,S04,P01,1.0,56.1,15.0,1,CUST_0405,Cash,13
TXN_2026083302,2026-08-18,S01,P04,1.0,180.0,0.0,0,CUST_0304,UPI,19
TXN_2026083303,2026-08-28,S01,P10,2.0,60.0,0.0,0,CUST_0028,Credit Card,10
TXN_2026083304,2026-08-07,S01,P04,3.0,180.0,0.0,0,CUST_0266,Debit Card,12
TXN_2026083305,2026-08-30,S04,P09,1.0,175.0,0.0,0,CUST_0052,Credit Card,22
TXN_2026083306,2026-08-22,S01,P03,1.0,42.75,5.0,1,CUST_0644,UPI,19
TXN_2026083307,2026-08-27,S02,P10,2.0,57.0,5.0,1,CUST_0511,Digital Wallet,21
TXN_2026083308,2026-08-18,S02,P04,1.0,180.0,0.0,0,CUST_0207,UPI,17
TXN_2026083309,2026-08-25,S02,P01,1.0,56.1,15.0,1,CUST_0574,Credit Card,-1
TXN_2026083310,2026-08-01,S02,P04,1.0,171.0,5.0,1,CUST_0511,Debit Card,22
TXN_2026083311,2026-08-26,S01,P02,2.0,275.0,0.0,0,CUST_0644,Cash,13
TXN_2026083312,2026-08-02,S02,P01,3.0,66.0,0.0,0,CUST_0553,Credit Card,19
TXN_2026083313,2026-08-28,S03,P07,5.0,125.0,0.0,0,CUST_0201,UPI,17
TXN_2026083314,2026-08-31,S04,P02,3.0,261.25,5.0,1,CUST_0611,Cash,12
TXN_2026083315,2026-08-10,S01,P06,1.0,323.0,5.0,1,CUST_0284,UPI,8
TXN_2026083316,2026-08-07,S04,P02,2.0,233.75,15.0,1,CUST_0357,UPI,14
TXN_2026083317,2026-08-24,S02,P01,1.0,56.1,15.0,1,CUST_0047,Cash,17
TXN_2026083318,2026-08-08,S04,P10,4.0,51.0,15.0,1,CUST_0137,Credit Card,11
TXN_2026083319,2026-08-28,S02,P03,3.0,45.0,0.0,0,CUST_0130,UPI,14
TXN_2026083320,2026-08-03,S02,P05,5.0,38.0,5.0,1,CUST_0195,Credit Card,17
TXN_2026083321,2026-08-04,S04,P05,3.0,36.0,10.0,1,CUST_0629,UPI,18
TXN_2026083322,2026-08-31,S04,P04,1.0,180.0,0.0,0,CUST_0364,UPI,9
TXN_2026083323,2026-08-22,S02,P09,2.0,175.0,0.0,0,CUST_0432,UPI,18
TXN_2026083324,2026-08-27,S01,P05,4.0,40.0,0.0,0,CUST_0069,Debit Card,9
TXN_2026083325,2026-08-11,S01,P03,1.0,45.0,0.0,0,CUST_0458,Debit Card,8
TXN_2026083326,2026-08-22,S01,P08,3.0,442.0,15.0,1,CUST_0540,Credit Card,11
TXN_2026083327,2026-08-19,S01,P01,4.0,66.0,0.0,0,CUST_0335,UPI,18
TXN_2026083328,2026-08-19,S01,P04,1.0,162.0,10.0,1,CUST_0526,Debit Card,9
TXN_2026083329,2026-08-22,S04,P10,1.0,60.0,0.0,0,CUST_0558,UPI,8
TXN_2026083330,2026-08-18,S01,P05,1.0,34.0,15.0,1,CUST_0016,Credit Card,10
TXN_2026083331,2026-08-14,S02,P07,1.0,118.75,5.0,1,,Cash,21
TXN_2026083332,2026-08-09,S01,P05,1.0,30.0,25.0,1,CUST_0510,Credit Card,20
TXN_2026083333,2026-08-25,S01,P07,1.0,125.0,0.0,0,CUST_0209,Credit Card,10
TXN_2026083334,2026-08-08,S01,P10,2.0,48.0,20.0,1,CUST_0158,Digital Wallet,13
TXN_2026083335,2026-08-22,S01,P02,1.0,275.0,0.0,0,CUST_0337,Credit Card,21
TXN_2026083336,2026-08-08,S03,P01,5.0,62.7,5.0,1,CUST_0241,Credit Card,10
TXN_2026083337,2026-08-20,S04,P03,1.0,45.0,0.0,0,CUST_0058,Credit Card,10
TXN_2026083338,2026-08-24,S01,P05,3.0,36.0,10.0,1,CUST_0305,UPI,10
TXN_2026083339,2026-08-08,S02,P02,1.0,206.25,25.0,1,CUST_0345,Debit Card,22
TXN_2026083340,2026-08-02,S02,P01,2.0,59.4,10.0,1,CUST_0642,Debit Card,19
TXN_2026083341,2026-08-04,S04,P03,2.0,42.75,5.0,1,CUST_0014,UPI,12
TXN_2026083342,2026-08-19,S03,P10,2.0,60.0,0.0,0,CUST_0359,UPI,9
TXN_2026083343,2026-08-28,S02,P05,1.0,40.0,0.0,0,CUST_0377,Digital Wallet,21
TXN_2026083344,2026-08-02,S02,P03,1.0,45.0,0.0,0,CUST_0243,Credit Card,14
TXN_2026083345,2026-08-23,S04,P01,1.0,66.0,0.0,0,CUST_0145,UPI,17
TXN_2026083346,2026-08-11,S01,P03,1.0,38.25,15.0,1,,UPI,12
TXN_2026083347,2026-08-15,S02,P01,1.0,56.1,15.0,1,CUST_0394,Credit Card,19
TXN_2026083348,2026-08-29,S04,P01,1.0,52.8,20.0,1,CUST_0615,UPI,11
TXN_2026083349,2026-08-11,S03,P09,2.0,175.0,0.0,0,,UPI,19
TXN_2026083350,2026-08-15,S02,P10,3.0,60.0,0.0,0,CUST_0576,Debit Card,12
TXN_2026083351,2026-08-01,S02,P01,3.0,62.7,5.0,1,CUST_0158,Debit Card,10
TXN_2026083352,2026-08-03,S01,P01,1.0,62.7,5.0,1,,UPI,15
TXN_2026083353,2026-08-09,S02,P03,1.0,45.0,0.0,0,,UPI,19
TXN_2026083354,2026-08-01,S02,P03,2.0,38.25,15.0,1,CUST_0568,Credit Card,14
TXN_2026083355,2026-08-20,S02,P01,1.0,66.0,0.0,0,CUST_0347,UPI,8
TXN_2026083356,2026-08-14,S03,P03,1.0,45.0,0.0,0,CUST_0058,UPI,17
TXN_2026083357,2026-08-17,S04,P01,2.0,56.1,15.0,1,CUST_0155,UPI,18
TXN_2026083358,2026-08-06,S01,P06,2.0,255.0,25.0,1,CUST_0567,UPI,19
TXN_2026083359,2026-08-10,S02,P05,,36.0,10.0,1,,UPI,14
TXN_2026083360,2026-08-22,S02,P05,4.0,40.0,0.0,0,CUST_0531,Digital Wallet,10
TXN_2026083361,2026-08-30,S03,P03,4.0,45.0,0.0,0,CUST_0487,UPI,17
TXN_2026083362,2026-08-02,S01,P09,2.0,175.0,0.0,0,CUST_0151,UPI,13
TXN_2026083363,2026-08-28,S02,P10,3.0,48.0,20.0,1,CUST_0359,UPI,21
TXN_2026083364,2026-08-18,S04,P01,,66.0,0.0,0,CUST_0368,Credit Card,16
TXN_2026083365,2026-08-18,S02,P02,3.0,220.0,20.0,1,CUST_0620,Cash,15
TXN_2026083366,2026-08-16,S04,P04,1.0,144.0,-10.0,1,,UPI,13
TXN_2026083367,2026-08-02,S04,P01,2.0,56.1,15.0,1,CUST_0207,Debit Card,13
TXN_2026083368,2026-08-03,S01,P03,1.0,45.0,0.0,0,CUST_0450,UPI,16
TXN_2026083369,2026-08-19,S01,P04,1.0,180.0,0.0,0,CUST_0483,Cash,13
TXN_2026083370,2026-08-11,S04,P04,1.0,162.0,10.0,1,CUST_0640,UPI,20
TXN_2026083371,2026-08-29,S04,P03,1.0,38.25,15.0,1,CUST_0570,UPI,15
TXN_2026083372,2026-08-14,S01,P04,1.0,144.0,20.0,1,CUST_0143,UPI,12
TXN_2026083373,2026-08-05,S01,P10,1.0,60.0,0.0,0,CUST_0400,UPI,11
TXN_2026083374,2026-08-23,S01,P01,3.0,59.4,10.0,1,CUST_0097,Credit Card,18
TXN_2026083375,2026-08-09,S04,P05,3.0,40.0,0.0,0,CUST_0047,Credit Card,8
TXN_2026083376,2026-08-16,S01,P01,2.0,66.0,0.0,0,CUST_0191,Debit Card,15
TXN_2026083377,2026-08-22,S02,P01,3.0,62.7,5.0,1,,UPI,17
TXN_2026083378,2026-08-29,S04,P04,-3.0,180.0,0.0,0,,Credit Card,13
TXN_2026083379,2026-08-25,S01,P01,4.0,66.0,0.0,0,CUST_0231,UPI,19
TXN_2026083380,2026-08-22,S02,P01,1.0,66.0,0.0,0,,Credit Card,18
TXN_2026083381,2026-08-22,S01,P01,2.0,66.0,0.0,0,CUST_0491,UPI,22
TXN_2026083382,2026-08-30,S04,P04,3.0,180.0,0.0,0,CUST_0049,UPI,16
TXN_2026083383,2026-08-10,S01,P05,1.0,40.0,0.0,0,CUST_0624,UPI,17
TXN_2026083384,2026-08-01,S03,P01,1.0,66.0,0.0,0,CUST_0453,Debit Card,12
TXN_2026083385,2026-08-09,S02,P05,2.0,32.0,20.0,1,CUST_0316,Debit Card,14
TXN_2026083386,2026-08-08,S01,P01,1.0,56.1,15.0,1,CUST_0322,UPI,8
TXN_2026083387,2026-08-22,S01,P05,1.0,36.0,10.0,1,CUST_0087,UPI,18
TXN_2026083388,2026-08-20,S02,P03,1.0,45.0,0.0,0,CUST_0474,UPI,13
TXN_2026083389,2026-08-19,S01,P05,3.0,40.0,125.0,0,CUST_0282,UPI,17
TXN_2026083390,2026-08-01,S04,P10,4.0,54.0,10.0,1,CUST_0074,Credit Card,12
TXN_2026083391,2026-08-23,S04,P09,1.0,175.0,0.0,0,CUST_0453,UPI,17
TXN_2026083392,2026-08-11,S02,P01,,66.0,0.0,0,CUST_0047,UPI,15
TXN_2026083393,2026-08-22,S02,P08,1.0,520.0,0.0,0,CUST_0588,Credit Card,16
TXN_2026083394,2026-08-18,S02,P01,2.0,66.0,0.0,0,CUST_0096,UPI,21
TXN_2026083395,2026-08-11,S04,P10,1.0,51.0,15.0,1,CUST_0031,UPI,18
TXN_2026083396,2026-08-05,S02,P02,1.0,233.75,15.0,1,CUST_0534,Credit Card,12
TXN_2026083397,2026-08-03,S01,P03,1.0,33.75,25.0,1,,UPI,-1
TXN_2026083398,2026-08-27,S01,P01,1.0,52.8,20.0,1,CUST_0212,Cash,15
TXN_2026083399,2026-08-29,S02,P01,1.0,62.7,-10.0,1,CUST_0235,Debit Card,19
TXN_2026083400,2026-08-21,S02,P05,2.0,40.0,0.0,0,CUST_0392,UPI,20
TXN_2026083401,2026-08-03,S02,P10,1.0,60.0,0.0,0,CUST_0354,UPI,12
TXN_2026083402,2026-08-13,S01,P05,2.0,38.0,5.0,1,CUST_0305,UPI,19
TXN_2026083403,2026-08-23,S03,P05,1.0,40.0,0.0,0,CUST_0599,UPI,11
TXN_2026083404,2026-08-25,S01,P06,1.0,289.0,15.0,1,,Cash,19
TXN_2026083405,2026-08-04,S01,P02,1.0,275.0,0.0,0,CUST_0565,UPI,12
TXN_2026083406,2026-08-01,S02,P01,2.0,59.4,10.0,1,CUST_0540,Cash,13
TXN_2026083407,2026-08-23,S01,P01,1.0,62.7,5.0,1,CUST_0589,Credit Card,20
TXN_2026083408,2026-08-12,S02,P03,3.0,45.0,0.0,0,CUST_0509,Cash,14
TXN_2026083409,2026-08-09,S01,P02,1.0,247.5,10.0,1,CUST_0395,Debit Card,22
TXN_2026083410,2026-08-01,S02,P01,1.0,56.1,15.0,1,CUST_0431,Debit Card,11
TXN_2026083411,2026-08-17,S02,P01,1.0,59.4,10.0,1,,Credit Card,15
TXN_2026083412,2026-08-28,S01,P01,1.0,59.4,10.0,1,CUST_0177,Cash,19
TXN_2026083413,2026-08-30,S01,P09,1.0,175.0,0.0,0,CUST_0406,UPI,8
TXN_2026083414,2026-08-18,S04,P01,1.0,52.8,20.0,1,CUST_0301,Cash,11
TXN_2026083415,2026-08-16,S02,P04,-2.0,180.0,0.0,0,CUST_0445,Credit Card,8
TXN_2026083416,2026-08-03,S02,P05,2.0,34.0,15.0,1,CUST_0127,UPI,22
TXN_2026083417,2026-08-17,S01,P04,2.0,153.0,15.0,1,CUST_0349,Digital Wallet,19
TXN_2026083418,2026-08-13,S02,P01,1.0,66.0,0.0,0,CUST_0021,Cash,13
TXN_2026083419,2026-08-19,S02,P03,1.0,36.0,20.0,1,CUST_0420,Debit Card,11
TXN_2026083420,2026-08-13,S02,P01,2.0,49.5,25.0,1,CUST_0152,UPI,10
TXN_2026083421,2026-08-08,S03,P03,1.0,42.75,5.0,1,CUST_0160,Digital Wallet,17
TXN_2026083422,2026-08-03,S01,P01,2.0,59.4,10.0,1,CUST_0480,Debit Card,22
TXN_2026083423,2026-08-10,S01,P04,4.0,144.0,20.0,1,CUST_0443,Credit Card,18
TXN_2026083424,2026-08-03,S04,P05,3.0,40.0,0.0,0,CUST_0096,Cash,13
TXN_2026083425,2026-08-06,S04,P04,1.0,144.0,20.0,1,CUST_0352,UPI,16
TXN_2026083426,2026-08-31,S01,P03,1.0,42.75,5.0,1,CUST_0075,UPI,22
TXN_2026083427,2026-08-15,S02,P03,2.0,40.5,10.0,1,CUST_0594,Credit Card,16
TXN_2026083428,2026-08-17,S01,P07,1.0,125.0,0.0,0,CUST_0640,UPI,21
TXN_2026083429,2026-08-28,S01,P01,2.0,66.0,0.0,0,CUST_0359,Credit Card,8
TXN_2026083430,2026-08-31,S01,P05,1.0,34.0,15.0,1,CUST_0133,UPI,18
TXN_2026083431,2026-08-19,S01,P06,3.0,340.0,0.0,0,CUST_0400,UPI,17
TXN_2026083432,2026-08-26,S03,P03,1.0,45.0,0.0,0,CUST_0139,UPI,18
TXN_2026083433,2026-08-11,S02,P02,1.0,261.25,5.0,1,CUST_0246,Credit Card,17
TXN_2026083434,2026-08-10,S01,P03,2.0,45.0,0.0,0,CUST_0291,UPI,9
TXN_2026083435,2026-08-14,S01,P01,1.0,66.0,0.0,0,CUST_0112,UPI,11
TXN_2026083436,2026-08-22,S04,P01,1.0,66.0,0.0,0,CUST_0170,UPI,20
TXN_2026083437,2026-08-22,S01,P01,1.0,66.0,0.0,0,CUST_0599,Debit Card,12
TXN_2026083438,2026-08-10,S02,P01,1.0,66.0,0.0,0,CUST_0631,Cash,22
TXN_2026083439,2026-08-05,S01,P04,2.0,180.0,0.0,0,CUST_0610,UPI,18
TXN_2026083440,2026-08-20,S02,P07,1.0,118.75,5.0,1,CUST_0240,Credit Card,15
TXN_2026083441,2026-08-04,S01,P02,1.0,261.25,5.0,1,CUST_0337,UPI,20
TXN_2026083442,2026-08-18,S01,P09,1.0,175.0,0.0,0,CUST_0138,UPI,19
TXN_2026083443,2026-08-22,S01,P10,1.0,60.0,125.0,0,CUST_0594,Cash,15
TXN_2026083444,2026-08-22,S01,P10,2.0,54.0,10.0,1,CUST_0236,UPI,9
TXN_2026083445,2026-08-24,S02,P07,1.0,125.0,0.0,0,CUST_0648,UPI,20
TXN_2026083446,2026-08-28,S02,P03,3.0,45.0,0.0,0,CUST_0003,UPI,19
TXN_2026083447,2026-08-16,S01,P01,1.0,66.0,0.0,0,CUST_0571,Digital Wallet,19
TXN_2026083448,2026-08-23,S01,P04,1.0,180.0,0.0,0,CUST_0116,Credit Card,19
TXN_2026083449,2026-08-20,S02,P04,2.0,162.0,10.0,1,CUST_0472,Credit Card,12
TXN_2026083450,2026-08-06,S02,P07,1.0,118.75,5.0,1,CUST_0131,Credit Card,20
TXN_2026083451,2026-08-01,S04,P10,1.0,60.0,0.0,0,CUST_0483,UPI,8
TXN_2026083452,2026-08-09,S02,P04,1.0,180.0,0.0,0,CUST_0401,Debit Card,12
TXN_2026083453,2026-08-15,S02,P03,1.0,33.75,25.0,1,CUST_0201,UPI,9
TXN_2026083454,2026-08-20,S02,P01,1.0,66.0,0.0,0,CUST_0292,Debit Card,10
TXN_2026083455,2026-08-28,S04,P01,2.0,66.0,0.0,0,CUST_0342,Credit Card,17
TXN_2026083456,2026-08-07,S04,P04,1.0,153.0,15.0,1,CUST_0610,UPI,8
TXN_2026083457,2026-08-04,S01,P04,1.0,180.0,0.0,0,CUST_0216,UPI,11
TXN_2026083458,2026-08-30,S01,P07,5.0,112.5,10.0,1,CUST_0636,Credit Card,12
TXN_2026083459,2026-08-04,S01,P04,3.0,180.0,0.0,0,CUST_0585,UPI,18
TXN_2026083460,2026-08-15,S02,P09,1.0,175.0,0.0,0,CUST_0366,UPI,15
TXN_2026083461,2026-08-19,S03,P05,1.0,38.0,5.0,1,CUST_0642,UPI,15
TXN_2026083462,2026-08-17,S02,P07,1.0,125.0,0.0,0,CUST_0469,Debit Card,19
TXN_2026083463,2026-08-03,S01,P01,1.0,66.0,0.0,0,CUST_0418,Cash,15
TXN_2026083464,2026-08-02,S03,P08,1.0,416.0,20.0,1,CUST_0027,Debit Card,13
TXN_2026083465,2026-08-03,S04,P05,1.0,40.0,0.0,0,,Credit Card,21
TXN_2026083466,2026-08-19,S01,P01,1.0,59.4,10.0,1,CUST_0580,Credit Card,8
TXN_2026083467,2026-08-17,S02,P01,1.0,66.0,0.0,0,CUST_0014,UPI,13
TXN_2026083468,2026-08-08,S02,P09,1.0,140.0,20.0,1,CUST_0098,UPI,17
TXN_2026083469,2026-08-21,S04,P01,1.0,49.5,25.0,1,CUST_0279,Cash,19
TXN_2026083470,2026-08-26,S04,P03,1.0,45.0,0.0,0,CUST_0490,Debit Card,19
TXN_2026083471,2026-08-02,S02,P03,1.0,42.75,5.0,1,CUST_0624,Debit Card,9
TXN_2026083472,2026-08-16,S03,P05,2.0,36.0,10.0,1,CUST_0207,Credit Card,18
TXN_2026083473,2026-08-22,S04,P07,5.0,125.0,0.0,0,CUST_0233,Cash,18
TXN_2026083474,2026-08-08,S02,P03,5.0,40.5,10.0,1,CUST_0573,Cash,12
TXN_2026083475,2026-08-10,S01,P03,1.0,38.25,15.0,1,CUST_0597,UPI,10
TXN_2026083476,2026-08-20,S03,P10,3.0,60.0,0.0,0,CUST_0239,UPI,19
TXN_2026083477,2026-08-29,S01,P06,1.0,289.0,15.0,1,CUST_0250,Credit Card,12
TXN_2026083478,2026-08-26,S01,P09,1.0,175.0,0.0,0,CUST_0583,UPI,8
TXN_2026083479,2026-08-19,S04,P03,2.0,42.75,5.0,1,CUST_0597,Cash,12
TXN_2026083480,2026-08-23,S03,P02,1.0,275.0,0.0,0,,UPI,8
TXN_2026083481,2026-08-12,S02,P03,1.0,45.0,0.0,0,CUST_0463,Credit Card,12
TXN_2026083482,2026-08-21,S01,P05,1.0,40.0,0.0,0,CUST_0236,Credit Card,13
TXN_2026083483,2026-08-15,S01,P01,1.0,66.0,0.0,0,CUST_0291,Credit Card,12
TXN_2026083484,2026-08-07,S01,P02,2.0,247.5,10.0,1,CUST_0039,UPI,20
TXN_2026083485,2026-08-23,S01,P01,5.0,66.0,0.0,0,CUST_0183,Digital Wallet,12
TXN_2026083486,2026-08-18,S03,P03,1.0,45.0,0.0,0,CUST_0645,UPI,15
TXN_2026083487,2026-08-12,S01,P07,3.0,125.0,0.0,0,,Debit Card,21
TXN_2026083488,2026-08-29,S02,P01,1.0,66.0,0.0,0,CUST_0388,Debit Card,20
TXN_2026083489,2026-08-01,S01,P05,4.0,38.0,5.0,1,,UPI,13
TXN_2026083490,2026-08-10,S04,P09,3.0,175.0,0.0,0,CUST_0615,Cash,13
TXN_2026083491,2026-08-02,S01,P02,1.0,247.5,10.0,1,CUST_0419,Credit Card,17
TXN_2026083492,2026-08-24,S01,P05,1.0,40.0,0.0,0,CUST_0074,Credit Card,20
TXN_2026083493,2026-08-23,S01,P10,1.0,54.0,10.0,1,CUST_0055,Credit Card,8
TXN_2026083494,2026-08-11,S02,P10,5.0,60.0,0.0,0,CUST_0572,Credit Card,14
TXN_2026083495,2026-08-22,S02,P02,1.0,247.5,10.0,1,CUST_0024,UPI,20
TXN_2026083496,2026-08-13,S02,P01,2.0,66.0,0.0,0,CUST_0022,Debit Card,14
TXN_2026083497,2026-08-24,S02,P01,1.0,66.0,0.0,0,CUST_0428,Credit Card,18
TXN_2026083498,2026-08-15,S01,P05,4.0,36.0,10.0,1,CUST_0032,UPI,18
TXN_2026083499,2026-08-14,S02,P05,1.0,36.0,10.0,1,CUST_0339,Debit Card,11
TXN_2026083500,2026-08-30,S02,P05,1.0,40.0,0.0,0,CUST_0515,Debit Card,15
TXN_2026083501,2026-08-08,S01,P03,1.0,38.25,15.0,1,CUST_0512,Credit Card,17
TXN_2026083502,2026-08-04,S01,P01,1.0,59.4,10.0,1,CUST_0070,UPI,18
TXN_2026083503,2026-08-19,S01,P04,1.0,180.0,0.0,0,CUST_0088,UPI,19
TXN_2026083504,2026-08-30,S01,P03,2.0,45.0,0.0,0,CUST_0571,UPI,19
TXN_2026083505,2026-08-13,S02,P05,,40.0,0.0,0,CUST_0219,Credit Card,8
TXN_2026083506,2026-08-02,S01,P03,1.0,45.0,0.0,0,,Cash,18
TXN_2026083507,2026-08-11,S01,P03,1.0,45.0,0.0,0,CUST_0270,UPI,16
TXN_2026083508,2026-08-16,S01,P02,1.0,275.0,0.0,0,CUST_0078,UPI,17
TXN_2026083509,2026-08-06,S04,P01,1.0,66.0,0.0,0,CUST_0592,Debit Card,13
TXN_2026083510,2026-08-21,S04,P02,2.0,275.0,0.0,0,,UPI,18
TXN_2026083511,2026-08-31,S01,P01,1.0,66.0,0.0,0,CUST_0468,UPI,18
TXN_2026083512,2026-08-15,S01,P03,1.0,45.0,0.0,0,CUST_0336,Credit Card,17
TXN_2026083513,2026-08-12,S01,P01,2.0,66.0,0.0,0,CUST_0636,Debit Card,20
TXN_2026083514,2026-08-13,S02,P01,1.0,62.7,5.0,1,CUST_0186,Debit Card,10
TXN_2026083515,2026-08-04,S01,P06,1.0,340.0,0.0,0,CUST_0546,Debit Card,13
TXN_2026083516,2026-08-28,S02,P03,1.0,40.5,10.0,1,CUST_0121,UPI,16
TXN_2026083517,2026-08-14,S02,P05,1.0,30.0,25.0,1,CUST_0592,Cash,21
TXN_2026083518,2026-08-13,S04,P05,2.0,40.0,0.0,0,CUST_0565,UPI,9
TXN_2026083519,2026-08-21,S01,P04,1.0,180.0,0.0,0,CUST_0274,UPI,13
TXN_2026083520,2026-08-15,S04,P10,1.0,57.0,5.0,1,CUST_0410,UPI,20
TXN_2026083521,2026-08-21,S03,P01,2.0,66.0,0.0,0,CUST_0358,UPI,20
TXN_2026083522,2026-08-02,S01,P05,1.0,40.0,0.0,0,CUST_0647,UPI,20
TXN_2026083523,2026-08-26,S01,P10,1.0,60.0,0.0,0,CUST_0098,Credit Card,13
TXN_2026083524,2026-08-30,S01,P08,3.0,520.0,0.0,0,CUST_0241,Credit Card,20
TXN_2026083525,2026-08-21,S01,P01,1.0,66.0,0.0,0,CUST_0557,UPI,16
TXN_2026083526,2026-08-30,S01,P03,1.0,33.75,25.0,1,CUST_0114,Debit Card,17
TXN_2026083527,2026-08-05,S02,P01,2.0,66.0,0.0,0,CUST_0487,Debit Card,12
TXN_2026083528,2026-08-15,S02,P05,1.0,38.0,5.0,1,CUST_0241,UPI,18
TXN_2026083529,2026-08-19,S04,P05,1.0,40.0,0.0,0,CUST_0156,UPI,13
TXN_2026083530,2026-08-19,S01,P03,3.0,45.0,0.0,0,CUST_0352,UPI,13
TXN_2026083531,2026-08-13,S04,P04,1.0,180.0,0.0,0,CUST_0044,UPI,18
TXN_2026083532,2026-08-11,S01,P05,1.0,34.0,15.0,1,CUST_0592,Debit Card,12
TXN_2026083533,2026-08-04,S03,P03,1.0,45.0,0.0,0,CUST_0312,UPI,12
TXN_2026083534,2026-08-13,S01,P08,5.0,520.0,0.0,0,CUST_0138,UPI,13
TXN_2026083535,2026-08-06,S01,P06,1.0,340.0,0.0,0,CUST_0436,UPI,19
TXN_2026083536,2026-08-23,S04,P01,1.0,66.0,0.0,0,CUST_0143,Cash,12
TXN_2026083537,2026-08-07,S01,P05,1.0,40.0,0.0,0,CUST_0299,UPI,19
TXN_2026083538,2026-08-02,S02,P02,1.0,261.25,5.0,1,CUST_0562,Credit Card,18
TXN_2026083539,2026-08-17,S02,P04,1.0,180.0,0.0,0,CUST_0262,UPI,18
TXN_2026083540,2026-08-19,S02,P10,4.0,60.0,0.0,0,CUST_0512,Debit Card,15
TXN_2026083541,2026-08-28,S02,P08,1.0,442.0,15.0,1,CUST_0062,Cash,19
TXN_2026083542,2026-08-18,S03,P03,1.0,40.5,10.0,1,CUST_0567,Credit Card,8
TXN_2026083543,2026-08-11,S01,P02,1.0,275.0,0.0,0,CUST_0423,Debit Card,13
TXN_2026083544,2026-08-26,S02,P02,2.0,261.25,5.0,1,CUST_0396,,18
TXN_2026083545,2026-08-17,S04,P04,1.0,180.0,0.0,0,CUST_0031,Debit Card,22
TXN_2026083546,2026-08-03,S01,P01,2.0,59.4,10.0,1,CUST_0330,Debit Card,8
TXN_2026083547,2026-08-18,S01,P04,5.0,180.0,0.0,0,CUST_0169,UPI,16
TXN_2026083548,2026-08-29,S03,P01,1.0,62.7,5.0,1,CUST_0266,Credit Card,20
TXN_2026083549,2026-08-13,S02,P03,5.0,42.75,5.0,1,CUST_0308,Digital Wallet,20
TXN_2026083550,2026-08-10,S02,P01,1.0,66.0,0.0,0,CUST_0459,UPI,8
TXN_2026083551,2026-08-05,S01,P10,1.0,60.0,0.0,0,CUST_0185,Digital Wallet,17
TXN_2026083552,2026-08-05,S02,P05,2.0,40.0,0.0,0,CUST_0334,Credit Card,8
TXN_2026083553,2026-08-15,S01,P03,2.0,45.0,0.0,0,CUST_0515,Credit Card,19
TXN_2026083554,2026-08-19,S02,P01,2.0,59.4,10.0,1,CUST_0441,Credit Card,13
TXN_2026083555,2026-08-03,S03,P04,1.0,180.0,0.0,0,CUST_0391,Debit Card,19
TXN_2026083556,2026-08-30,S01,P01,3.0,66.0,0.0,0,CUST_0560,UPI,21
TXN_2026083557,2026-08-24,S02,P04,2.0,171.0,5.0,1,CUST_0254,UPI,22
TXN_2026083558,2026-08-19,S04,P07,1.0,100.0,20.0,1,CUST_0586,Debit Card,20
TXN_2026083559,2026-08-27,S03,P05,4.0,40.0,0.0,0,CUST_0335,Cash,11
TXN_2026083560,2026-08-03,S04,P05,4.0,36.0,10.0,1,CUST_0400,Credit Card,11
TXN_2026083561,2026-08-15,S02,P04,1.0,180.0,0.0,0,CUST_0166,UPI,17
TXN_2026083562,2026-08-20,S03,P09,2.0,166.25,5.0,1,CUST_0260,UPI,17
TXN_2026083563,2026-08-27,S01,P09,2.0,148.75,15.0,1,CUST_0004,Cash,8
TXN_2026083564,2026-08-25,S01,P04,2.0,162.0,10.0,1,CUST_0119,UPI,14
TXN_2026083565,2026-08-09,S01,P03,1.0,38.25,15.0,1,CUST_0470,Credit Card,20
TXN_2026083566,2026-08-30,S02,P03,2.0,45.0,0.0,0,CUST_0470,UPI,20
TXN_2026083567,2026-08-04,S04,P01,5.0,66.0,0.0,0,CUST_0493,UPI,11
TXN_2026083568,2026-08-28,S01,P05,1.0,40.0,0.0,0,CUST_0500,UPI,14
TXN_2026083569,2026-08-30,S02,P04,2.0,153.0,15.0,1,CUST_0070,UPI,17
TXN_2026083570,2026-08-06,S03,P01,1.0,56.1,15.0,1,CUST_0370,Debit Card,20
TXN_2026083571,2026-08-23,S02,P01,1.0,66.0,0.0,0,CUST_0181,UPI,17
TXN_2026083572,2026-08-02,S01,P03,1.0,45.0,0.0,0,CUST_0005,UPI,22
TXN_2026083573,2026-08-14,S02,P08,2.0,442.0,15.0,1,CUST_0197,Credit Card,19
TXN_2026083574,2026-08-16,S01,P04,1.0,180.0,0.0,0,CUST_0047,Cash,21
TXN_2026083575,2026-08-19,S01,P05,1.0,38.0,5.0,1,,Debit Card,19
TXN_2026083576,2026-08-30,S04,P03,1.0,40.5,10.0,1,CUST_0634,UPI,20
TXN_2026083577,2026-08-22,S01,P04,1.0,180.0,0.0,0,CUST_0647,UPI,19
TXN_2026083578,2026-08-15,S01,P03,1.0,45.0,0.0,0,CUST_0140,Credit Card,12
TXN_2026083579,2026-08-26,S04,P05,2.0,34.0,15.0,1,CUST_0540,Cash,12
TXN_2026083580,2026-08-30,S01,P01,2.0,66.0,0.0,0,CUST_0427,UPI,20
TXN_2026083581,2026-08-01,S02,P03,1.0,45.0,0.0,0,CUST_0589,UPI,10
TXN_2026083582,2026-08-31,S01,P02,1.0,275.0,0.0,0,CUST_0561,Debit Card,14
TXN_2026083583,2026-08-03,S01,P03,2.0,45.0,0.0,0,CUST_0310,Credit Card,19
TXN_2026083584,2026-08-26,S01,P10,1.0,60.0,0.0,0,CUST_0274,Credit Card,19
TXN_2026083585,2026-08-09,S01,P01,3.0,59.4,10.0,1,CUST_0539,UPI,11
TXN_2026083586,2026-08-04,S02,P03,1.0,33.75,25.0,1,CUST_0390,UPI,16
TXN_2026083587,2026-08-15,S03,P04,1.0,180.0,0.0,0,CUST_0459,UPI,16
TXN_2026083588,2026-08-21,S02,P08,1.0,468.0,10.0,1,CUST_0634,UPI,13
TXN_2026083589,2026-08-13,S04,P03,1.0,45.0,0.0,0,CUST_0361,Digital Wallet,20
TXN_2026083590,2026-08-02,S01,P06,1.0,340.0,0.0,0,,UPI,18
TXN_2026083591,2026-08-19,S02,P08,1.0,520.0,0.0,0,CUST_0583,Credit Card,22
TXN_2026083592,2026-08-29,S02,P03,1.0,33.75,25.0,1,CUST_0431,Credit Card,9
TXN_2026083593,2026-08-13,S04,P03,1.0,36.0,20.0,1,CUST_0032,UPI,14
TXN_2026083594,2026-08-08,S01,P03,1.0,45.0,0.0,0,CUST_0621,Cash,20
TXN_2026083595,2026-08-15,S02,P07,3.0,125.0,0.0,0,CUST_0513,Debit Card,14
TXN_2026083596,2026-08-02,S04,P01,1.0,52.8,20.0,1,CUST_0182,Digital Wallet,12
TXN_2026083597,2026-08-26,S01,P03,2.0,45.0,0.0,0,CUST_0248,UPI,22
TXN_2026083598,2026-08-27,S04,P05,2.0,36.0,10.0,1,,UPI,20
TXN_2026083599,2026-08-19,S01,P04,1.0,180.0,0.0,0,CUST_0297,UPI,17
TXN_2026083600,2026-08-12,S03,P03,2.0,42.75,5.0,1,CUST_0030,UPI,17
TXN_2026083601,2026-08-26,S04,P04,1.0,180.0,0.0,0,CUST_0302,UPI,8
TXN_2026083602,2026-08-18,S02,P01,1.0,66.0,0.0,0,CUST_0476,Cash,22
TXN_2026083603,2026-08-27,S02,P03,1.0,40.5,10.0,1,CUST_0352,UPI,19
TXN_2026083604,2026-08-20,S01,P04,3.0,180.0,0.0,0,CUST_0482,Cash,8
TXN_2026083605,2026-08-25,S04,P09,1.0,175.0,0.0,0,CUST_0317,Credit Card,11
TXN_2026083606,2026-08-19,S02,P02,1.0,275.0,0.0,0,CUST_0397,Credit Card,19
TXN_2026083607,2026-08-14,S01,P08,1.0,520.0,0.0,0,CUST_0089,UPI,10
TXN_2026083608,2026-08-30,S03,P05,1.0,40.0,0.0,0,CUST_0234,UPI,21
TXN_2026083609,2026-08-17,S02,P01,1.0,66.0,0.0,0,CUST_0168,Cash,22
TXN_2026083610,2026-08-19,S01,P05,4.0,40.0,0.0,0,CUST_0126,UPI,20
TXN_2026083611,2026-08-08,S01,P01,1.0,52.8,20.0,1,CUST_0573,Debit Card,19
TXN_2026083612,2026-08-20,S01,P10,1.0,60.0,0.0,0,CUST_0120,Credit Card,16
TXN_2026083613,2026-08-18,S02,P08,1.0,520.0,0.0,0,CUST_0428,Cash,9
TXN_2026083614,2026-08-06,S02,P02,1.0,,10.0,1,CUST_0190,Debit Card,18
TXN_2026083615,2026-08-02,S02,P02,1.0,261.25,5.0,1,CUST_0633,UPI,14
TXN_2026083616,2026-08-19,S04,P03,3.0,45.0,0.0,0,CUST_0428,Credit Card,17
TXN_2026083617,2026-08-24,S04,P03,3.0,45.0,0.0,0,CUST_0560,UPI,12
TXN_2026083618,2026-08-16,S02,P03,5.0,45.0,0.0,0,CUST_0202,Credit Card,12
TXN_2026083619,2026-08-08,S01,P03,2.0,45.0,0.0,0,CUST_0059,UPI,13
TXN_2026083620,2026-08-22,S03,P05,2.0,34.0,15.0,1,CUST_0223,UPI,19
TXN_2026083621,2026-08-03,S02,P01,3.0,59.4,10.0,1,CUST_0492,UPI,14
TXN_2026083622,2026-08-15,S02,P07,4.0,118.75,5.0,1,CUST_0011,Cash,13
TXN_2026083623,2026-08-06,S02,P07,3.0,125.0,0.0,0,,Credit Card,15
TXN_2026083624,2026-08-06,S01,P03,3.0,42.75,5.0,1,CUST_0310,Cash,8
TXN_2026083625,2026-08-07,S04,P08,2.0,520.0,0.0,0,CUST_0034,UPI,20
TXN_2026083626,2026-08-13,S01,P02,-3.0,275.0,0.0,0,CUST_0340,Credit Card,17
TXN_2026083627,2026-08-02,S02,P01,1.0,66.0,0.0,0,CUST_0647,UPI,10
TXN_2026083628,2026-08-13,S01,P05,2.0,34.0,15.0,1,CUST_0481,UPI,12
TXN_2026083629,2026-08-16,S04,P03,1.0,42.75,5.0,1,CUST_0574,Cash,22
TXN_2026083630,2026-08-15,S01,P04,,180.0,0.0,0,CUST_0093,Digital Wallet,17
TXN_2026083631,2026-08-13,S01,P09,2.0,175.0,0.0,0,CUST_0628,UPI,12
TXN_2026083632,2026-08-27,S01,P10,2.0,60.0,0.0,0,CUST_0133,Cash,14
TXN_2026083633,2026-08-05,S01,P05,1.0,36.0,10.0,1,CUST_0419,Debit Card,12
TXN_2026083634,2026-08-16,S01,P06,1.0,306.0,10.0,1,CUST_0468,Cash,8
TXN_2026083635,2026-08-02,S02,P01,-5.0,66.0,0.0,0,CUST_0444,Credit Card,20
TXN_2026083636,2026-08-02,S02,P01,1.0,52.8,20.0,1,CUST_0030,Digital Wallet,12
TXN_2026083637,2026-08-18,S01,P05,2.0,34.0,15.0,1,CUST_0298,Cash,20
TXN_2026083638,2026-08-18,S01,P03,1.0,38.25,15.0,1,,UPI,15
TXN_2026083639,2026-08-28,S04,P03,1.0,45.0,0.0,0,CUST_0458,UPI,11
TXN_2026083640,2026-08-18,S03,P03,1.0,45.0,0.0,0,CUST_0304,UPI,19
TXN_2026083641,2026-08-30,S03,P05,2.0,40.0,0.0,0,CUST_0340,Credit Card,13
TXN_2026083642,2026-08-02,S03,P01,1.0,66.0,0.0,0,CUST_0448,Debit Card,18
TXN_2026083643,2026-08-03,S01,P05,3.0,34.0,15.0,1,CUST_0302,Debit Card,20
TXN_2026083644,2026-08-02,S01,P01,1.0,66.0,0.0,0,CUST_0540,Debit Card,21
TXN_2026083645,2026-08-06,S01,P01,1.0,59.4,10.0,1,CUST_0485,UPI,10
TXN_2026083646,2026-08-17,S04,P03,1.0,45.0,0.0,0,CUST_0077,UPI,8
TXN_2026083647,2026-08-21,S04,P02,4.0,275.0,0.0,0,CUST_0633,UPI,17
TXN_2026083648,2026-08-02,S02,P08,1.0,520.0,0.0,0,CUST_0515,Debit Card,12
TXN_2026083649,2026-08-30,S01,P01,2.0,66.0,0.0,0,CUST_0549,UPI,15
TXN_2026083650,2026-08-27,S01,P01,2.0,66.0,0.0,0,CUST_0092,UPI,9
TXN_2026083651,2026-08-10,S01,P04,2.0,153.0,15.0,1,CUST_0466,UPI,16
TXN_2026083652,2026-08-02,S02,P03,1.0,42.75,5.0,1,CUST_0466,UPI,10
TXN_2026083653,2026-08-06,S01,P01,2.0,66.0,0.0,0,CUST_0599,UPI,20
TXN_2026083654,2026-08-04,S04,P01,4.0,52.8,20.0,1,CUST_0040,UPI,19
TXN_2026083655,2026-08-04,S01,P10,2.0,60.0,0.0,0,CUST_0329,Cash,9
TXN_2026083656,2026-08-16,S04,P05,3.0,40.0,0.0,0,CUST_0285,UPI,20
TXN_2026083657,2026-08-08,S03,P03,1.0,45.0,0.0,0,CUST_0554,Cash,13
TXN_2026083658,2026-08-12,S03,P03,1.0,45.0,0.0,0,CUST_0066,UPI,13
TXN_2026083659,2026-08-31,S02,P02,-2.0,275.0,0.0,0,CUST_0636,Cash,11
TXN_2026083660,2026-08-22,S02,P03,1.0,40.5,10.0,1,CUST_0632,Credit Card,20
TXN_2026083661,2026-08-30,S02,P05,3.0,30.0,25.0,1,CUST_0109,Cash,14
TXN_2026083662,2026-08-05,S02,P08,5.0,442.0,15.0,1,CUST_0415,Cash,9
TXN_2026083663,2026-08-13,S02,P01,2.0,62.7,5.0,1,CUST_0092,Credit Card,21
TXN_2026083664,2026-08-18,S04,P07,5.0,112.5,10.0,1,CUST_0368,Cash,12
TXN_2026083665,2026-08-02,S03,P01,1.0,66.0,0.0,0,CUST_0423,Credit Card,21
TXN_2026083666,2026-08-01,S03,P01,3.0,66.0,0.0,0,CUST_0572,Debit Card,13
TXN_2026083667,2026-08-22,S04,P01,1.0,62.7,5.0,1,CUST_0240,UPI,19
TXN_2026083668,2026-08-21,S01,P01,1.0,49.5,25.0,1,CUST_0435,Cash,18
TXN_2026083669,2026-08-14,S01,P09,2.0,175.0,0.0,0,CUST_0212,Cash,20
TXN_2026083670,2026-08-16,S02,P03,1.0,45.0,0.0,0,CUST_0400,UPI,22
TXN_2026083671,2026-08-14,S02,P01,3.0,66.0,0.0,0,CUST_0610,Credit Card,20
TXN_2026083672,2026-08-01,S04,P10,1.0,60.0,0.0,0,CUST_0526,Cash,14
TXN_2026083673,2026-08-11,S02,P08,3.0,494.0,5.0,1,,Debit Card,19
TXN_2026083674,2026-08-06,S02,P06,1.0,340.0,0.0,0,CUST_0170,Digital Wallet,18
TXN_2026083675,2026-08-03,S02,P09,3.0,175.0,0.0,0,CUST_0210,UPI,9
TXN_2026083676,2026-08-30,S01,P02,2.0,275.0,0.0,0,,UPI,20
TXN_2026083677,2026-08-19,S02,P07,2.0,118.75,5.0,1,CUST_0073,Credit Card,15
TXN_2026083678,2026-08-23,S04,P05,-3.0,40.0,0.0,0,CUST_0147,UPI,11
TXN_2026083679,2026-08-10,S01,P08,2.0,442.0,15.0,1,CUST_0340,UPI,14
TXN_2026083680,2026-08-13,S02,P06,1.0,340.0,0.0,0,CUST_0317,Credit Card,17
TXN_2026083681,2026-08-08,S02,P03,2.0,45.0,0.0,0,CUST_0618,UPI,17
TXN_2026083682,2026-08-03,S01,P06,1.0,340.0,0.0,0,CUST_0606,UPI,17
TXN_2026083683,2026-08-06,S01,P02,1.0,275.0,0.0,0,CUST_0575,UPI,12
TXN_2026083684,2026-08-26,S04,P03,1.0,45.0,0.0,0,CUST_0154,Debit Card,18
TXN_2026083685,2026-08-22,S01,P01,1.0,66.0,0.0,0,CUST_0255,UPI,20
TXN_2026083686,2026-08-17,S01,P09,4.0,166.25,5.0,1,CUST_0351,UPI,14
TXN_2026083687,2026-08-15,S01,P02,1.0,275.0,0.0,0,CUST_0547,Credit Card,18
TXN_2026083688,2026-08-29,S02,P04,2.0,153.0,15.0,1,,UPI,12
TXN_2026083689,2026-08-02,S02,P03,1.0,45.0,0.0,0,CUST_0134,Cash,9
TXN_2026083690,2026-08-09,S02,P10,4.0,60.0,0.0,0,CUST_0129,UPI,17
TXN_2026083691,2026-08-12,S01,P03,1.0,45.0,0.0,0,CUST_0436,Cash,9
TXN_2026083692,2026-08-25,S04,P06,1.0,272.0,20.0,1,CUST_0280,Credit Card,18
TXN_2026083693,2026-08-31,S01,P08,500.0,520.0,0.0,0,CUST_0358,Cash,18
TXN_2026083694,2026-08-08,S01,P03,2.0,45.0,0.0,0,CUST_0252,UPI,13
TXN_2026083695,2026-08-28,S02,P03,1.0,45.0,0.0,0,CUST_0135,UPI,14
TXN_2026083696,2026-08-27,S01,P06,1.0,306.0,10.0,1,CUST_0523,Cash,20
TXN_2026083697,2026-08-08,S04,P09,1.0,166.25,5.0,1,CUST_0319,UPI,8
TXN_2026083698,2026-08-13,S04,P06,1.0,340.0,0.0,0,CUST_0080,Debit Card,17
TXN_2026083699,2026-08-14,S01,P02,2.0,261.25,5.0,1,CUST_0191,UPI,20
TXN_2026083700,2026-08-31,S04,P08,1.0,520.0,0.0,0,CUST_0453,Debit Card,20
TXN_2026083701,2026-08-06,S03,P03,1.0,45.0,0.0,0,CUST_0344,Cash,17
TXN_2026083702,2026-08-26,S04,P04,1.0,162.0,10.0,1,CUST_0030,Digital Wallet,14
TXN_2026083703,2026-08-11,S01,P07,1.0,100.0,20.0,1,CUST_0414,UPI,10
TXN_2026083704,2026-08-23,S02,P01,2.0,62.7,5.0,1,CUST_0368,UPI,11
TXN_2026083705,2026-08-14,S01,P06,2.0,340.0,0.0,0,CUST_0596,Digital Wallet,18
TXN_2026083706,2026-08-18,S04,P05,1.0,40.0,0.0,0,CUST_0502,Cash,8
TXN_2026083707,2026-08-27,S01,P09,1.0,140.0,20.0,1,CUST_0021,UPI,20
TXN_2026083708,2026-08-26,S02,P01,1.0,66.0,0.0,0,CUST_0549,Credit Card,17
TXN_2026083709,2026-08-28,S01,P03,5.0,40.5,10.0,1,CUST_0246,UPI,9
TXN_2026083710,2026-08-02,S01,P07,2.0,118.75,5.0,1,CUST_0283,Digital Wallet,12
TXN_2026083711,2026-08-22,S02,P01,1.0,62.7,5.0,1,,UPI,17
TXN_2026083712,2026-08-05,S04,P01,1.0,66.0,0.0,0,CUST_0232,Credit Card,8
TXN_2026083713,2026-08-14,S02,P10,4.0,60.0,0.0,0,CUST_0316,Credit Card,19
TXN_2026083714,2026-08-17,S04,P02,2.0,275.0,0.0,0,CUST_0336,Cash,20
TXN_2026083715,2026-08-14,S01,P10,1.0,45.0,25.0,1,CUST_0411,Cash,21
TXN_2026083716,2026-08-16,S02,P01,1.0,66.0,0.0,0,CUST_0245,UPI,19
TXN_2026083717,2026-08-31,S02,P03,2.0,45.0,0.0,0,CUST_0387,Credit Card,20
TXN_2026083718,2026-08-05,S01,P06,1.0,323.0,5.0,1,CUST_0358,Cash,17
TXN_2026083719,2026-08-22,S02,P05,1.0,40.0,0.0,0,CUST_0614,Debit Card,15
TXN_2026083720,2026-08-13,S02,P04,5.0,180.0,0.0,0,CUST_0022,Debit Card,18
TXN_2026083721,2026-08-04,S02,P04,4.0,171.0,5.0,1,CUST_0019,Debit Card,12
TXN_2026083722,2026-08-05,S03,P07,4.0,112.5,10.0,1,CUST_0287,UPI,10
TXN_2026083723,2026-08-30,S02,P02,1.0,275.0,0.0,0,CUST_0276,Debit Card,19
TXN_2026083724,2026-08-28,S01,P03,1.0,38.25,15.0,1,CUST_0552,UPI,21
TXN_2026083725,2026-08-29,S01,P01,1.0,66.0,0.0,0,CUST_0603,UPI,17
TXN_2026083726,2026-08-31,S02,P05,-1.0,38.0,5.0,1,CUST_0072,Cash,16
TXN_2026083727,2026-08-07,S01,P02,2.0,275.0,0.0,0,CUST_0365,UPI,17
TXN_2026083728,2026-08-12,S01,P03,3.0,45.0,0.0,0,,UPI,15
TXN_2026083729,2026-08-22,S02,P03,3.0,45.0,0.0,0,CUST_0590,UPI,15
TXN_2026083730,2026-08-15,S02,P01,2.0,66.0,0.0,0,CUST_0199,UPI,21
TXN_2026083731,2026-08-14,S01,P01,1.0,66.0,0.0,0,CUST_0017,Cash,16
TXN_2026083732,2026-08-12,S03,P05,1.0,34.0,15.0,1,CUST_0218,Debit Card,9
TXN_2026083733,2026-08-19,S02,P03,1.0,42.75,5.0,1,CUST_0650,UPI,19
TXN_2026083734,2026-08-18,S01,P08,1.0,468.0,10.0,1,CUST_0147,Credit Card,14
TXN_2026083735,2026-08-06,S03,P05,1.0,40.0,0.0,0,,Credit Card,18
TXN_2026083736,2026-08-15,S02,P01,2.0,56.1,15.0,1,CUST_0414,UPI,17
TXN_2026083737,2026-08-18,S02,P05,1.0,34.0,15.0,1,CUST_0330,Debit Card,18
TXN_2026083738,2026-08-18,S02,P01,2.0,66.0,0.0,0,CUST_0352,UPI,9
TXN_2026083739,2026-08-07,S01,P06,3.0,340.0,0.0,0,,Debit Card,8
TXN_2026083740,2026-08-24,S03,P10,1.0,60.0,0.0,0,CUST_0101,UPI,14
TXN_2026083741,2026-08-01,S01,P04,1.0,180.0,0.0,0,CUST_0327,UPI,18
TXN_2026083742,2026-08-12,S04,P05,1.0,30.0,25.0,1,CUST_0327,UPI,12
TXN_2026083743,2026-08-25,S04,P02,1.0,275.0,0.0,0,CUST_0155,UPI,15
TXN_2026083744,2026-08-18,S02,P03,2.0,45.0,0.0,0,CUST_0010,Cash,22
TXN_2026083745,2026-08-09,S01,P08,2.0,468.0,10.0,1,CUST_0353,UPI,12
TXN_2026083746,2026-08-22,S01,P01,2.0,66.0,0.0,0,CUST_0183,UPI,20
TXN_2026083747,2026-08-18,S01,P02,1.0,275.0,0.0,0,CUST_0455,Cash,19
TXN_2026083748,2026-08-26,S02,P03,1.0,45.0,0.0,0,CUST_0646,Credit Card,20
TXN_2026083749,2026-08-23,S01,P05,2.0,40.0,0.0,0,CUST_0006,UPI,20
TXN_2026083750,2026-08-20,S02,P03,1.0,45.0,0.0,0,CUST_0333,Digital Wallet,16
TXN_2026083751,2026-08-16,S01,P09,1.0,157.5,10.0,1,CUST_0333,UPI,18
TXN_2026083752,2026-08-05,S04,P01,3.0,66.0,0.0,0,CUST_0258,Debit Card,17
TXN_2026083753,2026-08-09,S01,P03,1.0,45.0,0.0,0,CUST_0211,UPI,13
TXN_2026083754,2026-08-14,S04,P05,2.0,40.0,0.0,0,CUST_0051,Credit Card,12
TXN_2026083755,2026-08-19,S04,P02,1.0,275.0,0.0,0,,Credit Card,13
TXN_2026083756,2026-08-16,S02,P05,1.0,38.0,5.0,1,CUST_0377,UPI,12
TXN_2026083757,2026-08-09,S03,P01,1.0,66.0,0.0,0,CUST_0640,Credit Card,19
TXN_2026083758,2026-08-01,S02,P01,3.0,59.4,10.0,1,CUST_0486,Credit Card,21
TXN_2026083759,2026-08-16,S02,P01,2.0,66.0,0.0,0,CUST_0051,Debit Card,20
TXN_2026083760,2026-08-09,S01,P09,1.0,,5.0,1,CUST_0154,Cash,12
TXN_2026083761,2026-08-23,S01,P04,3.0,171.0,5.0,1,CUST_0582,Credit Card,9
TXN_2026083762,2026-08-01,S02,P06,1.0,340.0,0.0,0,CUST_0310,Credit Card,19
TXN_2026083763,2026-08-19,S02,P03,1.0,33.75,25.0,1,CUST_0399,Credit Card,14
TXN_2026083764,2026-08-30,S02,P05,1.0,40.0,0.0,0,CUST_0134,Debit Card,19
TXN_2026083765,2026-08-06,S01,P03,1.0,38.25,15.0,1,CUST_0220,UPI,19
TXN_2026083766,2026-08-15,S01,P10,1.0,60.0,0.0,0,CUST_0163,Credit Card,17
TXN_2026083767,2026-08-03,S01,P06,1.0,340.0,0.0,0,CUST_0648,Credit Card,12
TXN_2026083768,2026-08-20,S01,P05,3.0,40.0,0.0,0,CUST_0569,Digital Wallet,10
TXN_2026083769,2026-08-17,S01,P01,2.0,62.7,5.0,1,CUST_0502,Credit Card,12
TXN_2026083770,2026-08-14,S01,P04,2.0,171.0,5.0,1,CUST_0115,UPI,16
TXN_2026083771,2026-08-16,S01,P03,2.0,45.0,0.0,0,CUST_0499,Credit Card,22
TXN_2026083772,2026-08-29,S04,P09,2.0,157.5,10.0,1,CUST_0472,Debit Card,9
TXN_2026083773,2026-08-07,S01,P02,1.0,233.75,15.0,1,CUST_0149,Cash,11
TXN_2026083774,2026-08-01,S02,P02,2.0,247.5,10.0,1,CUST_0241,Debit Card,17
TXN_2026083775,2026-08-28,S01,P03,5.0,45.0,0.0,0,CUST_0123,Cash,13
TXN_2026083776,2026-08-18,S04,P02,2.0,275.0,0.0,0,,UPI,20
TXN_2026083777,2026-08-28,S02,P01,1.0,66.0,0.0,0,CUST_0063,Credit Card,11
TXN_2026083778,2026-08-19,S01,P08,1.0,520.0,0.0,0,CUST_0016,Debit Card,21
TXN_2026083779,2026-08-26,S02,P04,4.0,180.0,0.0,0,CUST_0390,UPI,20
TXN_2026083780,2026-08-15,S01,P08,1.0,520.0,0.0,0,CUST_0590,UPI,20
TXN_2026083781,2026-08-24,S02,P07,,93.75,25.0,1,CUST_0634,Cash,11
TXN_2026083782,2026-08-29,S01,P02,1.0,247.5,10.0,1,CUST_0258,Debit Card,13
TXN_2026083783,2026-08-18,S04,P04,1.0,153.0,15.0,1,CUST_0217,Digital Wallet,19
TXN_2026083784,2026-08-06,S02,P01,2.0,52.8,20.0,1,CUST_0479,Digital Wallet,19
TXN_2026083785,2026-08-09,S01,P09,1.0,166.25,5.0,1,CUST_0114,UPI,18
TXN_2026083786,2026-08-07,S03,P03,-3.0,45.0,0.0,0,CUST_0380,Cash,15
TXN_2026083787,2026-08-08,S01,P03,1.0,40.5,10.0,1,CUST_0237,UPI,13
TXN_2026083788,2026-08-10,S04,P03,2.0,45.0,0.0,0,CUST_0476,Debit Card,21
TXN_2026083789,2026-08-18,S02,P03,1.0,45.0,0.0,0,CUST_0598,UPI,11
TXN_2026083790,2026-08-19,S03,P02,1.0,275.0,0.0,0,CUST_0129,UPI,9
TXN_2026083791,2026-08-14,S01,P03,3.0,45.0,0.0,0,CUST_0510,Cash,8
TXN_2026083792,2026-08-20,S04,P06,1.0,306.0,10.0,1,,UPI,19
TXN_2026083793,2026-08-03,S03,P07,1.0,106.25,15.0,1,CUST_0277,Debit Card,9
TXN_2026083794,2026-08-03,S01,P03,2.0,45.0,0.0,0,CUST_0257,UPI,17
TXN_2026083795,2026-08-06,S01,P03,1.0,45.0,0.0,0,CUST_0132,UPI,13
TXN_2026083796,2026-08-16,S01,P08,1.0,520.0,0.0,0,CUST_0570,UPI,11
TXN_2026083797,2026-08-07,S04,P01,3.0,62.7,5.0,1,CUST_0257,Credit Card,19
TXN_2026083798,2026-08-09,S01,P08,2.0,520.0,0.0,0,CUST_0141,UPI,9
TXN_2026083799,2026-08-13,S02,P01,1.0,52.8,20.0,1,CUST_0209,UPI,13
TXN_2026083800,2026-08-26,S01,P05,1.0,40.0,0.0,0,CUST_0519,Debit Card,17
TXN_2026083801,2026-08-01,S01,P04,1.0,135.0,25.0,1,CUST_0051,UPI,14
TXN_2026083802,2026-08-21,S02,P04,1.0,180.0,0.0,0,CUST_0503,Credit Card,12
TXN_2026083803,2026-08-22,S04,P08,3.0,520.0,0.0,0,CUST_0259,Cash,20
TXN_2026083804,2026-08-26,S02,P01,1.0,66.0,0.0,0,CUST_0178,UPI,20
TXN_2026083805,2026-08-29,S04,P03,3.0,42.75,5.0,1,,UPI,14
TXN_2026083806,2026-08-01,S02,P04,1.0,180.0,0.0,0,CUST_0356,Debit Card,14
TXN_2026083807,2026-08-05,S01,P07,1.0,106.25,15.0,1,CUST_0318,Debit Card,13
TXN_2026083808,2026-08-28,S01,P01,1.0,66.0,0.0,0,CUST_0364,Debit Card,20
TXN_2026083809,2026-08-15,S02,P07,1.0,118.75,5.0,1,CUST_0055,Digital Wallet,17
TXN_2026083810,2026-08-18,S04,P03,2.0,45.0,0.0,0,CUST_0156,UPI,10
TXN_2026083811,2026-08-22,S04,P01,2.0,66.0,0.0,0,CUST_0044,Digital Wallet,20
TXN_2026083812,2026-08-22,S01,P06,1.0,340.0,0.0,0,CUST_0593,Cash,17
TXN_2026083813,2026-08-29,S01,P01,2.0,49.5,25.0,1,CUST_0542,Cash,14
TXN_2026083814,2026-08-31,S01,P04,2.0,180.0,0.0,0,CUST_0322,Credit Card,13
TXN_2026083815,2026-08-23,S04,P01,3.0,66.0,0.0,0,CUST_0648,Cash,10
TXN_2026083816,2026-08-09,S04,P03,1.0,45.0,0.0,0,CUST_0014,UPI,21
TXN_2026083817,2026-08-28,S03,P05,2.0,38.0,5.0,1,CUST_0357,Debit Card,19
TXN_2026083818,2026-08-02,S01,P04,1.0,180.0,0.0,0,CUST_0483,UPI,11
TXN_2026083819,2026-08-08,S02,P03,2.0,40.5,10.0,1,CUST_0618,Debit Card,16
TXN_2026083820,2026-08-29,S02,P03,3.0,45.0,0.0,0,CUST_0359,Credit Card,17
TXN_2026083821,2026-08-09,S01,P02,1.0,275.0,0.0,0,CUST_0318,UPI,11
TXN_2026083822,2026-08-08,S02,P03,1.0,45.0,0.0,0,CUST_0075,Cash,14
TXN_2026083823,2026-08-05,S01,P10,5.0,60.0,0.0,0,CUST_0591,Credit Card,18
TXN_2026083824,2026-08-28,S01,P08,1.0,520.0,0.0,0,CUST_0194,Credit Card,12
TXN_2026083825,2026-08-16,S04,P01,3.0,66.0,0.0,0,CUST_0363,UPI,13
TXN_2026083826,2026-08-22,S03,P01,1.0,66.0,0.0,0,CUST_0096,Cash,10
TXN_2026083827,2026-08-08,S02,P09,2.0,157.5,10.0,1,CUST_0040,Credit Card,14
TXN_2026083828,2026-08-24,S02,P04,3.0,180.0,0.0,0,CUST_0397,UPI,17
TXN_2026083829,2026-08-24,S01,P04,1.0,180.0,0.0,0,CUST_0107,Credit Card,10
TXN_2026083830,2026-08-10,S03,P06,1.0,323.0,5.0,1,CUST_0017,Debit Card,17
TXN_2026083831,2026-08-14,S03,P03,1.0,45.0,0.0,0,CUST_0527,Debit Card,14
TXN_2026083832,2026-08-07,S03,P03,1.0,45.0,0.0,0,CUST_0499,UPI,18
TXN_2026083833,2026-08-31,S03,P10,1.0,57.0,5.0,1,CUST_0525,UPI,13
TXN_2026083834,2026-08-21,S01,P05,3.0,40.0,0.0,0,CUST_0043,Credit Card,17
TXN_2026083835,2026-08-30,S01,P01,4.0,66.0,0.0,0,,Cash,17
TXN_2026083836,2026-08-10,S02,P01,2.0,66.0,0.0,0,CUST_0593,Debit Card,18
TXN_2026083837,2026-08-25,S01,P01,3.0,66.0,0.0,0,CUST_0350,UPI,19
TXN_2026083838,2026-08-24,S03,P06,2.0,255.0,25.0,1,CUST_0030,UPI,11
TXN_2026083839,2026-08-22,S01,P02,2.0,275.0,0.0,0,CUST_0441,Credit Card,21
TXN_2026083840,2026-08-30,S01,P01,2.0,62.7,5.0,1,CUST_0542,Cash,20
TXN_2026083841,2026-08-13,S01,P10,1.0,57.0,5.0,1,CUST_0455,UPI,17
TXN_2026083842,2026-08-04,S04,P01,1.0,59.4,10.0,1,CUST_0611,Debit Card,20
TXN_2026083843,2026-08-22,S01,P01,1.0,59.4,10.0,1,,UPI,14
TXN_2026083844,2026-08-23,S02,P02,3.0,275.0,0.0,0,CUST_0295,UPI,8
TXN_2026083845,2026-08-18,S02,P02,1.0,275.0,0.0,0,CUST_0549,UPI,18
TXN_2026083846,2026-08-07,S01,P03,1.0,38.25,15.0,1,CUST_0089,,21
TXN_2026083847,2026-08-16,S02,P09,1.0,175.0,0.0,0,CUST_0503,Cash,11
TXN_2026083848,2026-08-10,S03,P08,5.0,520.0,0.0,0,CUST_0214,UPI,18
TXN_2026083849,2026-08-14,S02,P03,2.0,45.0,0.0,0,CUST_0422,Credit Card,19
TXN_2026083850,2026-08-21,S04,P03,1.0,45.0,0.0,0,CUST_0526,UPI,20
TXN_2026083851,2026-08-24,S01,P04,2.0,153.0,15.0,1,CUST_0192,Debit Card,12
TXN_2026083852,2026-08-08,S01,P02,4.0,261.25,5.0,1,CUST_0642,Credit Card,11
TXN_2026083853,2026-08-14,S04,P01,1.0,62.7,5.0,1,CUST_0224,UPI,12
TXN_2026083854,2026-08-09,S01,P09,1.0,175.0,0.0,0,CUST_0555,UPI,17
TXN_2026083855,2026-08-07,S02,P01,1.0,66.0,0.0,0,CUST_0387,Cash,20
TXN_2026083856,2026-08-25,S03,P01,1.0,66.0,0.0,0,CUST_0474,Debit Card,17
TXN_2026083857,2026-08-29,S01,P03,3.0,45.0,0.0,0,CUST_0608,UPI,20
TXN_2026083858,2026-08-12,S03,P03,2.0,45.0,0.0,0,CUST_0203,Credit Card,19
TXN_2026083859,2026-08-24,S01,P01,2.0,66.0,0.0,0,,Debit Card,17
TXN_2026083860,2026-08-29,S01,P01,2.0,66.0,0.0,0,CUST_0068,Credit Card,8
TXN_2026083861,2026-08-27,S01,P03,,40.5,10.0,1,CUST_0092,UPI,13
TXN_2026083862,2026-08-06,S04,P05,1.0,40.0,0.0,0,CUST_0178,Credit Card,9
TXN_2026083863,2026-08-30,S01,P02,1.0,275.0,0.0,0,CUST_0559,Credit Card,13
TXN_2026083864,2026-08-13,S03,P03,1.0,40.5,10.0,1,CUST_0003,Credit Card,9
TXN_2026083865,2026-08-11,S04,P04,2.0,180.0,0.0,0,CUST_0103,Digital Wallet,11
TXN_2026083866,2026-08-02,S02,P08,2.0,520.0,0.0,0,CUST_0273,UPI,14
TXN_2026083867,2026-08-15,S02,P03,2.0,38.25,15.0,1,CUST_0534,Credit Card,16
TXN_2026083868,2026-08-04,S02,P01,2.0,62.7,5.0,1,CUST_0116,UPI,12
TXN_2026083869,2026-08-08,S01,P03,1.0,40.5,10.0,1,CUST_0464,UPI,19
TXN_2026083870,2026-08-10,S02,P06,1.0,340.0,0.0,0,CUST_0104,Credit Card,17
TXN_2026083871,2026-08-26,S02,P01,1.0,49.5,25.0,1,CUST_0259,Cash,18
TXN_2026083872,2026-08-28,S04,P03,2.0,45.0,0.0,0,CUST_0308,UPI,19
TXN_2026083873,2026-08-10,S04,P01,2.0,52.8,20.0,1,CUST_0367,Digital Wallet,18
TXN_2026083874,2026-08-28,S04,P01,2.0,56.1,15.0,1,CUST_0642,UPI,21
TXN_2026083875,2026-08-28,S04,P03,1.0,42.75,5.0,1,,UPI,12
TXN_2026083876,2026-08-24,S02,P02,1.0,261.25,5.0,1,CUST_0560,UPI,12
TXN_2026083877,2026-08-05,S02,P07,3.0,112.5,10.0,1,CUST_0027,Credit Card,10
TXN_2026083878,2026-08-22,S04,P05,1.0,40.0,0.0,0,CUST_0508,Credit Card,17
TXN_2026083879,2026-08-30,S01,P03,1.0,45.0,0.0,0,CUST_0527,Credit Card,14
TXN_2026083880,2026-08-22,S04,P03,1.0,38.25,15.0,1,CUST_0365,Credit Card,16
TXN_2026083881,2026-08-11,S02,P03,1.0,45.0,0.0,0,CUST_0298,Credit Card,11
TXN_2026083882,2026-08-16,S02,P01,1.0,56.1,15.0,1,CUST_0361,Credit Card,18
TXN_2026083883,2026-08-21,S03,P09,1.0,157.5,10.0,1,CUST_0646,UPI,17
TXN_2026083884,2026-08-16,S04,P10,2.0,54.0,10.0,1,CUST_0504,Cash,12
TXN_2026083885,2026-08-04,S01,P01,1.0,66.0,0.0,0,CUST_0588,Credit Card,15
TXN_2026083886,2026-08-10,S03,P01,1.0,66.0,0.0,0,CUST_0030,UPI,20
TXN_2026083887,2026-08-26,S02,P01,2.0,52.8,20.0,1,CUST_0439,UPI,19
TXN_2026083888,2026-08-28,S01,P05,3.0,40.0,0.0,0,CUST_0340,Debit Card,12
TXN_2026083889,2026-08-05,S03,P05,1.0,38.0,5.0,1,CUST_0126,UPI,20
TXN_2026083890,2026-08-30,S02,P07,1.0,112.5,10.0,1,CUST_0596,Debit Card,9
TXN_2026083891,2026-08-11,S02,P06,1.0,340.0,0.0,0,CUST_0566,UPI,14
TXN_2026083892,2026-08-22,S01,P03,1.0,42.75,5.0,1,CUST_0366,Credit Card,9
TXN_2026083893,2026-08-24,S02,P05,3.0,40.0,0.0,0,CUST_0443,UPI,20
TXN_2026083894,2026-08-26,S02,P05,1.0,40.0,0.0,0,CUST_0263,Digital Wallet,8
TXN_2026083895,2026-08-30,S02,P04,1.0,180.0,0.0,0,CUST_0222,Cash,11
TXN_2026083896,2026-08-10,S01,P03,1.0,42.75,5.0,1,CUST_0002,Cash,20
TXN_2026083897,2026-08-28,S04,P05,1.0,34.0,15.0,1,,UPI,17
TXN_2026083898,2026-08-04,S02,P04,1.0,180.0,0.0,0,CUST_0306,Cash,19
TXN_2026083899,2026-08-23,S03,P05,-5.0,40.0,0.0,0,CUST_0146,Credit Card,8
TXN_2026083900,2026-08-24,S02,P05,2.0,40.0,0.0,0,CUST_0530,Debit Card,14
TXN_2026083901,2026-08-22,S01,P05,1.0,40.0,0.0,0,CUST_0528,UPI,22
TXN_2026083902,2026-08-08,S02,P05,3.0,40.0,0.0,0,CUST_0308,Debit Card,17
TXN_2026083903,2026-08-28,S02,P04,1.0,153.0,15.0,1,CUST_0340,Cash,20
TXN_2026083904,2026-08-06,S02,P05,1.0,30.0,25.0,1,CUST_0352,UPI,21
TXN_2026083905,2026-08-02,S02,P03,4.0,45.0,0.0,0,CUST_0209,UPI,18
TXN_2026083906,2026-08-23,S02,P02,1.0,247.5,10.0,1,CUST_0205,UPI,13
TXN_2026083907,2026-08-15,S01,P01,4.0,62.7,5.0,1,CUST_0625,UPI,13
TXN_2026083908,2026-08-27,S02,P04,2.0,135.0,25.0,1,CUST_0636,Credit Card,9
TXN_2026083909,2026-08-13,S01,P05,5.0,40.0,0.0,0,CUST_0015,Cash,14
TXN_2026083910,2026-08-06,S01,P10,2.0,54.0,10.0,1,CUST_0428,UPI,20
TXN_2026083911,2026-08-27,S04,P03,,36.0,20.0,1,CUST_0476,Credit Card,15
TXN_2026083912,2026-08-17,S02,P03,3.0,38.25,15.0,1,CUST_0298,Credit Card,20
TXN_2026083913,2026-08-07,S02,P01,1.0,62.7,5.0,1,CUST_0557,UPI,19
TXN_2026083914,2026-08-23,S02,P01,2.0,66.0,0.0,0,CUST_0094,Credit Card,22
TXN_2026083915,2026-08-16,S04,P06,1.0,323.0,5.0,1,CUST_0107,UPI,21
TXN_2026083916,2026-08-19,S02,P02,2.0,275.0,0.0,0,CUST_0419,Credit Card,18
TXN_2026083917,2026-08-15,S03,P05,2.0,40.0,0.0,0,CUST_0278,UPI,20
TXN_2026083918,2026-08-27,S01,P05,2.0,40.0,0.0,0,CUST_0128,Debit Card,19
TXN_2026083919,2026-08-27,S04,P03,3.0,45.0,0.0,0,CUST_0459,UPI,18
TXN_2026083920,2026-08-23,S04,P08,3.0,520.0,0.0,0,CUST_0038,Digital Wallet,18
TXN_2026083921,2026-08-03,S04,P03,1.0,45.0,0.0,0,CUST_0609,Cash,18
TXN_2026083922,2026-08-27,S01,P02,3.0,275.0,0.0,0,CUST_0198,UPI,14
TXN_2026083923,2026-08-22,S01,P09,2.0,175.0,0.0,0,CUST_0357,UPI,14
TXN_2026083924,2026-08-22,S01,P08,3.0,520.0,0.0,0,CUST_0007,UPI,12
TXN_2026083925,2026-08-12,S01,P01,5.0,59.4,10.0,1,CUST_0556,Debit Card,11
TXN_2026083926,2026-08-28,S04,P01,1.0,66.0,0.0,0,CUST_0332,UPI,15
TXN_2026083927,2026-08-23,S01,P01,1.0,59.4,10.0,1,CUST_0519,Debit Card,20
TXN_2026083928,2026-08-04,S01,P02,2.0,275.0,0.0,0,CUST_0194,UPI,18
TXN_2026083929,2026-08-14,S01,P10,1.0,54.0,10.0,1,CUST_0316,UPI,9
TXN_2026083930,2026-08-28,S01,P04,1.0,144.0,20.0,1,CUST_0001,UPI,19
TXN_2026083931,2026-08-02,S01,P03,3.0,45.0,0.0,0,CUST_0062,UPI,21
TXN_2026083932,2026-08-30,S03,P08,1.0,520.0,0.0,0,CUST_0343,Credit Card,19
TXN_2026083933,2026-08-22,S02,P03,4.0,42.75,5.0,1,CUST_0601,UPI,18
TXN_2026083934,2026-08-20,S01,P03,5.0,42.75,5.0,1,CUST_0018,Cash,11
TXN_2026083935,2026-08-09,S02,P10,1.0,60.0,0.0,0,CUST_0620,Debit Card,13
TXN_2026083936,2026-08-08,S02,P07,-2.0,100.0,20.0,1,CUST_0647,UPI,17
TXN_2026083937,2026-08-30,S01,P07,1.0,125.0,0.0,0,CUST_0371,Credit Card,9
TXN_2026083938,2026-08-10,S02,P04,2.0,162.0,10.0,1,CUST_0579,Credit Card,10
TXN_2026083939,2026-08-25,S03,P06,1.0,340.0,0.0,0,CUST_0605,Debit Card,21
TXN_2026083940,2026-08-13,S03,P01,3.0,66.0,0.0,0,,UPI,18
TXN_2026083941,2026-08-05,S03,P04,1.0,180.0,0.0,0,CUST_0571,UPI,12
TXN_2026083942,2026-08-01,S01,P10,2.0,60.0,0.0,0,CUST_0235,UPI,13
TXN_2026083943,2026-08-17,S04,P02,,206.25,25.0,1,CUST_0069,Credit Card,14
TXN_2026083944,2026-08-31,S04,P06,1.0,323.0,5.0,1,CUST_0447,Digital Wallet,9
TXN_2026083945,2026-08-12,S04,P03,2.0,40.5,10.0,1,CUST_0610,Cash,19
TXN_2026083946,2026-08-12,S01,P01,4.0,52.8,20.0,1,CUST_0008,UPI,11
TXN_2026083947,2026-08-11,S04,P06,2.0,340.0,0.0,0,CUST_0462,Debit Card,19
TXN_2026083948,2026-08-16,S04,P01,2.0,66.0,0.0,0,CUST_0311,Cash,20
TXN_2026083949,2026-08-15,S04,P05,1.0,32.0,20.0,1,CUST_0134,UPI,18
TXN_2026083950,2026-08-28,S01,P01,2.0,62.7,5.0,1,CUST_0385,Debit Card,19
TXN_2026083951,2026-08-16,S03,P10,1.0,57.0,5.0,1,CUST_0056,Credit Card,11
TXN_2026083952,2026-08-16,S04,P02,1.0,275.0,0.0,0,CUST_0360,Debit Card,17
TXN_2026083953,2026-08-05,S02,P02,1.0,247.5,10.0,1,CUST_0114,Credit Card,18
TXN_2026083954,2026-08-31,S02,P01,2.0,66.0,0.0,0,CUST_0088,Digital Wallet,18
TXN_2026083955,2026-08-08,S04,P10,1.0,54.0,10.0,1,CUST_0138,UPI,10
TXN_2026083956,2026-08-02,S02,P05,1.0,30.0,25.0,1,CUST_0108,Debit Card,13
TXN_2026083957,2026-08-22,S02,P06,2.0,323.0,5.0,1,CUST_0500,UPI,13
TXN_2026083958,2026-08-19,S02,P03,1.0,45.0,0.0,0,CUST_0535,UPI,17
TXN_2026083959,2026-08-14,S04,P03,1.0,45.0,0.0,0,CUST_0144,Digital Wallet,19
TXN_2026083960,2026-08-14,S01,P01,1.0,,0.0,0,CUST_0056,Debit Card,17
TXN_2026083961,2026-08-25,S02,P04,1.0,171.0,5.0,1,CUST_0620,UPI,19
TXN_2026083962,2026-08-07,S03,P02,5.0,275.0,0.0,0,CUST_0006,Credit Card,10
TXN_2026083963,2026-08-26,S03,P10,3.0,48.0,20.0,1,CUST_0542,UPI,20
TXN_2026083964,2026-08-21,S02,P06,1.0,323.0,5.0,1,CUST_0447,UPI,17
TXN_2026083965,2026-08-14,S04,P03,1.0,36.0,20.0,1,CUST_0385,Debit Card,8
TXN_2026083966,2026-08-15,S04,P01,3.0,66.0,0.0,0,CUST_0307,Credit Card,18
TXN_2026083967,2026-08-09,S01,P06,3.0,272.0,20.0,1,CUST_0639,Credit Card,16
TXN_2026083968,2026-08-24,S02,P01,1.0,62.7,5.0,1,CUST_0302,Debit Card,12
TXN_2026083969,2026-08-16,S01,P01,3.0,59.4,10.0,1,CUST_0633,UPI,19
TXN_2026083970,2026-08-11,S01,P01,1.0,66.0,0.0,0,,UPI,21
TXN_2026083971,2026-08-19,S02,P04,1.0,180.0,0.0,0,CUST_0611,Credit Card,13
TXN_2026083972,2026-08-31,S04,P06,1.0,323.0,5.0,1,CUST_0562,Cash,16
TXN_2026083973,2026-08-15,S04,P03,5.0,45.0,0.0,0,CUST_0510,Cash,11
TXN_2026083974,2026-08-29,S01,P01,2.0,66.0,0.0,0,CUST_0073,UPI,20
TXN_2026083975,2026-08-11,S01,P03,1.0,38.25,15.0,1,CUST_0564,UPI,13
TXN_2026083976,2026-08-02,S02,P06,2.0,340.0,0.0,0,CUST_0265,Credit Card,11
TXN_2026083977,2026-08-07,S02,P02,1.0,275.0,0.0,0,CUST_0227,Debit Card,15
TXN_2026083978,2026-08-14,S01,P01,1.0,66.0,0.0,0,CUST_0193,UPI,9
TXN_2026083979,2026-08-08,S04,P10,-1.0,51.0,15.0,1,CUST_0374,Credit Card,12
TXN_2026083980,2026-08-01,S04,P10,2.0,57.0,5.0,1,CUST_0010,Digital Wallet,9
TXN_2026083981,2026-08-29,S02,P10,1.0,60.0,0.0,0,CUST_0302,Credit Card,11
TXN_2026083982,2026-08-27,S04,P07,1.0,125.0,0.0,0,CUST_0359,UPI,10
TXN_2026083983,2026-08-24,S01,P01,1.0,56.1,15.0,1,CUST_0052,Credit Card,20
TXN_2026083984,2026-08-06,S03,P01,2.0,66.0,0.0,0,CUST_0099,UPI,20
TXN_2026083985,2026-08-04,S02,P03,1.0,45.0,0.0,0,CUST_0593,UPI,15
TXN_2026083986,2026-08-02,S01,P03,1.0,45.0,0.0,0,CUST_0013,Cash,18
TXN_2026083987,2026-08-23,S04,P10,1.0,60.0,0.0,0,CUST_0390,UPI,18
TXN_2026083988,2026-08-29,S02,P06,1.0,323.0,5.0,1,CUST_0357,UPI,14
TXN_2026083989,2026-08-15,S03,P05,2.0,38.0,5.0,1,CUST_0640,Credit Card,13
TXN_2026083990,2026-08-04,S01,P01,4.0,59.4,10.0,1,CUST_0011,Cash,18
TXN_2026083991,2026-08-16,S01,P09,1.0,175.0,0.0,0,CUST_0081,Debit Card,13
TXN_2026083992,2026-08-12,S01,P07,2.0,125.0,0.0,0,,UPI,17
TXN_2026083993,2026-08-12,S02,P01,1.0,66.0,0.0,0,CUST_0006,Debit Card,16
TXN_2026083994,2026-08-20,S03,P08,,520.0,0.0,0,CUST_0458,Credit Card,16
TXN_2026083995,2026-08-23,S01,P02,1.0,275.0,0.0,0,,Credit Card,19
TXN_2026083996,2026-08-04,S03,P01,2.0,62.7,5.0,1,CUST_0481,Debit Card,18
TXN_2026083997,2026-08-01,S03,P05,3.0,40.0,0.0,0,CUST_0222,UPI,21
TXN_2026083998,2026-08-31,S03,P05,2.0,36.0,10.0,1,CUST_0081,Digital Wallet,19
TXN_2026083999,2026-08-08,S02,P01,1.0,66.0,0.0,0,CUST_0515,Credit Card,11
TXN_2026084000,2026-08-02,S04,P03,2.0,45.0,0.0,0,CUST_0060,UPI,19
TXN_2026084001,2026-08-07,S02,P10,250.0,60.0,0.0,0,CUST_0221,Credit Card,18
TXN_2026084002,2026-08-01,S02,P05,1.0,38.0,5.0,1,CUST_0349,UPI,18
TXN_2026084003,2026-08-13,S01,P05,4.0,34.0,15.0,1,CUST_0561,Credit Card,16
TXN_2026084004,2026-08-26,S01,P01,1.0,56.1,15.0,1,CUST_0228,UPI,9
TXN_2026084005,2026-08-11,S01,P01,2.0,66.0,0.0,0,CUST_0290,UPI,21
TXN_2026084006,2026-08-15,S02,P02,1.0,261.25,5.0,1,CUST_0293,Debit Card,20
TXN_2026084007,2026-08-22,S01,P02,2.0,275.0,0.0,0,CUST_0193,Debit Card,16
TXN_2026084008,2026-08-16,S01,P02,2.0,261.25,5.0,1,,UPI,11
TXN_2026084009,2026-08-28,S03,P01,1.0,56.1,15.0,1,CUST_0257,Credit Card,19
TXN_2026084010,2026-08-28,S01,P04,5.0,171.0,5.0,1,CUST_0506,Credit Card,15
TXN_2026084011,2026-08-01,S01,P03,1.0,45.0,0.0,0,CUST_0388,UPI,14
TXN_2026084012,2026-08-25,S01,P07,1.0,118.75,5.0,1,CUST_0615,UPI,18
TXN_2026084013,2026-08-15,S03,P01,3.0,56.1,15.0,1,CUST_0398,Debit Card,19
TXN_2026084014,2026-08-31,S01,P03,1.0,45.0,0.0,0,CUST_0366,UPI,9
TXN_2026084015,2026-08-15,S02,P01,1.0,66.0,0.0,0,CUST_0290,Cash,19
TXN_2026084016,2026-08-31,S02,P03,2.0,45.0,0.0,0,CUST_0309,Credit Card,19
TXN_2026084017,2026-08-24,S03,P01,2.0,66.0,0.0,0,CUST_0278,Cash,17
TXN_2026084018,2026-08-08,S02,P10,4.0,60.0,0.0,0,CUST_0464,UPI,13
TXN_2026084019,2026-08-17,S04,P06,2.0,340.0,0.0,0,CUST_0189,Debit Card,11
TXN_2026084020,2026-08-31,S01,P03,3.0,45.0,0.0,0,CUST_0178,UPI,10
TXN_2026084021,2026-08-28,S01,P01,4.0,66.0,0.0,0,CUST_0528,Debit Card,8
TXN_2026084022,2026-08-03,S01,P05,1.0,38.0,5.0,1,CUST_0375,UPI,11
TXN_2026084023,2026-08-23,S01,P06,1.0,340.0,0.0,0,CUST_0598,Credit Card,14
TXN_2026084024,2026-08-11,S01,P01,2.0,49.5,25.0,1,CUST_0454,UPI,12
TXN_2026084025,2026-08-01,S01,P04,1.0,180.0,0.0,0,CUST_0217,UPI,13
TXN_2026084026,2026-08-14,S02,P07,1.0,118.75,5.0,1,CUST_0042,Credit Card,14
TXN_2026084027,2026-08-08,S02,P06,2.0,340.0,0.0,0,CUST_0194,Credit Card,13
TXN_2026084028,2026-08-26,S01,P07,4.0,125.0,0.0,0,CUST_0327,Credit Card,18
TXN_2026084029,2026-08-11,S03,P08,1.0,520.0,0.0,0,CUST_0373,UPI,16
TXN_2026084030,2026-08-27,S01,P09,1.0,166.25,5.0,1,CUST_0465,UPI,8
TXN_2026084031,2026-08-01,S01,P03,1.0,40.5,10.0,1,CUST_0163,Cash,12
TXN_2026084032,2026-08-10,S02,P04,1.0,162.0,10.0,1,CUST_0276,Debit Card,18
TXN_2026084033,2026-08-08,S01,P06,1.0,340.0,0.0,0,CUST_0364,UPI,13
TXN_2026084034,2026-08-08,S01,P05,2.0,40.0,0.0,0,CUST_0642,Credit Card,20
TXN_2026084035,2026-08-02,S02,P10,1.0,57.0,5.0,1,CUST_0480,Cash,18
TXN_2026084036,2026-08-06,S04,P01,1.0,66.0,0.0,0,CUST_0460,Cash,12
TXN_2026084037,2026-08-18,S03,P03,3.0,45.0,0.0,0,CUST_0265,UPI,16
TXN_2026084038,2026-08-09,S01,P02,2.0,275.0,0.0,0,CUST_0539,Debit Card,18
TXN_2026084039,2026-08-14,S04,P02,1.0,275.0,0.0,0,CUST_0386,UPI,11
TXN_2026084040,2026-08-13,S03,P02,1.0,275.0,0.0,0,CUST_0085,Debit Card,12
TXN_2026084041,2026-08-28,S02,P05,1.0,40.0,0.0,0,CUST_0316,UPI,16
TXN_2026084042,2026-08-29,S04,P01,4.0,-45.0,10.0,1,CUST_0243,Credit Card,20
TXN_2026084043,2026-08-16,S02,P06,1.0,340.0,0.0,0,CUST_0469,Credit Card,13
TXN_2026084044,2026-08-11,S01,P05,4.0,32.0,20.0,1,CUST_0342,UPI,14
TXN_2026084045,2026-08-04,S02,P02,3.0,275.0,0.0,0,CUST_0177,Credit Card,11
TXN_2026084046,2026-08-30,S02,P02,1.0,275.0,0.0,0,CUST_0130,Debit Card,17
TXN_2026084047,2026-08-02,S02,P05,1.0,38.0,5.0,1,CUST_0083,Credit Card,19
TXN_2026084048,2026-08-10,S02,P06,3.0,289.0,15.0,1,CUST_0360,UPI,15
TXN_2026084049,2026-08-10,S04,P08,1.0,494.0,5.0,1,CUST_0088,UPI,19
TXN_2026084050,2026-08-10,S04,P08,1.0,494.0,5.0,1,CUST_0532,Credit Card,13
TXN_2026084051,2026-08-06,S04,P10,1.0,54.0,10.0,1,,Cash,18
TXN_2026084052,2026-08-25,S04,P04,2.0,171.0,5.0,1,CUST_0471,Debit Card,12
TXN_2026084053,2026-08-04,S04,P09,1.0,157.5,10.0,1,CUST_0498,UPI,19
TXN_2026084054,2026-08-21,S01,P07,5.0,106.25,15.0,1,CUST_0507,Credit Card,19
TXN_2026084055,2026-08-04,S01,P09,1.0,175.0,0.0,0,CUST_0354,UPI,19
TXN_2026084056,2026-08-02,S02,P01,2.0,56.1,15.0,1,CUST_0416,Digital Wallet,12
TXN_2026084057,2026-08-29,S04,P10,1.0,60.0,0.0,0,CUST_0051,UPI,18
TXN_2026084058,2026-08-07,S02,P03,1.0,38.25,15.0,1,CUST_0600,UPI,17
TXN_2026084059,2026-08-26,S03,P06,1.0,340.0,0.0,0,CUST_0063,Debit Card,22
TXN_2026084060,2026-08-17,S01,P01,5.0,66.0,0.0,0,CUST_0089,Cash,13
TXN_2026084061,2026-08-02,S01,P03,1.0,36.0,20.0,1,CUST_0190,UPI,19
TXN_2026084062,2026-08-30,S03,P02,2.0,275.0,0.0,0,CUST_0601,UPI,13
TXN_2026084063,2026-08-08,S01,P02,1.0,247.5,10.0,1,,Credit Card,14
TXN_2026084064,2026-08-28,S01,P01,2.0,66.0,0.0,0,CUST_0538,Credit Card,10
TXN_2026084065,2026-08-06,S01,P07,1.0,125.0,0.0,0,CUST_0176,UPI,12
TXN_2026084066,2026-08-28,S01,P01,1.0,52.8,20.0,1,CUST_0364,Credit Card,11
TXN_2026084067,2026-08-01,S03,P03,2.0,45.0,0.0,0,CUST_0554,Credit Card,11
TXN_2026084068,2026-08-16,S01,P01,1.0,59.4,10.0,1,CUST_0483,Cash,8
TXN_2026084069,2026-08-25,S02,P04,1.0,180.0,0.0,0,CUST_0119,UPI,19
TXN_2026084070,2026-08-30,S01,P02,1.0,247.5,10.0,1,,UPI,15
TXN_2026084071,2026-08-29,S04,P02,2.0,247.5,10.0,1,CUST_0620,Debit Card,19
TXN_2026084072,2026-08-26,S01,P03,1.0,42.75,5.0,1,,Debit Card,17
TXN_2026084073,2026-08-28,S02,P05,1.0,32.0,20.0,1,CUST_0437,Debit Card,19
TXN_2026084074,2026-08-07,S03,P01,2.0,66.0,0.0,0,CUST_0439,Debit Card,16
TXN_2026084075,2026-08-09,S01,P01,1.0,59.4,10.0,1,CUST_0189,,10
TXN_2026084076,2026-08-09,S04,P02,1.0,261.25,5.0,1,CUST_0160,UPI,17
TXN_2026084077,2026-08-13,S02,P10,2.0,60.0,0.0,0,CUST_0402,UPI,18
TXN_2026084078,2026-08-13,S02,P03,4.0,45.0,0.0,0,CUST_0586,Cash,17
TXN_2026084079,2026-08-17,S01,P05,1.0,38.0,5.0,1,CUST_0018,Credit Card,19
TXN_2026084080,2026-08-05,S04,P02,2.0,247.5,10.0,1,CUST_0140,UPI,19
TXN_2026084081,2026-08-22,S03,P03,1.0,45.0,0.0,0,CUST_0115,UPI,15
TXN_2026084082,2026-08-06,S01,P01,,66.0,0.0,0,CUST_0328,Cash,19
TXN_2026084083,2026-08-10,S01,P01,1.0,66.0,0.0,0,CUST_0225,Cash,18
TXN_2026084084,2026-08-16,S04,P03,1.0,45.0,0.0,0,CUST_0558,Cash,10
TXN_2026084085,2026-08-26,S03,P03,1.0,45.0,0.0,0,CUST_0439,UPI,17
TXN_2026084086,2026-08-23,S03,P01,2.0,66.0,0.0,0,CUST_0550,Credit Card,18
TXN_2026084087,2026-08-21,S02,P05,1.0,40.0,0.0,0,CUST_0386,UPI,17
TXN_2026084088,2026-08-05,S03,P10,1.0,51.0,15.0,1,CUST_0521,UPI,21
TXN_2026084089,2026-08-17,S01,P03,1.0,40.5,10.0,1,CUST_0253,UPI,10
TXN_2026084090,2026-08-03,S01,P05,1.0,40.0,0.0,0,CUST_0620,UPI,18
TXN_2026084091,2026-08-13,S02,P10,1.0,,0.0,0,CUST_0098,Credit Card,19
TXN_2026084092,2026-08-14,S04,P07,1.0,112.5,10.0,1,CUST_0071,Cash,18
TXN_2026084093,2026-08-02,S01,P03,1.0,38.25,15.0,1,CUST_0551,UPI,14
TXN_2026084094,2026-08-09,S02,P05,2.0,36.0,10.0,1,CUST_0447,Cash,14
TXN_2026084095,2026-08-30,S02,P01,1.0,62.7,5.0,1,CUST_0090,UPI,17
TXN_2026084096,2026-08-30,S02,P04,2.0,180.0,0.0,0,CUST_0430,UPI,14
TXN_2026084097,2026-08-12,S04,P02,4.0,275.0,0.0,0,CUST_0219,UPI,20
TXN_2026084098,2026-08-02,S03,P01,1.0,59.4,10.0,1,CUST_0107,UPI,10
TXN_2026084099,2026-08-06,S01,P03,1.0,45.0,0.0,0,CUST_0476,UPI,18
TXN_2026084100,2026-08-13,S04,P01,1.0,66.0,0.0,0,CUST_0454,Debit Card,11
TXN_2026084101,2026-08-30,S03,P05,1.0,40.0,0.0,0,CUST_0608,Debit Card,17
TXN_2026084102,2026-08-05,S04,P03,2.0,45.0,0.0,0,CUST_0544,Cash,18
TXN_2026084103,2026-08-24,S02,P04,1.0,171.0,5.0,1,CUST_0126,UPI,11
TXN_2026084104,2026-08-04,S04,P01,1.0,66.0,0.0,0,CUST_0147,Debit Card,18
TXN_2026084105,2026-08-31,S01,P01,1.0,66.0,0.0,0,CUST_0280,Credit Card,11
TXN_2026084106,2026-08-13,S01,P04,1.0,171.0,5.0,1,CUST_0024,Cash,17
TXN_2026084107,2026-08-25,S04,P10,1.0,45.0,25.0,1,CUST_0120,UPI,16
TXN_2026084108,2026-08-11,S01,P01,1.0,62.7,5.0,1,CUST_0297,Digital Wallet,13
TXN_2026084109,2026-08-20,S01,P02,1.0,247.5,10.0,1,CUST_0082,Debit Card,10
TXN_2026084110,2026-08-07,S03,P08,2.0,520.0,0.0,0,CUST_0448,Debit Card,19
TXN_2026084111,2026-08-05,S04,P01,1.0,66.0,0.0,0,CUST_0470,UPI,14
TXN_2026084112,2026-08-30,S01,P08,3.0,520.0,0.0,0,CUST_0423,Credit Card,10
TXN_2026084113,2026-08-29,S04,P04,1.0,180.0,0.0,0,CUST_0545,Credit Card,19
TXN_2026084114,2026-08-28,S03,P03,1.0,45.0,0.0,0,CUST_0024,UPI,12
TXN_2026084115,2026-08-20,S02,P03,1.0,45.0,0.0,0,CUST_0061,UPI,19
TXN_2026084116,2026-08-26,S04,P02,2.0,261.25,5.0,1,,Cash,17
TXN_2026084117,2026-08-02,S02,P03,1.0,38.25,15.0,1,CUST_0225,UPI,11
TXN_2026084118,2026-08-11,S01,P08,1.0,468.0,10.0,1,CUST_0186,UPI,9
TXN_2026084119,2026-08-10,S01,P05,,40.0,0.0,0,CUST_0375,Credit Card,17
TXN_2026084120,2026-08-21,S02,P05,5.0,36.0,10.0,1,CUST_0072,UPI,8
TXN_2026084121,2026-08-12,S02,P06,2.0,340.0,0.0,0,CUST_0074,Credit Card,9
TXN_2026084122,2026-08-05,S04,P02,1.0,247.5,10.0,1,CUST_0341,Credit Card,18
TXN_2026084123,2026-08-19,S03,P05,1.0,40.0,0.0,0,CUST_0153,UPI,17
TXN_2026084124,2026-08-26,S02,P03,1.0,45.0,0.0,0,CUST_0096,Debit Card,13
TXN_2026084125,2026-08-13,S03,P06,1.0,323.0,5.0,1,CUST_0565,UPI,17
TXN_2026084126,2026-08-04,S01,P03,2.0,42.75,-10.0,1,CUST_0445,Cash,17
TXN_2026084127,2026-08-07,S01,P05,2.0,32.0,20.0,1,CUST_0110,Cash,17
TXN_2026084128,2026-08-08,S04,P08,1.0,520.0,0.0,0,CUST_0458,UPI,18
TXN_2026084129,2026-08-10,S01,P03,3.0,42.75,5.0,1,,Cash,21
TXN_2026084130,2026-08-21,S01,P01,1.0,66.0,0.0,0,CUST_0377,Credit Card,14
TXN_2026084131,2026-08-19,S03,P04,1.0,180.0,0.0,0,,Credit Card,13
TXN_2026084132,2026-08-22,S02,P03,1.0,40.5,10.0,1,CUST_0212,UPI,8
TXN_2026084133,2026-08-12,S04,P05,1.0,36.0,10.0,1,CUST_0432,Credit Card,11
TXN_2026084134,2026-08-27,S01,P10,1.0,54.0,10.0,1,CUST_0168,Cash,10
TXN_2026084135,2026-08-07,S01,P03,1.0,45.0,0.0,0,CUST_0331,UPI,13
TXN_2026084136,2026-08-15,S01,P03,1.0,45.0,0.0,0,CUST_0494,UPI,17
TXN_2026084137,2026-08-26,S02,P05,1.0,40.0,0.0,0,CUST_0143,UPI,9
TXN_2026084138,2026-08-06,S01,P01,3.0,66.0,0.0,0,CUST_0582,Credit Card,-1
TXN_2026084139,2026-08-04,S02,P02,5.0,261.25,5.0,1,CUST_0445,Cash,14
TXN_2026084140,2026-08-28,S04,P09,1.0,175.0,0.0,0,CUST_0394,Credit Card,21
TXN_2026084141,2026-08-11,S04,P05,2.0,36.0,10.0,1,CUST_0512,UPI,17
TXN_2026084142,2026-08-22,S01,P01,2.0,62.7,5.0,1,CUST_0621,Credit Card,19
TXN_2026084143,2026-08-01,S02,P01,2.0,62.7,5.0,1,CUST_0328,UPI,20
TXN_2026084144,2026-08-22,S02,P05,1.0,40.0,0.0,0,CUST_0604,UPI,20
TXN_2026084145,2026-08-10,S04,P06,1.0,340.0,0.0,0,CUST_0259,Credit Card,16
TXN_2026084146,2026-08-02,S04,P07,1.0,125.0,0.0,0,CUST_0437,UPI,14
TXN_2026084147,2026-08-20,S01,P02,1.0,275.0,0.0,0,CUST_0564,Cash,17
TXN_2026084148,2026-08-08,S03,P09,1.0,148.75,15.0,1,CUST_0349,Credit Card,14
TXN_2026084149,2026-08-13,S01,P04,2.0,153.0,15.0,1,CUST_0515,Cash,12
TXN_2026084150,2026-08-03,S01,P05,1.0,36.0,10.0,1,CUST_0449,Cash,13
TXN_2026084151,2026-08-05,S01,P05,1.0,38.0,5.0,1,,Cash,12
TXN_2026084152,2026-08-10,S02,P01,1.0,62.7,5.0,1,CUST_0596,UPI,12
TXN_2026084153,2026-08-03,S02,P10,1.0,60.0,0.0,0,CUST_0214,Cash,10
TXN_2026084154,2026-08-29,S01,P01,3.0,66.0,0.0,0,CUST_0546,Debit Card,14
TXN_2026084155,2026-08-01,S03,P02,2.0,275.0,0.0,0,CUST_0562,Debit Card,12
TXN_2026084156,2026-08-15,S01,P07,3.0,93.75,25.0,1,CUST_0289,UPI,15
TXN_2026084157,2026-08-04,S02,P05,1.0,40.0,0.0,0,CUST_0259,UPI,19
TXN_2026084158,2026-08-10,S01,P07,1.0,125.0,0.0,0,CUST_0258,Digital Wallet,15
TXN_2026084159,2026-08-29,S01,P04,2.0,153.0,15.0,1,CUST_0388,UPI,21
TXN_2026084160,2026-08-06,S02,P03,1.0,45.0,0.0,0,CUST_0545,UPI,11
TXN_2026084161,2026-08-30,S01,P09,1.0,166.25,5.0,1,CUST_0265,UPI,20
TXN_2026084162,2026-08-07,S02,P01,1.0,59.4,10.0,1,CUST_0313,Cash,12
TXN_2026084163,2026-08-24,S01,P08,4.0,520.0,0.0,0,,Credit Card,21
TXN_2026084164,2026-08-17,S02,P02,3.0,247.5,10.0,1,CUST_0210,Cash,12
TXN_2026084165,2026-08-28,S01,P07,1.0,125.0,0.0,0,CUST_0272,UPI,19
TXN_2026084166,2026-08-18,S02,P01,1.0,59.4,10.0,1,CUST_0136,UPI,9
TXN_2026084167,2026-08-17,S03,P04,2.0,180.0,0.0,0,CUST_0599,Credit Card,17
TXN_2026084168,2026-08-07,S01,P08,1.0,520.0,0.0,0,CUST_0060,,12
TXN_2026084169,2026-08-06,S02,P03,1.0,42.75,5.0,1,CUST_0510,UPI,18
TXN_2026084170,2026-08-29,S01,P06,1.0,340.0,0.0,0,CUST_0515,UPI,18
TXN_2026084171,2026-08-11,S02,P07,1.0,112.5,10.0,1,CUST_0015,UPI,20
TXN_2026084172,2026-08-12,S01,P05,1.0,40.0,0.0,0,CUST_0614,UPI,17
TXN_2026084173,2026-08-24,S02,P09,1.0,157.5,10.0,1,CUST_0255,Debit Card,14
TXN_2026084174,2026-08-11,S02,P03,5.0,45.0,0.0,0,CUST_0535,UPI,11
TXN_2026084175,2026-08-30,S04,P01,1.0,52.8,20.0,1,CUST_0235,UPI,18
TXN_2026084176,2026-08-23,S02,P01,1.0,66.0,0.0,0,,UPI,10
TXN_2026084177,2026-08-19,S02,P02,1.0,275.0,0.0,0,CUST_0017,UPI,19
TXN_2026084178,2026-08-28,S02,P01,1.0,59.4,10.0,1,CUST_0185,Cash,12
TXN_2026084179,2026-08-02,S04,P04,4.0,144.0,20.0,1,CUST_0391,UPI,16
TXN_2026084180,2026-08-09,S03,P01,1.0,56.1,15.0,1,CUST_0423,UPI,17
TXN_2026084181,2026-08-15,S01,P01,5.0,66.0,0.0,0,CUST_0442,UPI,13
TXN_2026084182,2026-08-08,S04,P01,1.0,62.7,5.0,1,CUST_0556,Credit Card,18
TXN_2026084183,2026-08-24,S02,P07,-5.0,125.0,0.0,0,CUST_0012,Credit Card,12
TXN_2026084184,2026-08-29,S04,P05,2.0,36.0,10.0,1,CUST_0520,UPI,8
TXN_2026084185,2026-08-14,S04,P03,4.0,45.0,0.0,0,CUST_0080,Debit Card,21
TXN_2026084186,2026-08-11,S01,P09,2.0,175.0,0.0,0,CUST_0302,Credit Card,13
TXN_2026084187,2026-08-30,S03,P01,2.0,56.1,15.0,1,CUST_0216,UPI,18
TXN_2026084188,2026-08-15,S01,P10,2.0,51.0,15.0,1,CUST_0248,UPI,16
TXN_2026084189,2026-08-16,S01,P05,2.0,36.0,10.0,1,CUST_0541,Credit Card,18
TXN_2026084190,2026-08-12,S01,P01,3.0,59.4,10.0,1,CUST_0272,Credit Card,10
TXN_2026084191,2026-08-29,S03,P05,1.0,38.0,5.0,1,CUST_0133,Digital Wallet,16
TXN_2026084192,2026-08-18,S01,P06,1.0,340.0,0.0,0,CUST_0005,UPI,14
TXN_2026084193,2026-08-24,S01,P03,1.0,40.5,10.0,1,CUST_0542,Debit Card,15
TXN_2026084194,2026-08-26,S03,P08,1.0,494.0,5.0,1,CUST_0629,UPI,21
TXN_2026084195,2026-08-11,S01,P01,3.0,66.0,0.0,0,CUST_0141,Cash,11
TXN_2026084196,2026-08-15,S01,P02,1.0,247.5,10.0,1,CUST_0483,Credit Card,19
TXN_2026084197,2026-08-27,S01,P01,-2.0,56.1,15.0,1,CUST_0305,Credit Card,13
TXN_2026084198,2026-08-12,S01,P01,2.0,52.8,20.0,1,CUST_0345,UPI,12
TXN_2026084199,2026-08-25,S02,P02,3.0,275.0,0.0,0,CUST_0562,UPI,12
TXN_2026084200,2026-08-30,S01,P09,2.0,166.25,5.0,1,CUST_0270,Debit Card,13
TXN_2026084201,2026-08-20,S04,P01,1.0,56.1,15.0,1,,UPI,13
TXN_2026084202,2026-08-24,S03,P03,4.0,45.0,0.0,0,CUST_0558,UPI,12
TXN_2026084203,2026-08-26,S01,P04,1.0,162.0,10.0,1,CUST_0474,UPI,18
TXN_2026084204,2026-08-27,S01,P09,2.0,131.25,25.0,1,CUST_0082,UPI,9
TXN_2026084205,2026-08-13,S02,P10,1.0,57.0,5.0,1,,Credit Card,13
TXN_2026084206,2026-08-02,S02,P06,1.0,255.0,25.0,1,CUST_0084,UPI,12
TXN_2026084207,2026-08-13,S01,P10,3.0,60.0,0.0,0,CUST_0290,UPI,19
TXN_2026084208,2026-08-22,S01,P06,2.0,340.0,0.0,0,CUST_0071,Credit Card,11
TXN_2026084209,2026-08-15,S04,P10,1.0,60.0,0.0,0,CUST_0175,Cash,21
TXN_2026084210,2026-08-24,S01,P05,2.0,36.0,10.0,1,CUST_0463,Cash,11
TXN_2026084211,2026-08-12,S01,P01,1.0,66.0,0.0,0,CUST_0395,Credit Card,13
TXN_2026084212,2026-08-21,S04,P03,1.0,42.75,5.0,1,CUST_0091,Credit Card,11
TXN_2026084213,2026-08-06,S02,P05,2.0,40.0,0.0,0,CUST_0469,UPI,12
TXN_2026084214,2026-08-24,S01,P03,2.0,33.75,25.0,1,CUST_0434,Credit Card,19
TXN_2026084215,2026-08-17,S03,P02,3.0,275.0,0.0,0,CUST_0249,Debit Card,15
TXN_2026084216,2026-08-07,S01,P04,1.0,171.0,5.0,1,CUST_0644,Credit Card,11
TXN_2026084217,2026-08-09,S03,P09,2.0,166.25,5.0,1,,UPI,9
TXN_2026084218,2026-08-24,S02,P01,1.0,59.4,10.0,1,CUST_0241,Credit Card,12
TXN_2026084219,2026-08-15,S04,P06,1.0,340.0,0.0,0,CUST_0496,Cash,21
TXN_2026084220,2026-08-08,S04,P05,1.0,32.0,20.0,1,CUST_0340,Cash,20
TXN_2026084221,2026-08-30,S04,P10,3.0,60.0,0.0,0,CUST_0471,Debit Card,15
TXN_2026084222,2026-08-23,S04,P09,1.0,175.0,0.0,0,CUST_0463,UPI,16
TXN_2026084223,2026-08-30,S02,P06,1.0,323.0,5.0,1,CUST_0275,UPI,20
TXN_2026084224,2026-08-14,S01,P04,2.0,171.0,5.0,1,CUST_0015,Cash,17
TXN_2026084225,2026-08-15,S02,P01,1.0,66.0,0.0,0,CUST_0041,UPI,20
TXN_2026084226,2026-08-29,S03,P04,3.0,162.0,10.0,1,CUST_0208,Credit Card,16
TXN_2026084227,2026-08-16,S04,P06,1.0,340.0,0.0,0,CUST_0060,UPI,11
TXN_2026084228,2026-08-23,S01,P09,2.0,175.0,0.0,0,CUST_0365,Credit Card,18
TXN_2026084229,2026-08-08,S04,P06,1.0,340.0,0.0,0,CUST_0240,Credit Card,16
TXN_2026084230,2026-08-15,S04,P01,1.0,52.8,20.0,1,CUST_0608,Cash,18
TXN_2026084231,2026-08-04,S04,P05,3.0,36.0,10.0,1,CUST_0160,UPI,11
TXN_2026084232,2026-08-07,S04,P03,2.0,45.0,0.0,0,CUST_0397,Debit Card,18
TXN_2026084233,2026-08-01,S01,P01,1.0,66.0,0.0,0,CUST_0500,Cash,14
TXN_2026084234,2026-08-01,S01,P01,1.0,66.0,0.0,0,CUST_0209,Cash,13
TXN_2026084235,2026-08-31,S01,P01,1.0,56.1,15.0,1,CUST_0133,Credit Card,18
TXN_2026084236,2026-08-08,S01,P07,1.0,125.0,0.0,0,CUST_0381,Credit Card,17
TXN_2026084237,2026-08-22,S02,P02,1.0,275.0,0.0,0,CUST_0433,Digital Wallet,18
TXN_2026084238,2026-08-27,S04,P02,1.0,275.0,0.0,0,CUST_0609,Credit Card,21
TXN_2026084239,2026-08-17,S04,P10,1.0,54.0,10.0,1,CUST_0389,Credit Card,18
TXN_2026084240,2026-08-05,S02,P03,1.0,45.0,0.0,0,CUST_0583,UPI,18
TXN_2026084241,2026-08-23,S01,P01,1.0,66.0,0.0,0,CUST_0432,UPI,17
TXN_2026084242,2026-08-19,S01,P02,1.0,261.25,5.0,1,CUST_0274,UPI,14
TXN_2026084243,2026-08-23,S01,P01,2.0,66.0,0.0,0,CUST_0351,Credit Card,20
TXN_2026084244,2026-08-25,S01,P01,2.0,59.4,10.0,1,CUST_0134,Debit Card,14
TXN_2026084245,2026-08-31,S02,P01,1.0,66.0,0.0,0,CUST_0066,UPI,18
TXN_2026084246,2026-08-18,S01,P05,1.0,40.0,0.0,0,CUST_0639,Debit Card,12
TXN_2026084247,2026-08-11,S01,P01,1.0,66.0,0.0,0,CUST_0205,Credit Card,11
TXN_2026084248,2026-08-21,S01,P03,2.0,42.75,5.0,1,CUST_0298,Credit Card,11
TXN_2026084249,2026-08-02,S02,P08,1.0,520.0,0.0,0,CUST_0117,Digital Wallet,18
TXN_2026084250,2026-08-29,S02,P03,1.0,45.0,0.0,0,CUST_0267,UPI,13
TXN_2026084251,2026-08-04,S02,P09,5.0,175.0,0.0,0,CUST_0149,Debit Card,12
TXN_2026084252,2026-08-11,S02,P03,1.0,45.0,0.0,0,CUST_0194,Credit Card,17
TXN_2026084253,2026-08-26,S04,P03,2.0,0.0,0.0,0,CUST_0179,Debit Card,8
TXN_2026084254,2026-08-19,S01,P06,1.0,323.0,5.0,1,CUST_0148,UPI,12
TXN_2026084255,2026-08-13,S02,P01,1.0,66.0,0.0,0,CUST_0465,UPI,13
TXN_2026084256,2026-08-15,S03,P01,1.0,66.0,0.0,0,CUST_0569,Credit Card,18
TXN_2026084257,2026-08-28,S02,P05,1.0,40.0,0.0,0,CUST_0005,UPI,17
TXN_2026084258,2026-08-11,S04,P03,1.0,45.0,0.0,0,CUST_0526,UPI,20
TXN_2026084259,2026-08-28,S01,P06,2.0,340.0,0.0,0,CUST_0280,Cash,13
TXN_2026084260,2026-08-03,S02,P09,2.0,175.0,0.0,0,CUST_0499,Credit Card,13
TXN_2026084261,2026-08-25,S01,P03,1.0,45.0,0.0,0,CUST_0436,Cash,8
TXN_2026084262,2026-08-27,S02,P05,2.0,36.0,10.0,1,CUST_0216,Credit Card,21
TXN_2026084263,2026-08-06,S01,P04,1.0,171.0,5.0,1,CUST_0515,Credit Card,16
TXN_2026084264,2026-08-15,S01,P10,1.0,60.0,0.0,0,CUST_0137,Digital Wallet,16
TXN_2026084265,2026-08-06,S02,P07,2.0,112.5,10.0,1,CUST_0612,Cash,20
TXN_2026084266,2026-08-23,S02,P09,2.0,140.0,20.0,1,CUST_0595,UPI,12
TXN_2026084267,2026-08-17,S01,P02,1.0,275.0,0.0,0,CUST_0280,Cash,13
TXN_2026084268,2026-08-21,S03,P06,1.0,340.0,0.0,0,CUST_0132,UPI,18
TXN_2026084269,2026-08-07,S02,P02,1.0,206.25,25.0,1,CUST_0393,UPI,19
TXN_2026084270,2026-08-07,S01,P01,1.0,59.4,10.0,1,CUST_0481,Credit Card,18
TXN_2026084271,2026-08-02,S02,P10,5.0,54.0,10.0,1,CUST_0513,Digital Wallet,19
TXN_2026084272,2026-08-11,S03,P01,1.0,62.7,5.0,1,CUST_0628,Digital Wallet,17
TXN_2026084273,2026-08-18,S02,P10,3.0,60.0,0.0,0,CUST_0419,UPI,20
TXN_2026084274,2026-08-28,S01,P01,3.0,62.7,5.0,1,CUST_0202,Debit Card,17
TXN_2026084275,2026-08-22,S01,P07,1.0,118.75,5.0,1,CUST_0462,Debit Card,12
TXN_2026084276,2026-08-15,S02,P02,1.0,275.0,0.0,0,CUST_0202,UPI,17
TXN_2026084277,2026-08-30,S04,P03,2.0,40.5,10.0,1,CUST_0152,Credit Card,18
TXN_2026084278,2026-08-23,S02,P01,1.0,56.1,15.0,1,,Credit Card,18
TXN_2026084279,2026-08-29,S01,P04,1.0,171.0,5.0,1,CUST_0079,UPI,12
TXN_2026084280,2026-08-17,S02,P03,1.0,45.0,0.0,0,CUST_0200,Debit Card,8
TXN_2026084281,2026-08-09,S04,P05,1.0,38.0,5.0,1,CUST_0099,UPI,12
TXN_2026084282,2026-08-02,S01,P01,1.0,66.0,0.0,0,CUST_0213,UPI,22
TXN_2026084283,2026-08-23,S04,P01,1.0,52.8,20.0,1,CUST_0143,UPI,11
TXN_2026084284,2026-08-04,S04,P01,2.0,62.7,5.0,1,CUST_0389,Debit Card,15
TXN_2026084285,2026-08-10,S01,P03,5.0,45.0,0.0,0,CUST_0374,Credit Card,18
TXN_2026084286,2026-08-17,S04,P07,1.0,125.0,0.0,0,CUST_0052,Credit Card,20
TXN_2026084287,2026-08-18,S01,P08,1.0,468.0,10.0,1,CUST_0624,Credit Card,19
TXN_2026084288,2026-08-19,S04,P02,1.0,275.0,0.0,0,CUST_0135,UPI,20
TXN_2026084289,2026-08-06,S02,P04,1.0,180.0,0.0,0,CUST_0411,Cash,17
TXN_2026084290,2026-08-13,S02,P06,-2.0,340.0,0.0,0,CUST_0470,Credit Card,20
TXN_2026084291,2026-08-20,S02,P02,2.0,233.75,15.0,1,CUST_0112,UPI,12
TXN_2026084292,2026-08-30,S03,P03,1.0,45.0,0.0,0,CUST_0525,UPI,15
TXN_2026084293,2026-08-23,S01,P04,2.0,162.0,10.0,1,CUST_0044,UPI,20
TXN_2026084294,2026-08-29,S02,P01,2.0,66.0,0.0,0,CUST_0397,Cash,13
TXN_2026084295,2026-08-24,S01,P01,1.0,66.0,0.0,0,CUST_0585,Credit Card,20
TXN_2026084296,2026-08-19,S01,P01,2.0,66.0,0.0,0,CUST_0261,Debit Card,13
TXN_2026084297,2026-08-07,S01,P05,1.0,40.0,0.0,0,CUST_0545,UPI,13
TXN_2026084298,2026-08-22,S02,P01,2.0,56.1,15.0,1,CUST_0388,Credit Card,13
TXN_2026084299,2026-08-20,S01,P01,1.0,49.5,25.0,1,CUST_0476,Cash,17
TXN_2026084300,2026-08-19,S01,P03,1.0,45.0,0.0,0,CUST_0410,UPI,11
TXN_2026084301,2026-08-16,S01,P01,2.0,66.0,0.0,0,CUST_0580,Credit Card,8
TXN_2026084302,2026-08-17,S01,P01,1.0,49.5,25.0,1,CUST_0016,Cash,20
TXN_2026084303,2026-08-11,S02,P09,2.0,175.0,0.0,0,CUST_0102,Debit Card,20
TXN_2026084304,2026-08-16,S04,P01,1.0,66.0,0.0,0,CUST_0186,UPI,9
TXN_2026084305,2026-08-07,S01,P05,2.0,40.0,0.0,0,CUST_0025,UPI,17
TXN_2026084306,2026-08-26,S04,P03,1.0,40.5,10.0,1,CUST_0072,UPI,17
TXN_2026084307,2026-08-06,S03,P05,2.0,40.0,0.0,0,CUST_0593,Cash,13
TXN_2026084308,2026-08-03,S02,P04,2.0,171.0,5.0,1,CUST_0573,Credit Card,17
TXN_2026084309,2026-08-15,S02,P02,1.0,275.0,0.0,0,,Cash,15
TXN_2026084310,2026-08-21,S04,P07,1.0,125.0,0.0,0,CUST_0570,UPI,16
TXN_2026084311,2026-08-15,S01,P03,2.0,45.0,0.0,0,CUST_0332,UPI,19
TXN_2026084312,2026-08-09,S02,P07,1.0,100.0,20.0,1,CUST_0569,UPI,16
TXN_2026084313,2026-08-18,S03,P03,5.0,38.25,15.0,1,CUST_0097,UPI,13
TXN_2026084314,2026-08-11,S02,P10,1.0,57.0,5.0,1,CUST_0012,UPI,17
TXN_2026084315,2026-08-29,S04,P06,2.0,340.0,0.0,0,CUST_0011,UPI,18
TXN_2026084316,2026-08-29,S01,P10,2.0,60.0,0.0,0,CUST_0163,Debit Card,18
TXN_2026084317,2026-08-16,S03,P04,2.0,180.0,0.0,0,CUST_0283,UPI,17
TXN_2026084318,2026-08-11,S02,P03,2.0,45.0,0.0,0,CUST_0241,Credit Card,18
TXN_2026084319,2026-08-23,S01,P06,1.0,272.0,20.0,1,CUST_0045,Cash,13
TXN_2026084320,2026-08-01,S01,P08,1.0,520.0,0.0,0,CUST_0593,Digital Wallet,15
TXN_2026084321,2026-08-15,S02,P10,1.0,57.0,5.0,1,CUST_0255,UPI,18
TXN_2026084322,2026-08-11,S04,P03,1.0,45.0,0.0,0,CUST_0067,Cash,19
TXN_2026084323,2026-08-29,S02,P06,1.0,323.0,5.0,1,CUST_0614,UPI,15
TXN_2026084324,2026-08-01,S04,P01,1.0,62.7,5.0,1,CUST_0603,UPI,13
TXN_2026084325,2026-08-17,S02,P04,1.0,180.0,0.0,0,CUST_0042,Cash,18
TXN_2026084326,2026-08-24,S01,P01,1.0,66.0,0.0,0,CUST_0384,Debit Card,12
TXN_2026084327,2026-08-15,S01,P03,2.0,45.0,0.0,0,CUST_0589,Cash,8
TXN_2026084328,2026-08-03,S01,P09,1.0,140.0,20.0,1,,Debit Card,15
TXN_2026084329,2026-08-30,S01,P01,1.0,66.0,0.0,0,CUST_0485,UPI,11
TXN_2026084330,2026-08-16,S01,P05,2.0,40.0,0.0,0,CUST_0039,,14
TXN_2026084331,2026-08-20,S03,P05,1.0,36.0,10.0,1,CUST_0011,UPI,12
TXN_2026084332,2026-08-08,S03,P01,1.0,66.0,0.0,0,CUST_0624,Credit Card,19
TXN_2026084333,2026-08-15,S01,P03,-5.0,45.0,0.0,0,CUST_0409,UPI,13
TXN_2026084334,2026-08-14,S01,P04,3.0,180.0,0.0,0,CUST_0108,UPI,18
TXN_2026084335,2026-08-02,S01,P01,1.0,66.0,0.0,0,CUST_0094,Cash,18
TXN_2026084336,2026-08-04,S02,P07,1.0,125.0,0.0,0,CUST_0084,Cash,15
TXN_2026084337,2026-08-27,S01,P10,-2.0,54.0,10.0,1,CUST_0058,Credit Card,9
TXN_2026084338,2026-08-08,S01,P01,1.0,66.0,0.0,0,CUST_0293,Credit Card,18
TXN_2026084339,2026-08-07,S04,P01,2.0,66.0,0.0,0,CUST_0016,Debit Card,9
TXN_2026084340,2026-08-16,S04,P03,2.0,45.0,0.0,0,CUST_0477,Credit Card,10
TXN_2026084341,2026-08-25,S01,P06,2.0,340.0,0.0,0,CUST_0605,Digital Wallet,11
TXN_2026084342,2026-08-02,S02,P02,1.0,275.0,0.0,0,CUST_0165,UPI,12
TXN_2026084343,2026-08-18,S01,P01,3.0,66.0,0.0,0,CUST_0437,Credit Card,20
TXN_2026084344,2026-08-04,S03,P04,1.0,180.0,0.0,0,,Cash,18
TXN_2026084345,2026-08-01,S02,P10,1.0,60.0,0.0,0,CUST_0386,Cash,14
TXN_2026084346,2026-08-02,S01,P03,1.0,45.0,0.0,0,CUST_0138,Credit Card,22
TXN_2026084347,2026-08-27,S03,P03,2.0,45.0,0.0,0,CUST_0531,UPI,12
TXN_2026084348,2026-08-04,S01,P10,3.0,60.0,0.0,0,CUST_0293,Debit Card,17
TXN_2026084349,2026-08-02,S01,P05,1.0,40.0,0.0,0,CUST_0475,Credit Card,20
TXN_2026084350,2026-08-15,S01,P05,3.0,40.0,0.0,0,CUST_0462,Debit Card,19
TXN_2026084351,2026-08-27,S02,P04,2.0,171.0,5.0,1,CUST_0373,Credit Card,10
TXN_2026084352,2026-08-09,S01,P10,1.0,54.0,10.0,1,CUST_0162,UPI,18
TXN_2026084353,2026-08-14,S01,P05,2.0,38.0,5.0,1,CUST_0642,UPI,12
TXN_2026084354,2026-08-02,S01,P09,1.0,131.25,25.0,1,CUST_0044,Credit Card,13
TXN_2026084355,2026-08-15,S01,P05,2.0,32.0,20.0,1,CUST_0083,UPI,16
TXN_2026084356,2026-08-18,S03,P05,2.0,40.0,0.0,0,CUST_0636,UPI,19
TXN_2026084357,2026-08-18,S01,P02,1.0,275.0,0.0,0,CUST_0539,UPI,11
TXN_2026084358,2026-08-11,S01,P03,3.0,38.25,15.0,1,CUST_0519,Credit Card,10
TXN_2026084359,2026-08-10,S02,P06,1.0,340.0,0.0,0,CUST_0411,UPI,11
TXN_2026084360,2026-08-04,S03,P02,3.0,261.25,5.0,1,CUST_0341,UPI,12
TXN_2026084361,2026-08-12,S04,P04,1.0,144.0,20.0,1,CUST_0624,Cash,9
TXN_2026084362,2026-08-03,S02,P02,2.0,261.25,5.0,1,CUST_0089,UPI,20
TXN_2026084363,2026-08-24,S01,P07,1.0,125.0,0.0,0,CUST_0640,UPI,13
TXN_2026084364,2026-08-30,S03,P01,2.0,59.4,10.0,1,CUST_0230,UPI,11
TXN_2026084365,2026-08-30,S03,P07,1.0,125.0,0.0,0,CUST_0018,Cash,18
TXN_2026084366,2026-08-28,S01,P05,3.0,32.0,20.0,1,CUST_0281,UPI,19
TXN_2026084367,2026-08-19,S04,P01,1.0,66.0,0.0,0,CUST_0422,UPI,19
TXN_2026084368,2026-08-22,S01,P04,1.0,180.0,0.0,0,,UPI,18
TXN_2026084369,2026-08-09,S04,P02,1.0,247.5,10.0,1,CUST_0266,Debit Card,9
TXN_2026084370,2026-08-20,S04,P03,2.0,45.0,0.0,0,CUST_0355,Debit Card,19
TXN_2026084371,2026-08-15,S03,P03,1.0,45.0,0.0,0,CUST_0360,UPI,16
TXN_2026084372,2026-08-15,S04,P01,,66.0,0.0,0,CUST_0217,UPI,18
TXN_2026084373,2026-08-24,S03,P10,-1.0,60.0,0.0,0,CUST_0321,UPI,21
TXN_2026084374,2026-08-09,S01,P01,3.0,52.8,20.0,1,CUST_0212,Credit Card,19
TXN_2026084375,2026-08-10,S02,P05,1.0,40.0,0.0,0,CUST_0203,Debit Card,19
TXN_2026084376,2026-08-29,S01,P03,1.0,45.0,0.0,0,CUST_0153,UPI,11
TXN_2026084377,2026-08-02,S01,P05,1.0,38.0,5.0,1,CUST_0429,Credit Card,15
TXN_2026084378,2026-08-15,S03,P03,3.0,45.0,0.0,0,CUST_0287,UPI,21
TXN_2026084379,2026-08-29,S01,P05,3.0,40.0,0.0,0,CUST_0321,Credit Card,17
TXN_2026084380,2026-08-20,S01,P05,3.0,40.0,0.0,0,CUST_0436,Credit Card,10
TXN_2026084381,2026-08-17,S02,P05,2.0,40.0,0.0,0,CUST_0592,Cash,19
TXN_2026084382,2026-08-08,S04,P01,1.0,66.0,0.0,0,CUST_0496,UPI,9
TXN_2026084383,2026-08-11,S01,P05,1.0,40.0,0.0,0,CUST_0604,Credit Card,19
TXN_2026084384,2026-08-28,S01,P02,1.0,247.5,10.0,1,CUST_0149,UPI,20
TXN_2026084385,2026-08-18,S01,P01,-3.0,66.0,0.0,0,CUST_0542,UPI,14
TXN_2026084386,2026-08-16,S03,P03,4.0,40.5,10.0,1,CUST_0635,UPI,14
TXN_2026084387,2026-08-03,S01,P03,1.0,40.5,10.0,1,CUST_0482,UPI,13
TXN_2026084388,2026-08-01,S02,P03,4.0,45.0,0.0,0,CUST_0326,UPI,20
TXN_2026084389,2026-08-30,S01,P05,3.0,34.0,15.0,1,CUST_0029,Digital Wallet,17
TXN_2026084390,2026-08-13,S01,P03,3.0,45.0,0.0,0,CUST_0259,Credit Card,17
TXN_2026084391,2026-08-19,S04,P03,2.0,40.5,10.0,1,CUST_0075,UPI,18
TXN_2026084392,2026-08-03,S01,P01,1.0,66.0,0.0,0,CUST_0557,UPI,13
TXN_2026084393,2026-08-22,S02,P05,1.0,40.0,0.0,0,CUST_0581,UPI,15
TXN_2026084394,2026-08-29,S01,P04,2.0,144.0,20.0,1,CUST_0498,UPI,19
TXN_2026084395,2026-08-18,S02,P03,1.0,36.0,20.0,1,CUST_0416,UPI,22
TXN_2026084396,2026-08-04,S02,P05,1.0,40.0,0.0,0,CUST_0340,Credit Card,8
TXN_2026084397,2026-08-19,S01,P04,2.0,180.0,0.0,0,CUST_0308,Cash,9
TXN_2026084398,2026-08-24,S01,P03,3.0,38.25,15.0,1,CUST_0615,Credit Card,14
TXN_2026084399,2026-08-14,S01,P04,3.0,171.0,5.0,1,CUST_0241,Credit Card,18
TXN_2026084400,2026-08-28,S02,P05,1.0,40.0,0.0,0,CUST_0253,Debit Card,14
TXN_2026084401,2026-08-21,S03,P05,3.0,40.0,0.0,0,CUST_0220,UPI,22
TXN_2026084402,2026-08-29,S02,P02,2.0,233.75,15.0,1,CUST_0397,UPI,11
TXN_2026084403,2026-08-20,S02,P01,2.0,56.1,15.0,1,CUST_0336,Credit Card,8
TXN_2026084404,2026-08-04,S01,P01,1.0,52.8,20.0,1,CUST_0029,Debit Card,11
TXN_2026084405,2026-08-10,S01,P05,2.0,40.0,0.0,0,CUST_0494,Credit Card,20
TXN_2026084406,2026-08-07,S01,P08,2.0,494.0,5.0,1,CUST_0502,UPI,11
TXN_2026084407,2026-08-29,S01,P03,2.0,45.0,0.0,0,CUST_0154,Cash,15
TXN_2026084408,2026-08-24,S01,P01,1.0,59.4,10.0,1,,UPI,14
TXN_2026084409,2026-08-22,S02,P06,,323.0,5.0,1,CUST_0102,Debit Card,18
TXN_2026084410,2026-08-10,S02,P07,4.0,125.0,0.0,0,CUST_0177,Cash,9
TXN_2026084411,2026-08-06,S04,P08,3.0,494.0,5.0,1,CUST_0232,UPI,18
TXN_2026084412,2026-08-24,S01,P05,1.0,40.0,0.0,0,CUST_0012,Cash,13
TXN_2026084413,2026-08-15,S02,P08,1.0,520.0,0.0,0,CUST_0186,Debit Card,20
TXN_2026084414,2026-08-08,S04,P01,1.0,66.0,0.0,0,CUST_0266,Cash,20
TXN_2026084415,2026-08-20,S02,P01,2.0,59.4,10.0,1,CUST_0135,UPI,14
TXN_2026084416,2026-08-02,S01,P01,3.0,66.0,0.0,0,CUST_0031,Cash,22
TXN_2026084417,2026-08-11,S01,P05,1.0,40.0,0.0,0,CUST_0456,UPI,9
TXN_2026084418,2026-08-15,S01,P01,4.0,66.0,0.0,0,CUST_0259,Debit Card,19
TXN_2026084419,2026-08-05,S01,P03,2.0,42.75,5.0,1,CUST_0104,UPI,15
TXN_2026084420,2026-08-31,S03,P03,1.0,45.0,0.0,0,CUST_0431,UPI,15
TXN_2026084421,2026-08-07,S01,P03,1.0,40.5,10.0,1,CUST_0382,UPI,11
TXN_2026084422,2026-08-04,S01,P08,1.0,442.0,15.0,1,CUST_0469,UPI,16
TXN_2026084423,2026-08-07,S03,P01,2.0,66.0,0.0,0,CUST_0513,UPI,10
TXN_2026084424,2026-08-25,S03,P03,1.0,40.5,10.0,1,CUST_0207,UPI,17
TXN_2026084425,2026-08-14,S02,P06,2.0,340.0,0.0,0,CUST_0647,UPI,12
TXN_2026084426,2026-08-18,S03,P01,2.0,66.0,0.0,0,CUST_0447,UPI,18
TXN_2026084427,2026-08-01,S01,P05,1.0,40.0,0.0,0,CUST_0089,UPI,17
TXN_2026084428,2026-08-01,S01,P07,1.0,125.0,0.0,0,CUST_0195,Credit Card,19
TXN_2026084429,2026-08-15,S01,P09,2.0,140.0,20.0,1,CUST_0414,Cash,19
TXN_2026084430,2026-08-26,S02,P08,1.0,442.0,15.0,1,CUST_0122,Credit Card,11
TXN_2026084431,2026-08-28,S04,P03,4.0,38.25,15.0,1,CUST_0462,UPI,8
TXN_2026084432,2026-08-03,S01,P04,1.0,144.0,20.0,1,CUST_0116,Credit Card,13
TXN_2026084433,2026-08-17,S02,P01,1.0,66.0,0.0,0,CUST_0196,Debit Card,20
TXN_2026084434,2026-08-29,S01,P02,2.0,275.0,0.0,0,CUST_0036,UPI,17
TXN_2026084435,2026-08-13,S02,P01,2.0,66.0,0.0,0,CUST_0067,UPI,18
TXN_2026084436,2026-08-27,S01,P03,1.0,42.75,5.0,1,CUST_0645,Credit Card,20
TXN_2026084437,2026-08-05,S01,P08,1.0,520.0,0.0,0,CUST_0281,Cash,20
TXN_2026084438,2026-08-30,S04,P03,2.0,38.25,15.0,1,CUST_0479,Credit Card,16
TXN_2026084439,2026-08-24,S02,P04,1.0,162.0,10.0,1,CUST_0011,Debit Card,17
TXN_2026084440,2026-08-30,S02,P03,1.0,42.75,5.0,1,CUST_0322,UPI,20
TXN_2026084441,2026-08-22,S01,P03,2.0,45.0,0.0,0,CUST_0240,Debit Card,19
TXN_2026084442,2026-08-12,S01,P10,2.0,60.0,0.0,0,CUST_0060,UPI,18
TXN_2026084443,2026-08-30,S01,P02,3.0,275.0,0.0,0,CUST_0650,UPI,17
TXN_2026084444,2026-08-09,S04,P05,1.0,30.0,25.0,1,CUST_0562,Credit Card,17
TXN_2026084445,2026-08-11,S04,P03,1.0,45.0,0.0,0,CUST_0165,Cash,13
TXN_2026084446,2026-08-22,S02,P01,1.0,62.7,5.0,1,CUST_0189,UPI,20
TXN_2026084447,2026-08-24,S01,P03,2.0,33.75,25.0,1,CUST_0487,UPI,17
TXN_2026084448,2026-08-29,S04,P07,2.0,125.0,0.0,0,CUST_0092,Debit Card,12
TXN_2026084449,2026-08-07,S02,P01,1.0,66.0,0.0,0,CUST_0289,Credit Card,12
TXN_2026084450,2026-08-26,S02,P01,1.0,66.0,0.0,0,CUST_0509,UPI,20
TXN_2026084451,2026-08-23,S01,P01,2.0,62.7,5.0,1,CUST_0075,UPI,17
TXN_2026084452,2026-08-02,S03,P06,1.0,272.0,20.0,1,CUST_0557,UPI,14
TXN_2026084453,2026-08-13,S02,P05,1.0,40.0,0.0,0,CUST_0428,Credit Card,11
TXN_2026084454,2026-08-09,S04,P04,1.0,180.0,0.0,0,CUST_0385,Debit Card,17
TXN_2026084455,2026-08-10,S03,P03,3.0,-45.0,0.0,0,CUST_0053,UPI,11
TXN_2026084456,2026-08-31,S01,P08,5.0,494.0,5.0,1,CUST_0175,Cash,15
TXN_2026084457,2026-08-21,S03,P06,1.0,340.0,0.0,0,CUST_0579,UPI,18
TXN_2026084458,2026-08-23,S04,P07,1.0,112.5,10.0,1,CUST_0474,UPI,17
TXN_2026084459,2026-08-31,S01,P07,1.0,125.0,0.0,0,CUST_0361,Credit Card,20
TXN_2026084460,2026-08-13,S01,P05,1.0,36.0,10.0,1,CUST_0270,Credit Card,8
TXN_2026084461,2026-08-26,S01,P03,,45.0,0.0,0,CUST_0407,UPI,12
TXN_2026084462,2026-08-15,S02,P08,1.0,520.0,0.0,0,CUST_0124,Debit Card,9
TXN_2026084463,2026-08-28,S01,P09,2.0,148.75,15.0,1,CUST_0376,Debit Card,11
TXN_2026084464,2026-08-06,S02,P01,1.0,66.0,0.0,0,CUST_0392,UPI,10
TXN_2026084465,2026-08-30,S01,P01,3.0,66.0,0.0,0,CUST_0182,UPI,19
TXN_2026084466,2026-08-08,S04,P10,2.0,57.0,5.0,1,CUST_0036,UPI,13
TXN_2026084467,2026-08-11,S01,P02,1.0,261.25,5.0,1,CUST_0212,Debit Card,20
TXN_2026084468,2026-08-24,S01,P08,1.0,520.0,0.0,0,CUST_0134,UPI,8
TXN_2026084469,2026-08-13,S02,P03,3.0,45.0,0.0,0,CUST_0491,Debit Card,18
TXN_2026084470,2026-08-20,S02,P01,2.0,66.0,0.0,0,CUST_0438,Credit Card,22
TXN_2026084471,2026-08-15,S01,P01,1.0,0.0,0.0,0,CUST_0046,Debit Card,11
TXN_2026084472,2026-08-24,S01,P01,1.0,-45.0,0.0,0,CUST_0401,Credit Card,15
TXN_2026084473,2026-08-08,S01,P02,3.0,233.75,15.0,1,CUST_0488,UPI,18
TXN_2026084474,2026-08-02,S03,P03,1.0,40.5,10.0,1,CUST_0432,Cash,18
TXN_2026084475,2026-08-10,S03,P05,1.0,40.0,0.0,0,CUST_0428,Debit Card,17
TXN_2026084476,2026-08-15,S02,P10,3.0,60.0,0.0,0,CUST_0572,Credit Card,13
TXN_2026084477,2026-08-06,S03,P03,2.0,45.0,0.0,0,CUST_0517,Credit Card,18
TXN_2026084478,2026-08-12,S03,P04,2.0,180.0,0.0,0,CUST_0462,Credit Card,18
TXN_2026084479,2026-08-13,S01,P04,1.0,162.0,10.0,1,CUST_0181,UPI,11
TXN_2026084480,2026-08-02,S04,P04,1.0,180.0,0.0,0,CUST_0145,UPI,21
TXN_2026084481,2026-08-19,S04,P04,2.0,180.0,0.0,0,CUST_0265,UPI,17
TXN_2026084482,2026-08-28,S01,P01,2.0,66.0,0.0,0,CUST_0406,Digital Wallet,16
TXN_2026084483,2026-08-05,S01,P01,1.0,66.0,0.0,0,CUST_0484,Credit Card,20
TXN_2026084484,2026-08-19,S01,P01,4.0,66.0,0.0,0,CUST_0482,UPI,18
TXN_2026084485,2026-08-22,S01,P01,1.0,62.7,5.0,1,CUST_0237,Credit Card,9
TXN_2026084486,2026-08-14,S03,P05,1.0,40.0,0.0,0,CUST_0525,UPI,16
TXN_2026084487,2026-08-23,S02,P01,1.0,66.0,0.0,0,CUST_0339,UPI,19
TXN_2026084488,2026-08-14,S03,P09,2.0,175.0,0.0,0,CUST_0268,Credit Card,18
TXN_2026084489,2026-08-16,S03,P09,2.0,157.5,10.0,1,CUST_0266,Credit Card,22
TXN_2026084490,2026-08-01,S02,P10,2.0,60.0,0.0,0,CUST_0528,Digital Wallet,8
TXN_2026084491,2026-08-22,S03,P09,1.0,175.0,0.0,0,CUST_0092,Digital Wallet,12
TXN_2026084492,2026-08-21,S01,P02,3.0,275.0,0.0,0,CUST_0248,UPI,17
TXN_2026084493,2026-08-01,S01,P04,1.0,180.0,0.0,0,CUST_0019,Credit Card,17
TXN_2026084494,2026-08-12,S02,P01,1.0,66.0,0.0,0,CUST_0390,Debit Card,12
TXN_2026084495,2026-08-31,S01,P07,2.0,125.0,0.0,0,CUST_0388,,19
TXN_2026084496,2026-08-14,S01,P08,1.0,520.0,0.0,0,CUST_0615,Debit Card,11
TXN_2026084497,2026-08-16,S04,P08,1.0,520.0,0.0,0,CUST_0095,Cash,8
TXN_2026084498,2026-08-29,S03,P03,1.0,45.0,0.0,0,CUST_0430,Credit Card,21
TXN_2026084499,2026-08-23,S01,P06,1.0,306.0,10.0,1,CUST_0037,UPI,14
TXN_2026084500,2026-08-19,S03,P01,1.0,62.7,5.0,1,CUST_0393,Cash,21
